ngo_id,darpan_id,ngo_name,ngo_type,registration_no,district,state,sub_district,address,pincode,sectors,main_category,latitude,longitude,last_updated,migrated,record_id
702c0b80220d405f27359136824b84f2,AP/2024/0462668,'ANDHRAPRADESH STATE KHADI INSTITUTIONS FEDERATION,Society,240 OF 2024,ANANTHAPURAMU,Andhra Pradesh,YADIKI,15-581/Nagulakatta Veedi/Y ADIKI/YADIKI/Anantapur/AndraPradesh/India/515408,515408,Labour & Employment,other,,,2024-11-05T11:14:33,TRUE,
d07007907103406d03445c07d0cb27e9,AP/2017/0177484,(ANKITA) Association for Needy and Kindle the Illiterate through Action,Society,16/1994,KRISHNA,Andhra Pradesh,Machilipatnam,H NO 5-127/6 SHANTI NAGAR HYDERSHAKOTA RAJENDRA NAGAR MANDAL HYDERABAD 500091,521001,"Agriculture, Education & Literacy, Environment & Forests, HIV/AIDS, Rural Development & Poverty Alleviation, Tribal Affairs, Water Resources, Women's Development & Empowerment",environment,,,2020-12-31T06:58:04,TRUE,
b0ef0160550140323b42b00e521a59c5,AP/2025/0519033,20 RUPEES HELP FOUNDATIONS,Society,1043 of 2019,VISAKHAPATNAM,Andhra Pradesh,Anakapalle,20-1-6A/2 GAVARAPALEM ANAKAPALLI,531031,,other,,,2025-02-09T21:16:07,TRUE,
50cf04d0900e40fe3962fe96e2472ce4,AP/2025/0530625,2000 SCHOOL FRIENDS SEVA SAMITHI,Trust,Jan-25,GUNTUR,Andhra Pradesh,Sattenapalli,"Madala Village, Muppalla Mandalam, Palnadu District, Andhra Pradesh",522403,,other,,,2025-02-27T19:26:43,TRUE,
c01304d0b60d40f027957b64088e84f3,AP/2024/0439765,2003 CIVIL POLICE WELFARE ASSOCIATION,Society,404,ANANTHAPURAMU,Andhra Pradesh,ANANTAPUR,"D NO 12-2-500,ASHOK NAGAR,ANANTAPUR",515001,,other,,,2024-08-08T11:24:41,TRUE,
90890b70bc02401e2246e248f5f421b6,AP/2024/0480761,21ST CENTURY EDUCATIONAL SOCIETY,Society,234 of 2017,EAST GODAVARI,Andhra Pradesh,Rajahmundry,6-102/1 OPP Z P HIGH SCHOOL SITANAGARAM ROAD TORREDU RAJAHMUNDRY EAST GODAVARI,533293,Education & Literacy,social_welfare,,,2024-12-23T13:32:01,TRUE,
d03105f0640f40b61bd3727ef20c1536,AP/2020/0263186,22ND BATCH OF JNVP,Society,May-19,WEST GODAVARI,Andhra Pradesh,TADEPALLIGUDEM,"4-431, RAMANNAGUDEM ROAD, PEDATADEPALLI, TADEPALLIGUDEM, WEST GODAVARI DISTRICT, ANDHRA PRADESH, 534101",534101,,other,,,2020-10-09T17:33:58,TRUE,
700009d0730540251926fb6091026d88,AP/2023/0351491,24 SPOKES ORGANISATION,Society,35 of 2020,GUNTUR,Andhra Pradesh,Narasaraopet,"3-11-1
Yallamanda,Narasaraopet,
Palnadu,
Andhra Pradesh-522601",522601,"Agriculture, Art & Culture, Children, Dalit Upliftment, Disaster Management, Education & Literacy, Food Processing, Health & Family Welfare, Information & Communication Technology, Labour & Employment, Micro Finance (SHGs), Micro Small & Medium Enterprises, Nutrition, Rural Development & Poverty Alleviation, Science & Technology, Skill Development, Sports, Tribal Affairs, Urban Development & Poverty Alleviation, Vocational Training, Women's Development & Empowerment, Youth Affairs",health,,,2023-07-20T17:09:58,TRUE,
80e30c102a0d408350f9287113a43793,AP/2025/0597333,24 teerthankar teerth dham Trust,Society,107 of 1987,SRI POTTI SRIRAMULU NELLORE,Andhra Pradesh,Nellore Rural,"Nh-5,kakutur, Venkatachalasatram",524320,"Children, Education & Literacy",social_welfare,14.358693,79.929329,2025-04-17T16:12:42,FALSE,
f0c402f05700409d0fd32891800a21d0,AP/2016/0105803,3 MEN ACADEMICS,Society,101/1991,PRAKASAM,Andhra Pradesh,NUTHALAPADU,"NUTHALAPADU POST
PARCHUR MANDAL
PRAKASAM DISTRICT
PIN:523169",523169,"Aged/Elderly, Nutrition",elderly_care,,,,TRUE,
b06f0350330940b228671644c4fb74e8,AP/2024/0454575,A S R CHARITABLE TRUST,Trust,Nov-24,CHITTOOR,Andhra Pradesh,SRIKALAHASTI,"DOOR NO:1-213,NARAYANA PURAM, URANDUR (POST) ,SRIKALAHASTI (M),TIRUPATI,AP.",517640,Education & Literacy,social_welfare,,,2024-10-01T16:23:15,TRUE,
30fa06c05f05419e04e7335e80806d49,AP/2026/1075069,A S R RAJU CULTURAL ASSOCIATION KAKINADA,Society,110 of 2017,KAKINADA,Andhra Pradesh,Kakinada (Rural),"3-76/2 ,VAKALAPUDI, KAKINADA RURAL",533005,"Education & Literacy, Skill Development",social_welfare,,,2026-05-05T17:20:02,FALSE,
d0ab03d0ca0c40bc27f4b590843d8ff7,AP/2024/0437617,A S RAJA TRUST,Trust,Nov-99,VISAKHAPATNAM,Andhra Pradesh,Visakhapatnam,"10-50-11/5,Waltair Mn Road
Beside Care Hospitals
Ramnagar
Visakhapatnam- 530002",530002,,other,,,2024-08-05T16:03:19,TRUE,
d07e0630380b403004778386d7cf3d56,AP/2018/0211898,A SOUTH INDIA RURAL WOMENS ASSOCIATION FOR DEVELOPMENT,Society,10 OF 1996,PRAKASAM,Andhra Pradesh,KANDUKUR,BRUNDAVANAM KANDUKUR,523105,Women's Development & Empowerment,social_welfare,,,2018-10-26T17:56:38,TRUE,
d0b90c40200c40587518925597db3049,AP/2025/0785739,A V S ANAND FOUNDATION,Society,377/2018,CHITTOOR,Andhra Pradesh,Chittoor Rural,"10-51, DIGUVATHOTTIVARIPALLI, CHERLOPALLI",517305,Education & Literacy,social_welfare,,,2025-08-22T12:49:20,FALSE,
508c0ae0f50140ae93b83967e05c5ba1,AP/2026/0986051,A V SUBBAMMA MEMORIAL SOCIETY,Society,247 OF 2010,KURNOOL,Andhra Pradesh,Kurnool Urban,H No.51-963-4-A SBI COLONY KURNOOL,518001,Education & Literacy,social_welfare,,,2026-02-06T16:38:02,FALSE,
e0ae0f00a10340560e274925187b7093,AP/2019/0223576,A VENKATESWARLU EDUCATIONAL TRUST,Trust,16/2009,Y.S.R.,Andhra Pradesh,KADAPA,"7/213-7,NGO COLONY,KADAPA",516002,Education & Literacy,social_welfare,,,2019-01-11T11:05:15,TRUE,
80e10880200640e72b70d74621ea02b4,AP/2024/0382539,A1 CHARITABLE TRUST,Trust,220,GUNTUR,Andhra Pradesh,GUNTUR,"DOOR NO. 85-4-275, KODANDARAMA NAGAR, 3rd LINE CHUTTUGUNTA GUNTUR
522004",522004,"Aged/Elderly, Agriculture, Animal Husbandry,  Dairying & Fisheries, Animal Welfare, Art & Culture, Biotechnology, Children, Civic Issues, Dalit Upliftment, Differently Abled, Disaster Management, Drinking Water, Education & Literacy, Environment & Forests, Food Processing, Health & Family Welfare, HIV/AIDS, Housing, Human Rights, Information & Communication Technology, Labour & Employment, Land Resources, Legal Awareness & Aid, Micro Finance (SHGs), Micro Small & Medium Enterprises, Minority Issues, New & Renewable Energy, Nutrition, Panchayati Raj, Prisoner's Issues, Right to Information & Advocacy, Rural Development & Poverty Alleviation, Science & Technology, Scientific & Industrial Research, Skill Development, Sports, Tourism, Tribal Affairs, Urban Development & Poverty Alleviation, Vocational Training, Water Resources, Women's Development & Empowerment, Youth Affairs",health,,,2024-01-16T13:07:39,TRUE,
a0b40c10c802409e95f95220982c3fb1,AP/2026/0992831,A1 EDUCATIONAL SOCIETY,Society,321 of 2025,TIRUPATI,Andhra Pradesh,Srikalahasti,9/883 REVENUE WARD NO 9 GOPALVANAM SRIKALAHASTI,517644,"Children, Differently Abled, Disaster Management, Drinking Water, Education & Literacy, Environment & Forests, Food Processing, Health & Family Welfare, Human Rights, Information & Communication Technology",health,,,2026-02-12T12:32:01,FALSE,
60e40480a60f40061e15d709f90d5bf7,AP/2023/0346504,AAA CHARITABLE TRUST,Trust,23/2023,CHITTOOR,Andhra Pradesh,Chittoor,"AAA CHARITABLE TRUST
c/o Dinesh Madipuri
4-19-B, Yadamalavari Palli (V)
Kattakrindha Palle (P)
Thavanam Palle (M)
Aragonda, Chittoor- A.P 517129 India.91-9866345197",517129,"Aged/Elderly, Agriculture, Children, Civic Issues, Dalit Upliftment, Differently Abled, Drinking Water, Education & Literacy, Environment & Forests, Health & Family Welfare, Housing, Human Rights, Labour & Employment, Micro Small & Medium Enterprises, Nutrition, Panchayati Raj, Rural Development & Poverty Alleviation, Skill Development, Sports, Vocational Training, Water Resources, Women's Development & Empowerment, Youth Affairs",health,,,2023-05-24T16:25:24,TRUE,
60000e701f07408d26c1d37fe3fe0f72,AP/2023/0378342,AADITYA ABHYAS ACADEMY,Society,156 OF 2020,EAST GODAVARI,Andhra Pradesh,EAST GODAVARI,"LADIES HOSTEL ROAD, VENKAT NAGAR, KAKINADA, EAST GODAVRI, ANDHRA PRADESH",533001,,other,,,2024-04-15T16:56:24,TRUE,
80f90a70760f40ba16257676a6417181,AP/2022/0317661,AADIVASI JEEVANA MITRA SWACHANDA SEVA SANGHAM,Society,604 of 2021,VISAKHAPATNAM,Andhra Pradesh,VISAKHAPATNAM,"FLAT NO. 103, SAI SRAVANTHI TOWERS, KRM COLONY, MADDILAPALEM, VISAKHAPATNAM530013, ANDHRA PRADESHPEDABAYALU VILLAGE,PEDABAYALU MANDAL, ALLURI SEETHARAMARAJU DIST, ANDHRA PRADESH 531040",530013,"Labour & Employment, Panchayati Raj, Skill Development, Tourism, Tribal Affairs, Women's Development & Empowerment",social_welfare,,,2022-06-25T18:06:55,TRUE,
107c07a0940f40ab82977c29721e8ea9,AP/2025/0872289,AADIVASI SWACHANDA SEVA SAMASTHA,Society,38 of 2024,ALLURI SITHARAMA RAJU,Andhra Pradesh,Chinthapalli,"Antharla Veedhi, Chintapalli Post",531111,"Aged/Elderly, Differently Abled, Education & Literacy, Health & Family Welfare, Skill Development, Tribal Affairs, Youth Affairs",health,,,2025-11-05T13:07:01,FALSE,
f06701c08c0640b069935129c37d68a3,AP/2025/0632363,AADYA EDUCATIONAL AND RURAL DEVELOPMENT SOCIETY,Society,246of2020,KURNOOL,Andhra Pradesh,Kurnool Rural,"Plot No 54, A Block, MSS BALAJI Villas Phase II, Pasupala Village, Kurnool",518220,Education & Literacy,social_welfare,,,2025-05-11T12:11:21,FALSE,
409a07500b0a40012b60fb0459a78fd9,AP/2024/0381724,AADYA EDUCATIONAL SOCIETY,Society,234 of 2018,SRI POTTI SRIRAMULU NELLORE,Andhra Pradesh,Nellore,"4-174/2, INAMADUGU,KOUR,NELLORE, ANDHRA PRADESH,INDIA",524137,Education & Literacy,social_welfare,,,2024-01-10T04:59:32,TRUE,
f06909803e0e406c02f7f124b3c71577,AP/2019/0223299,AADYAA SOCIETY FOR EDUCATION AND TRAINING,Society,349/2018,KRISHNA,Andhra Pradesh,VIJAYAWADA,"11-10, TF-5, YADAVAULA BAZAR,
PRASADAMPADU
VIJAYAWADA
521108",521108,"Animal Husbandry,  Dairying & Fisheries, Children, Differently Abled, Education & Literacy, Health & Family Welfare, Information & Communication Technology, Micro Small & Medium Enterprises, Minority Issues, Rural Development & Poverty Alleviation, Vocational Training, Women's Development & Empowerment, Youth Affairs",health,,,2019-01-24T17:23:11,TRUE,
d0a408700500407a24d5a04878ff6740,AP/2024/0463139,AAGAMAASHRAMAM,Trust,286 OF BOOK OF 84,EAST GODAVARI,Andhra Pradesh,RAJAMAHENDRAVARAM,"NH5, DIWANCHERUCU, RAJAMAHENDRAVARAM, EAST GODAVARI- 533296.",533296,"Aged/Elderly, Art & Culture",elderly_care,,,2024-11-06T11:34:23,TRUE,
50b10bf0810d400c12d5f45936ef2b83,AP/2022/0317070,AAIRA FOUNDATION,Society,123 OF 2022,SRIKAKULAM,Andhra Pradesh,SRIKAKULAM,"D.NO.16-17-41 FHAZUL BAGPETA,PURUSOTHAM NAGAR SRIKAKULAM",532001,"Art & Culture, Children, Differently Abled, Education & Literacy, Health & Family Welfare, Legal Awareness & Aid, Minority Issues, Nutrition, Skill Development, Women's Development & Empowerment",health,,,2022-08-18T15:30:33,TRUE,
30df0f90a80440310801460962651e90,AP/2016/0112349,AAKANKKSHA ORGANISATION FOR RURAL DEVELOPMENT,Society,337,CHITTOOR,Andhra Pradesh,TIRUPATI,"3-185 D MALLAVARAM VILLAGE
KUMMARAPALLI POST
RENIGUNTA MANDAL
CHITTOOR DISTRICT
ANDHRA PRADESH
517520",517520,"Aged/Elderly, Agriculture, Animal Husbandry,  Dairying & Fisheries, Art & Culture, Biotechnology, Children, Civic Issues, Dalit Upliftment, Differently Abled, Disaster Management, Drinking Water, Education & Literacy, Environment & Forests, Food Processing, Health & Family Welfare, HIV/AIDS, Housing, Human Rights, Information & Communication Technology, Labour & Employment, Land Resources, Legal Awareness & Aid, Micro Finance (SHGs), Micro Small & Medium Enterprises, Minority Issues",health,,,2020-12-23T09:08:30,TRUE,
109604e0040940001a92863850ba3bf2,AP/2021/0289501,AAKANKSHA VISION FOR A BETTER SOCIETY,Society,60 of 2015,Y.S.R.,Andhra Pradesh,Proddutur,"26/389, Bangaraiah Kottala, Vasanthapeta, Proddutur, YSR Kadapa District, Andhra Pradesh516360",516360,"Agriculture, Animal Husbandry,  Dairying & Fisheries, Children, Drinking Water, Education & Literacy, Environment & Forests, Health & Family Welfare, Nutrition, Science & Technology, Sports, Water Resources, Youth Affairs",health,,,2021-07-27T15:36:06,TRUE,
e06b0400990440461230d72101af35d7,AP/2020/0268986,Aadhar Foundation,Society,462/2018,CHITTOOR,Andhra Pradesh,TIRUPATI,"4-4-900, NEHRU NAGAR, TIRUPATI, CHITTOOR DISTRICT, ANDHRA PRADESH-517501.",517501,"Agriculture, Animal Husbandry,  Dairying & Fisheries, Art & Culture, Children, Civic Issues, Dalit Upliftment, Differently Abled, Education & Literacy, Environment & Forests, Health & Family Welfare, Housing, Human Rights, Information & Communication Technology, Labour & Employment, Legal Awareness & Aid, Minority Issues, Nutrition, Right to Information & Advocacy, Rural Development & Poverty Alleviation, Science & Technology, Vocational Training, Women's Development & Empowerment",health,,,2020-12-28T14:09:15,TRUE,
30e603c05c0a407b10d04553280b87e0,AP/2020/0253523,AADHARANA FOUNDATION,Trust,1796,WEST GODAVARI,Andhra Pradesh,Narsapur,"D NO 1-133 GADI VARI THOTA, RUSTUMBADA , NARSAPUR-534275",534275,"Aged/Elderly, Agriculture, Animal Husbandry,  Dairying & Fisheries, Art & Culture, Biotechnology, Children, Civic Issues, Dalit Upliftment, Differently Abled, Disaster Management, Drinking Water, Education & Literacy, Environment & Forests, Food Processing, Health & Family Welfare, HIV/AIDS, Housing, Human Rights, Information & Communication Technology, Labour & Employment, Minority Issues, Panchayati Raj, Rural Development & Poverty Alleviation, Science & Technology, Tribal Affairs, Urban Development & Poverty Alleviation, Vocational Training, Water Resources, Women's Development & Empowerment, Youth Affairs",health,,,2020-03-09T13:52:29,TRUE,
e04f0390700140fb25084e28f35b14c1,AP/2024/0470774,AADHARANA HASTHAM,Trust,Oct-18,KRISHNA,Andhra Pradesh,kaikaluru,kalidindi kalidindi post mandal krishna 521344,521344,,other,,,2024-12-04T12:57:34,TRUE,
50e00c800909409b2321706603c85e61,AP/2024/0419003,AADHARANA KARTHA SHARON CHARITABLE FOUNDATION,Trust,45-2021,GUNTUR,Andhra Pradesh,GUNTUR,"26-39-129/235, BHAVANI PURAM , Guntur Collectorate S.O, Guntur, GUNTUR, 522004, Andhra Pradesh, INDIA
",522004,"Aged/Elderly, Children, Civic Issues, Disaster Management, Drinking Water, Education & Literacy, Environment & Forests, Food Processing",environment,,,2024-06-22T14:38:21,TRUE,
c01f0970310740f918867085d2d85038,AP/2023/0336278,AADHARANA SANGAM,Society,308/2022,CHITTOOR,Andhra Pradesh,TIRUPATI,"D.No: 6-1-64/A31, Varada Raja Nagar, Tirupati Urban,TirupatiDistrict, Andhra Pradesh , INDIA-517501",517501,"Aged/Elderly, Skill Development",elderly_care,,,2023-02-23T18:13:05,TRUE,
403201e0860a40b49a161464c81b5cb7,AP/2026/0966857,AADHYA GRANDE OWNERS WELFARE ASSOCIATION KANURU,Society,331 of 2025,KRISHNA,Andhra Pradesh,Penamaluru,"D No 18-723/3, Flat No 1210, KALPANA NAGAR, NAVATHA ROAD, OPPOSITE TO SCOTSPINE INTERNATIONAL SCHOOL, KANURU, KRISHNA DIST, ANDHRA PRADESH - 520007.",520007,Housing,other,,,2026-01-23T10:18:21,FALSE,
207000c06806402d20a1c34ea7db9930,AP/2023/0377726,AADHYA HEALTH AND EDUCATIONAL SOCIETY,Society,535 of 2015,KURNOOL,Andhra Pradesh,KURNOOL,"H NO. 80/11-76-17-1,
SECOND FLOOR,
ADITYA NAGAR,
KRISHNA NAGAR,",518002,Health & Family Welfare,health,,,2023-12-24T18:48:52,TRUE,
d0fd08d0b80140af69d79973b66850e1,AP/2025/0677651,AADHYASRI EDUCATIONAL SOCIETY,Society,293/2019,NTR,Andhra Pradesh,Nandigama,"10-99, CHINNA KAKATIYA SCHOOL TO VIJAYA TALKI",521185,Education & Literacy,social_welfare,,,2025-06-16T09:32:07,FALSE,
802e0360540c40f33db1a950a8772482,AP/2025/0513658,AADITRI EXOTICA RESIDENTS WELFARE ASSOCIATION,Society,130OF2022,GUNTUR,Andhra Pradesh,GUNTUR,"SURVEY NO 102/1,102/2,KORETIPADU,VIDYA NAGAR,GUNTUR",522006,,other,,,2025-02-03T20:50:01,TRUE,
a0d50690ba0040c67ea71594933c6b29,AP/2025/0779369,AADITYA A1 EDUCATIONAL FOUNDATION,Section 8 Company,U85500AP2025NPL120512,VISAKHAPATNAM,Andhra Pradesh,Pedagantyada,"18-56-1/1, HB Colony, Revenue ward 52, H B Colony, Visakhapatnam, Visakhapatnam- 530044",530044,Education & Literacy,social_welfare,,,2025-08-18T16:27:32,FALSE,
90a80170570a40a226e9cc37c7cc0674,AP/2024/0474048,AAPADBHANDAVA SEVA SOCIETY,Society,108 of 2015,KURNOOL,Andhra Pradesh,NANDYAL,"25-698Srinivasa Nagar
Nandyal",518501,Education & Literacy,social_welfare,,,2024-12-20T19:25:28,TRUE,
90d708401a0c404128f5783554a021f6,AP/2024/0462750,AAPADBHANDHAVAN FOUNDATION,Section 8 Company,U8900AP2024NPL116508,EAST GODAVARI,Andhra Pradesh,EAST GODAVARI,"63/5 SITAMMA COLONY,
LANKALA GANNAVARAM,
P. GANNAVARAM MANDAL,
DR.B.R. AMBEDKAR KONASEEMA DISTRICT,
ANDHRA PRADESH, PIN CODE: 533240
",533240,,other,,,2024-11-05T16:26:12,TRUE,
b09604507608404a07f6048523ee4a61,AP/2018/0208786,AAPI TANA HOSPITAL,Trust,273/93,Y.S.R.,Andhra Pradesh,KADAPA,"ELLAYAPALLE VILLAGE AND POST
OBULAVARIPALLI MANDAL
",516108,Health & Family Welfare,health,,,2018-11-08T17:28:35,TRUE,
c0540690a005404877d2972154110e09,AP/2025/0722409,Aaptamitra charitable trust,Trust,41/2018,KAKINADA,Andhra Pradesh,Kajuluru,"D.N3-116, PEDDA VEEDHI, GOLLAPALEM,KAJULURU MANDAL",533468,"Education & Literacy, Food Processing",social_welfare,,,2025-07-12T12:34:04,FALSE,
90c60ac06e03404d2a96a699461f7ce6,AP/2024/0466861,AAPYAYATA WELFARE ASSOCIATION,Society,317 OF 2024,GUNTUR,Andhra Pradesh,MUTLURU,"DOOR NO.11, MUTLURU VILLAGE, VATTICHERUKURU MANDAL, GUNTUR DISTRICT,PIN522212",522212,"Agriculture, Animal Husbandry,  Dairying & Fisheries, Animal Welfare, Children, Education & Literacy, Environment & Forests, Food Processing, Health & Family Welfare",health,,,2024-11-18T16:43:18,TRUE,
601107105a00401173a2531b89de3b45,AP/2025/0721935,AARADHANA TRUST,Trust,85/2022,NTR,Andhra Pradesh,Vissannapeta,"TATAKUNTLA POST, VISSANNAPETA MANDAL, NTR DISTRICT ANDHRA PRADESH PIN NO 521215",521215,"Aged/Elderly, Agriculture, Children, Differently Abled, Drinking Water, Education & Literacy, Environment & Forests, Food Processing, Health & Family Welfare, Human Rights",health,,,2025-07-11T18:34:32,FALSE,
40430540a90b411d07c0d382b51e2a17,AP/2026/1008527,AARADHANAARTSACADEMYPUBLICCHARITABLETRUST,Trust,16/BK-IV/2016,GUNTUR,Andhra Pradesh,Guntur West,"D.No.4-14-48, Flat No.204,
KVR Enclave, 3rd Lane,
Anjaneyapet, Koritipadu,
Guntur-522007",522004,"Art & Culture, Youth Affairs",other,,,2026-03-07T20:41:58,FALSE,
807401b0f107407c19a8ec4788207728,AP/2023/0357926,AARADHYA ACADEMY OF MUSIC AND DANCE KUCHIPUDI,Society,215/2021,KRISHNA,Andhra Pradesh,MOVVA,3-179 kuchipudi panchayithi movva Andhra pradesh 521136,521136,,other,,,2023-09-19T16:47:17,TRUE,
d09905f0b208409711c65817c5603ff0,AP/2022/0334178,AARADHYA CHARITABLE TRUST,Trust,4 OF 2022,KRISHNA,Andhra Pradesh,Mylavaram,"2-18, Praja Vaidyasala Road
Rajapeta
Mylavaram
521230
",521230,"Aged/Elderly, Children, Civic Issues, Differently Abled, Disaster Management, Drinking Water, Education & Literacy, Environment & Forests, Health & Family Welfare, HIV/AIDS, Human Rights, Labour & Employment, Legal Awareness & Aid, New & Renewable Energy, Nutrition, Panchayati Raj, Rural Development & Poverty Alleviation, Vocational Training, Water Resources, Women's Development & Empowerment, Youth Affairs",health,,,2023-01-10T17:44:44,TRUE,
40a10f30020a401a20b77189d3a96454,AP/2024/0455609,AARADHYA ENCLAVE WELFARE SOCIETY,Society,No: 259 of 2024,VISAKHAPATNAM,Andhra Pradesh,Visakhpatnam,"18-118/4/GF-1, MADHURAWADA, MADHURAVADA(U), VISAKHAPATNAM",530048,,other,,,2024-10-07T10:34:44,TRUE,
609f0020f00a40472250537e297826f7,AP/2024/0416627,A P J ABDUL KALAM FOUNDATION,Society,34 OF 2024,PRAKASAM,Andhra Pradesh,ONGOLE,"D.No. 4-181(3), Satyanarayanapuram, Revenue Ward No. 31, Ongole",523001,"Aged/Elderly, Agriculture, Animal Husbandry,  Dairying & Fisheries, Animal Welfare, Art & Culture, Children, Differently Abled, Disaster Management, Drinking Water, Education & Literacy, Environment & Forests, Rural Development & Poverty Alleviation, Skill Development, Urban Development & Poverty Alleviation, Vocational Training, Water Resources",environment,,,2024-05-18T07:41:36,TRUE,
20a006e04f09401968624225001d41c9,AP/2025/0622049,A P PRIVATE HOSPITALS & NURSING HOMES ASSOCIATION,Society,374 OF 2024,NTR,Andhra Pradesh,Vijayawada Central,"DOOR NO 27-1-11, REV WARD NO 21A, VIJAYAWADA",520001,"Health & Family Welfare, Science & Technology",health,16.501594,80.647277,2025-05-09T16:19:28,FALSE,
70020a307a0b41ab0e834b8bf6838a65,AP/2026/1038685,A p s educational society,Society,187 of 2025,KURNOOL,Andhra Pradesh,Kosigi,"2-179B
B.c colony 
Duddi 
Kosigi 
Kurnool 
Andhra Pradesh 
518313",518313,"Art & Culture, Education & Literacy, Science & Technology, Skill Development, Sports",social_welfare,,,2026-03-23T18:16:34,FALSE,
20360d109c0840f83e51b11ac6791a70,AP/2025/0508612,A P TAX PRACTITIONERS AND CONSULTANTS ASSOCIATION,Society,121/2016,GUNTUR,Andhra Pradesh,GUNTUR,F.NO.202 M M HEIGHTS 3/3 VIKAS NAGAR GUNTUR,522006,Skill Development,other,,,2025-01-30T19:47:51,TRUE,
b0b90fb02d0b400c2226dc3b819f97c7,AP/2024/0451115,A P TRIBAL WELFARE RESIDENTIAL EDUCATIONAL INSTITUTIONALS SOCIETY,Trust,454 OF 2014,GUNTUR,Andhra Pradesh,TADEPALLI,"Moksha sai plaza, 3rd floor, Tadepalli, Guntur district, 522501",522501,Education & Literacy,social_welfare,,,2024-09-23T12:10:28,TRUE,
102608702e0540938a28d021c54284f3,AP/2025/0882583,A P YERUKULA DEVELOPMENT ASSOCIATION,Society,148 OF 2025,ANNAMAYYA,Andhra Pradesh,Rayachoti,"Door No 51/142-5-75-5, N G O Colony",516269,"Agriculture, Children, Education & Literacy, Environment & Forests, Human Rights",environment,,,2025-11-13T08:37:57,FALSE,
a09807702c0040aa3841b50ed52d2b77,AP/2025/0507337,A R FOUNDATION,Trust,23/IV/2022,GUNTUR,Andhra Pradesh,Guntur,"D No 82/5/430, Sampath Nagar, 5th line, Near Appadala Company, Guntur, Andhra Pradesh",522003,"Children, Rural Development & Poverty Alleviation, Skill Development, Women's Development & Empowerment",social_welfare,,,2025-01-28T19:36:31,TRUE,
303407007d0f40236554e72602a53c97,AP/2025/0642237,A S C EDUCATIONAL SOCIETY,Society,755/2010,VISAKHAPATNAM,Andhra Pradesh,Visakhapatnam (Rural),"2nd floor,satya surya complex,dwarakanagar,visakhapatnam.",530016,"Children, Education & Literacy",social_welfare,,,2025-05-20T11:25:25,FALSE,
505d05c0f00640c031021d1994129c00,AP/2025/0520377,A S CHRISTIAN EDUCATION SOCIETY,Society,752/2010,VISAKHAPATNAM,Andhra Pradesh,Visakhpatnam,"Satya Surya Complex, Dwarka Nagar, Visakhapatnam, Andhra Pradesh.",530016,,other,,,2025-02-12T07:39:28,TRUE,
20120ad0f00140370175749b386a89b8,AP/2018/0206073,A S N RAJU SOCIETY FOR SOCIAL WELFARE AND RURAL DEVELOPMENT,Society,245 OF 2018,WEST GODAVARI,Andhra Pradesh,BHIMAVARAM,"ASN RAJU SOCIETY FOR SOCIAL WELFARE AND RURAL DEVELOPMENT, D.NO: 2-1-50, FLAT NO: 502, SVR TOWERS, JUVVALAPALEM ROAD, BHIMAVARAM, WEST GODAVARI DISTRICT, ANDHRA PRADESH, INDIA",534202,"Aged/Elderly, Agriculture, Animal Husbandry,  Dairying & Fisheries, Biotechnology, Children, Dalit Upliftment, Differently Abled, Drinking Water, Education & Literacy, Environment & Forests, Food Processing, Health & Family Welfare, HIV/AIDS, Housing, Labour & Employment, Legal Awareness & Aid, Micro Finance (SHGs), Micro Small & Medium Enterprises, New & Renewable Energy, Nutrition, Rural Development & Poverty Alleviation, Science & Technology, Scientific & Industrial Research, Sports, Tourism, Urban Development & Poverty Alleviation, Vocational Training, Water Resources, Women's Development & Empowerment, Youth Affairs",health,,,2018-08-20T18:49:40,TRUE,
a0cd0760d50040b50ed1d717c65b6472,AP/2009/0022984,A G R A,Society,987/1995,ANANTHAPURAMU,Andhra Pradesh,ANANTAPUR,"13-2-264
RAMACHANDRA NAGAR
ANANTAPUR - 515 001
ANDHRA PRADESH",,"Aged/Elderly, Agriculture, Art & Culture, Biotechnology, Children, Drinking Water, Education & Literacy, Environment & Forests, Food Processing, Health & Family Welfare, HIV/AIDS, Human Rights, Legal Awareness & Aid, Micro Small & Medium Enterprises, Panchayati Raj, Rural Development & Poverty Alleviation, Science & Technology, Tribal Affairs, Women's Development & Empowerment",health,,,,TRUE,
500c0d30e70940ba5907578e661a3995,AP/2025/0578635,A G S REDDI EDUCATIONAL SOCIAL AND CULTURA ORGANISATION,Society,NO/OF/73/2020,ANANTHAPURAMU,Andhra Pradesh,Anantapur Rural,"D.NO.1-386, DWARAKA NAGAR ANANTAPUR DT A P 515004",515004,"Aged/Elderly, Agriculture, Animal Husbandry,  Dairying & Fisheries, Animal Welfare, Art & Culture, Biotechnology, Children, Civic Issues, Dalit Upliftment, Differently Abled, Disaster Management, Drinking Water, Education & Literacy, Environment & Forests, Food Processing, Health & Family Welfare, HIV/AIDS, Housing, Human Rights, Information & Communication Technology, Labour & Employment, Land Resources, Legal Awareness & Aid, Micro Finance (SHGs), Micro Small & Medium Enterprises, Minority Issues, New & Renewable Energy, Nutrition, Panchayati Raj, Prisoner's Issues, Right to Information & Advocacy, Rural Development & Poverty Alleviation, Science & Technology, Scientific & Industrial Research, Skill Development, Sports, Tourism, Tribal Affairs, Urban Development & Poverty Alleviation, Vocational Training, Water Resources, Women's Development & Empowerment, Youth Affairs",health,14.679897,77.599125,2025-03-26T16:51:37,FALSE,
007d0960e50540f164c81442d6713211,AP/2025/0684631,A J CHARITABLE TRUST,Trust,109of2025,VISAKHAPATNAM,Andhra Pradesh,Visakhapatnam (Rural),"Plot No - 2-179/16 ,
Flat No - 103, Block-B, 
V.R.R.K. Residency,
Old dairy farm,
 Indira Gandhi Nagar,
Opp Anand Margha Ashram, 
Vishakapatnam 530040",530040,Children,social_welfare,,,2025-06-18T12:47:37,FALSE,
309d04304f0540eb29f7d429b4eb9d00,AP/2024/0453882,A J EDUCATIONAL & CHARITABLE TRUST,Trust,CS NO 9/2016,KRISHNA,Andhra Pradesh,NUNNA,"door no 6-95 . jagga reddy street , nunna, Krishna district . Andhra pradesh",521212,,other,,,2024-09-28T10:11:35,TRUE,
b09b03e0a90540882d28b46b236781e8,AP/2025/0486752,A L EYE FOUNDATION,Trust,29/2024,EAST GODAVARI,Andhra Pradesh,Kakinada,"D.No. 2-217, P. Venkatapuram, Kakinada",533005,,other,,,2025-01-07T13:15:40,TRUE,
70300ae0ff04409c7a533575b2da75e3,AP/2025/0737273,A LITTLE FLOWER EDUCATIONAL SOCIETY,Society,160 OF 1997,KRISHNA,Andhra Pradesh,Gudivada,"DOOR NO 6-1, KODUR POST MANDAL, KRISHNA DISTRICT",521301,"Aged/Elderly, Agriculture, Animal Husbandry,  Dairying & Fisheries, Animal Welfare, Art & Culture, Biotechnology, Children, Civic Issues, Dalit Upliftment, Differently Abled, Disaster Management, Drinking Water, Education & Literacy, Environment & Forests, Food Processing, Health & Family Welfare, HIV/AIDS, Housing, Human Rights, Information & Communication Technology, Labour & Employment, Land Resources, Legal Awareness & Aid, Micro Finance (SHGs), Micro Small & Medium Enterprises, Minority Issues, New & Renewable Energy, Nutrition, Panchayati Raj, Prisoner's Issues, Religious, Right to Information & Advocacy, Rural Development & Poverty Alleviation, Science & Technology, Scientific & Industrial Research, Skill Development, Sports, Tourism, Tribal Affairs, Urban Development & Poverty Alleviation, Vocational Training, Water Resources, Women's Development & Empowerment, Youth Affairs",health,,,2025-07-21T15:31:20,FALSE,
b0b10c00160a409118a2896485bd4378,AP/2020/0259983,A M A DEED OF LOVE CHARITABLE TRUST,Trust,14/2020,KRISHNA,Andhra Pradesh,VIJAYAWADA,"DOOR NO 6-320, BJR NAGAR, NEAR WATER TANK, PORANKI POST, KRISHNA DIST.",521137,"Children, Drinking Water, Education & Literacy, Rural Development & Poverty Alleviation, Skill Development, Vocational Training, Women's Development & Empowerment, Youth Affairs",social_welfare,,,2023-09-15T14:17:16,TRUE,
b0ad0630160140e585f8d44192a43f89,AP/2026/0884239,A M C SEVA FOUNDATION,Trust,84 of 2016,SRIKAKULAM,Andhra Pradesh,Srikakulam,"7-21 Ammavari Colony, Rajam, Srikakulam, Andhra pradesh, India",532127,"Education & Literacy, Health & Family Welfare",health,,,2026-03-05T09:55:30,FALSE,
505e0360b501406c1677ac4e14ec6765,AP/2023/0338291,A N R HELPING HANDS WELFARE ASSOCIATION,Society,627 OF 2019,VISAKHAPATNAM,Andhra Pradesh,VISAKHAPATNAM,"14-19-8, BHANOJI THOTA BC ROAD NEW GAJUWAKA",530026,,other,,,2023-03-09T17:05:40,TRUE,
806b06406702401693b8613961038c57,AP/2026/0983187,A P EMPLOYEES OF THE WOMEN AND CHILD WELFARE DEPARTMENT ASSOCIATION,Society,527/2021,KAKINADA,Andhra Pradesh,Kakinada (Rural),2 113 INDRAPALEM KAKINADA RURAL,533006,"Aged/Elderly, Agriculture",elderly_care,,,2026-02-05T18:33:37,FALSE,
104b03807409407512b48309427122e6,AN/2021/0281070,ANDAMAN AND NICOBAR CHESS ASSOCIATION,Society,689,SOUTH ANDAMANS,Andaman And Nicobar Islands,PORT BLAIR,"ANDAMAN NICOBAR CHESS ASSOCIATION11 KM ROAD, PREM NAGAR NEAR ELECTRICITY SITE OFFICE, PORT BLAIR 744102,
SOUTH ANDAMAN
ANDAMAN AND NICOBAR ISLANDS",744102,Sports,other,,,2021-04-13T15:03:14,TRUE,
90b903f0040b40482fb92017485c16a7,AN/2024/0459601,ANDAMAN AND NICOBAR CRICKET ASSOCIATION,Society,840,SOUTH ANDAMANS,Andaman And Nicobar Islands,SRI VIJAYA PURAM,sri vijaya puram,744101,Sports,other,,,2024-10-22T08:21:50,TRUE,
a0ca0540ed0c40a41121bf79d56a6453,AN/2021/0287706,ANDAMAN AND NICOBAR FOOTBALL ASSOCIATION,Society,27,NORTH AND MIDDLE ANDAMAN,Andaman And Nicobar Islands,KADAMTALA,"C/O SAPNA BALA
PRESIDENT
EX-ZILLA PARISHAD MEMBER
",744209,Sports,other,,,2021-07-27T11:27:19,TRUE,
804d0390df05409e2a370e3c01a961a3,AN/2024/0454078,ANDAMAN AND NICOBAR ISLAND BADMINTON ASSOCIATION,Society,1199,SOUTH ANDAMANS,Andaman And Nicobar Islands,PORT BLAIR,"NETAJI STADIUM
ABERDEEN BAZAAR",744101,"Skill Development, Sports, Women's Development & Empowerment",social_welfare,,,2024-12-28T07:25:39,TRUE,
80e009204f0e40681c839b1672db8b80,AN/2021/0278364,ANDAMAN AND NICOBAR STATE OLYMPIC ASSOCIATION,Society,1198,SOUTH ANDAMANS,Andaman And Nicobar Islands,PORT BLAIR,"Andaman and Nicobar State Olympic Association, Netaji Stadium, Port Blair,South Andaman, Andamanand Nicobar Islands
Ph: 03192-243001",744101,Sports,other,,,2021-03-19T10:16:14,TRUE,
008c06a0740940e21482970364d03672,AN/2021/0288684,ANDAMAN AND NICOBAR STATE TABLE TENNIS ASSOCIATION,Society,1235,SOUTH ANDAMANS,Andaman And Nicobar Islands,PORT BLAIR,"ANDAMAN AND NICOBAR STATE TABLE TENNIS ASSOCIATION, C/O STATE OLYMPIC ASSOCIATION, NETAJI STADIUM",744101,Sports,other,,,2021-07-26T12:11:09,TRUE,
60dc0d40ae0f40ab8584588fd3c130e5,AN/2025/0848335,ANDAMAN ANIMAL WELFARE FOUNDATION,Section 8 Company,U85490AN2025NPL006160,SOUTH ANDAMANS,Andaman And Nicobar Islands,Port Blair,"C/O NEELA WATHI BRICGUNJ, SHREE VIJOYA PURAM, BRIJGUNJ,",744103,"Animal Husbandry,  Dairying & Fisheries, Animal Welfare",other,,,2025-10-10T11:55:54,FALSE,
60680b403f0140a879d9222252603ca1,AN/2025/0792231,ANDAMAN APOSTOLIC BELIEVERS ASSEMBLY,Trust,30786/1-04,SOUTH ANDAMANS,Andaman And Nicobar Islands,Port Blair,S/O K DEVACHEYAL A ASSEMBLY HADDO SOUTH ANDAMAN ANDAMNA AND NICOBAR ISLANDS,744102,Religious,other,,,2025-09-30T17:12:32,FALSE,
20ec0700830841290215f53b16548969,AN/2026/1053689,Andaman Association of Tour Operators,Society,1259,SOUTH ANDAMANS,Andaman And Nicobar Islands,Port Blair,"Junglighat, SRi Vijayapuram",744103,Tourism,other,,,2026-04-08T14:12:57,FALSE,
701b0e40a50b405e0862c545a6d00f30,AN/2017/0172642,Andaman Avians Club,Society,1569,SOUTH ANDAMANS,Andaman And Nicobar Islands,Port Blair,"Room No.2, Arun Market, Dairy Farm Jn
Vijay Baugh Road
P.O.Junglighat",744103,,other,,,2017-11-22T18:32:34,TRUE,
f09c04609901400f0614800e81c67387,AP/2017/0168573,3F SWABHIMAAN FOUNDATION,Trust,38/2015,WEST GODAVARI,Andhra Pradesh,Racherla,"3F Swabhimaan Foundation
Racherla Village
Pentapadu (Mandal)
West Godavari Dist.
Andhrapradesh-534166
Mobil:9951824777",534166,"Aged/Elderly, Children, Vocational Training",elderly_care,,,2017-12-21T15:39:28,TRUE,
d0a10650cc0240731645908e47134995,AP/2022/0311430,3T FOUNDATION,Trust,BK4/5/2022,EAST GODAVARI,Andhra Pradesh,RAJANAGARAM,111-3-181 RAMALAYAM STREET NARENDRAPURAM RAJANAGARAM EASTGODAVARI-533294,533294,"Differently Abled, Education & Literacy, Health & Family Welfare, Legal Awareness & Aid, Rural Development & Poverty Alleviation, Skill Development, Sports, Women's Development & Empowerment, Youth Affairs",health,,,2022-04-13T16:21:40,TRUE,
60df0ae04b0c41910371d961857f3673,AP/2026/1016533,7 IDEASS TRUST,Trust,40/2020,EAST GODAVARI,Andhra Pradesh,Rajamahendravaram Urban,"12-11-136, Aryapuram, A B Nageswara Rao Street, Rajahmundry",533101,"Aged/Elderly, Civic Issues, Disaster Management, Education & Literacy, Human Rights, Legal Awareness & Aid, Micro Small & Medium Enterprises, New & Renewable Energy, Religious, Urban Development & Poverty Alleviation",elderly_care,,,2026-03-17T11:17:09,FALSE,
60910b30430b411600a45303e1bc2aa7,AP/2026/1040127,79 FEET SRI SRI SRI ABHAYANJANEYA SWAMY DEVALAYA SEVA SAMITHI,Trust,20/2026,GUNTUR,Andhra Pradesh,Guntur East,"D.No.235/3b,Sanjeevini Kshtram Hanuman nagar,NH-16 Bypass Road.Etukuru.",522017,Religious,other,,,2026-04-02T13:08:24,FALSE,
003a0a404d0d40021b39c397f8083213,AP/2023/0363020,7MILESTONES SPECIAL SCHOOL AND REHABILITATION SOCIETY,Society,No:371 of 2023,VISAKHAPATNAM,Andhra Pradesh,Visakhapatnam,7-19-3/FF-201/KIRLAMPUDI LAYOUT/Peda Waltair/Seethammadhara/Visakhapatnam/Andhra Pradesh/India-530017,530017,,other,,,2023-11-05T21:38:27,TRUE,
204f0210930740e004c69c3508441332,AP/2018/0207311,A & A EDUCATIONAL AND IT SOLUTIONS,Trust,106 OF 2013 ,VIZIANAGARAM,Andhra Pradesh,VIZIANAGARAM,"PLOT NO. 170, VENKATESWARA COLONY,
PADMAVATI NAGAR,
VIZIANAGARAM",535002,"Food Processing, Science & Technology, Vocational Training",other,,,2018-08-31T14:32:38,TRUE,
e0230b000c0a407d6d76ca1a776a45e5,AP/2025/0661745,A B EDUCATIONAL SOCIETY,Society,148of2019,GUNTUR,Andhra Pradesh,Guntur East,"12-1-118/3F,4/ Shalom Nagar/ Narasaraopot/ Narasaraopeta/ Andhra Pradesh/ Indla/",522601,"Education & Literacy, Science & Technology",social_welfare,,,2025-05-31T17:13:46,FALSE,
a0d90cd0720c405e60e20234b21028a9,AP/2025/0623229,A B R EDUCATIONAL SOCIETY,Society,1025OF2006,PRAKASAM,Andhra Pradesh,Kanigiri,h no 9-16 jawaharlal street kanigiri prakasam,523254,"Education & Literacy, Information & Communication Technology, Science & Technology, Scientific & Industrial Research",social_welfare,15.40545,79.50675,2025-05-05T23:37:20,FALSE,
705e0210070e40ba6219632ea80e4049,AP/2025/0692849,A B S K BHAGIRATHA VADIYARAJULA NITHYA ANNADANA SATRAM DONORS ASSOCIATION,Society,74/2025,NANDYAL,Andhra Pradesh,Jupadu Bunglow,2-166 mandlem jupadu bunglow nandyal andhra pradesh 518401,518401,"Aged/Elderly, Agriculture, Art & Culture, Children, Differently Abled, Drinking Water, Health & Family Welfare",health,,,2025-06-27T19:59:55,FALSE,
903d07a0270b40532b43258191ac3180,AP/2024/0434300,A G AVENUE FLAT OWNERS WELFARE ASSOCIATION,Society,295OF2018,VISAKHAPATNAM,Andhra Pradesh,VISAKHAPATNAM,47-10-15/12 2ND FLOOR DWARAKANAGAR VISAKHAPATNAM 530016,530016,,other,,,2024-09-27T11:43:56,TRUE,
e01f0ee0820540920b57e62d29237930,AP/2019/0234910,AAKARSHA FOUNDATION,Society,220 OF 2015,KRISHNA,Andhra Pradesh,VIJAYAWADA,"30-10-20
AYYANNANAIDU STREET
DURGA AGRAHARAM
VIJAYAWADA",520002,Health & Family Welfare,health,,,2019-06-18T17:22:22,TRUE,
a0ad05d0ac0140276c29d897a7b58a41,AP/2025/0699781,AAKASH ARCADE FLAT OWNERS ASSOCIATION,Society,313OF2025,VISAKHAPATNAM,Andhra Pradesh,Visakhapatnam (Rural),"3-64/3, YENDADA, YENDADA, VISAKHAPATNAM, ANDHRA PRADESH 530045",530045,Housing,other,,,2025-07-06T18:23:38,FALSE,
10a00640ac0640c605e1063d874744f4,AP/2017/0160214,aakruthi social welfare organisation,Society,426 OF 2007,WEST GODAVARI,Andhra Pradesh,Panditavelluru,"Panditavelluru Village
Poduru Manda
West Godavari",534006,"Animal Husbandry,  Dairying & Fisheries, Education & Literacy, Micro Small & Medium Enterprises, Vocational Training",social_welfare,,,2018-03-06T19:36:24,TRUE,
f01c00701c0540576c943523506b1631,AP/2025/0642011,AAKRUTI EDUCATIONAL WELFARE SOCIETY,Society,242/2017,KAKINADA,Andhra Pradesh,Kakinada (Rural),D.NO 3-122 KOVVURU KAKINADA RURAL,533016,Education & Literacy,social_welfare,,,2025-05-19T20:42:07,FALSE,
90f50b90e00841b00de4436447f12b53,AP/2026/1046723,AALPHA GEN VIDYA COUNCIL,Section 8 Company,180497,VISAKHAPATNAM,Andhra Pradesh,Visakhapatnam (Rural),"49-39-9/1, SF NGGOS Colony, Santhipuram, Akkayyapalem, Visakhapatnam, Andhra Pradesh 530016",530016,Education & Literacy,social_welfare,,,2026-03-31T15:09:43,FALSE,
f0430eb0dc0840ea32c2cc86d87027d7,AP/2025/0530082,AANANDHOBRAHMA YOUTH TRUST,Trust,"BK-4, 74/2017",VISAKHAPATNAM,Andhra Pradesh,Visakhapatnam,"LIG-6, opp:- Old age home, vuda colony, 48A last bus stop, madhavadhara",530007,"Art & Culture, Education & Literacy, Health & Family Welfare",health,,,2025-03-04T21:32:22,TRUE,
f0c80570810c40fa21186337d5a935a1,AP/2024/0457253,AANDHRA PRADESH PRIVATE SCHOOLS ASSOCIATION DEMOCRATIC,Society,509,KRISHNA,Andhra Pradesh,Krishna,"G.KONDURU
MAIN ROAD",521229,,other,,,2024-10-23T11:26:21,TRUE,
a0ef0280410940d52e44164be5b04086,AP/2024/0395132,AANYA FOUNDATION,Trust,20/2023,SRI POTTI SRIRAMULU NELLORE,Andhra Pradesh,NELLORE,"11-33-529, NEAR POTTI SRIRAMULU HIGH SCHOOL,VENGALARAO NAGAR, KAVALI 524201, NELLORE DIST , ANDHRA PRADESH",524201,"Aged/Elderly, Animal Welfare, Children, Differently Abled, Disaster Management, Education & Literacy, Environment & Forests, Health & Family Welfare, HIV/AIDS, Prisoner's Issues, Women's Development & Empowerment, Youth Affairs",health,,,2024-03-01T15:45:02,TRUE,
20c40c003a0a40cb5eb8bc3214e48824,AP/2025/0583484,AAP SAB KI AAVAAZ SOCIETY,Society,956/2022,VISAKHAPATNAM,Andhra Pradesh,Seethammadhara,"53-16-1, Chaitanya Nagar, Visakhapatnam",530013,"Food Processing, Right to Information & Advocacy",other,17.73563,83.31916,2025-03-31T15:56:36,FALSE,
a08a0350f90e40a021a8b27e42545da3,AP/2024/0458246,AAPAD BANDHU SERVICE SOCIETY,Society,233 OF 2010,PRAKASAM,Andhra Pradesh,ONGOLE,"20-6-52,PANDARI PURAM,PRAKASAM,ONGOLE",523001,,other,,,2024-10-16T11:04:49,TRUE,
e0cf05d0500740a31dd3e14841e077c1,AN/2020/0262329,Andaman Christian Assembly,Society,384,SOUTH ANDAMANS,Andaman And Nicobar Islands,PORTBLAIR,"Rev A.S ArulRaj
Dollygunj, Shivcolony Junction
PortBlair",744103,,other,,,2021-10-17T22:15:28,TRUE,
40d90ba0d20540d65855c95088845c40,AN/2025/0555850,Andaman Christian Ministers Association,Trust,242/10,SOUTH ANDAMANS,Andaman And Nicobar Islands,Port Blair,"Shiv colony junction
Dollygunj P O
Port Blair",744103,"Civic Issues, Education & Literacy",social_welfare,11.627142,92.716632,2025-03-31T21:24:45,FALSE,
502205a0650140e021369f01a9148021,AN/2024/0440799,ANDAMAN FURNITURE INDUSTRIES ASSOCIATION,Society,802,SOUTH ANDAMANS,Andaman And Nicobar Islands,Port Blair,"Kali Mandir, Jodda Kilan ATR Road Garacharma",744105,Environment & Forests,environment,,,2024-08-22T16:59:01,TRUE,
c06600e0a70540278a32a91bb9d44d73,AN/2025/0821943,ANDAMAN HARMONY FOUNDATION,Section 8 Company,6165,SOUTH ANDAMANS,Andaman And Nicobar Islands,Port Blair,"C/O RANA SAHA, OLD VEG, SHOP-39, MOHANPURA, Port Blair,
South Andaman, Port Blair, Andaman and Nicobar Islands, India, 744101",744101,"Aged/Elderly, Agriculture, Animal Husbandry,  Dairying & Fisheries, Animal Welfare, Art & Culture, Biotechnology, Children, Civic Issues, Dalit Upliftment, Differently Abled, Disaster Management, Drinking Water, Education & Literacy, Environment & Forests, Food Processing, Health & Family Welfare, HIV/AIDS, Housing, Human Rights, Information & Communication Technology, Labour & Employment, Land Resources, Legal Awareness & Aid, Micro Finance (SHGs), Micro Small & Medium Enterprises, Minority Issues, New & Renewable Energy, Nutrition, Panchayati Raj, Prisoner's Issues, Religious, Right to Information & Advocacy, Rural Development & Poverty Alleviation, Science & Technology, Scientific & Industrial Research, Skill Development, Sports, Tourism, Tribal Affairs, Urban Development & Poverty Alleviation, Vocational Training, Water Resources, Women's Development & Empowerment, Youth Affairs",health,,,2025-09-24T14:18:20,FALSE,
f0af0f30950040ff1a42f907770b29e0,AN/2020/0258288,ANDAMAN ISLANDS FILM SOCIETY,Society,1500,SOUTH ANDAMANS,Andaman And Nicobar Islands,Port Blair,"c/o Tarang Trades and Credits Co Pvt Ltd, 84, Middle Point, Near Bengali Club.",744101,"Art & Culture, Environment & Forests",environment,,,2020-06-23T16:22:42,TRUE,
e02301f0e10d40c40b978d66523f0087,AN/2018/0211310,Andaman Mar Thoma Charitable and Educational Society,Society,1602,SOUTH ANDAMANS,Andaman And Nicobar Islands,SOUTH ANDAMAN,"St. Thomas Marthoma Church Complex, Goalghar, Port Blair",744101,,other,,,2018-10-12T10:09:23,TRUE,
d0050a80180640400536e74775db74f7,AN/2018/0191769,ANDAMAN NADAR URAVINMURAI SANGAM,Trust,180,SOUTH ANDAMANS,Andaman And Nicobar Islands,PORT BLAIR,"GANDHI ROAD, ABERDEEN BAZAR",744101,,other,,,2021-07-06T10:09:51,TRUE,
a0690790800740b00ed31f2884aa4da3,AN/2016/0103413,ANDAMAN NATURE CLUB,Society,921,SOUTH ANDAMANS,Andaman And Nicobar Islands,SOUTH ANDAMAN,"COLLINPUR (VILL), HERBATABAD (PO), SOUTH ANDAMAN",744101,Science & Technology,other,,,,TRUE,
406b0770470d40608917fc34d5fa3b21,AN/2025/0873531,ANDAMAN NICOBAR ARTISTS WELFARE FEDERATION,Society,20251011RS00070,SOUTH ANDAMANS,Andaman And Nicobar Islands,Port Blair,PROTHRAPUR,744105,"Art & Culture, Vocational Training",other,,,2025-11-06T19:31:00,FALSE,
b05f0d90760340e16d13ea6560d072d1,AN/2025/0636071,ANDAMAN NICOBAR CHAMBER OF COMMERCE & INDUSTRY,Society,582,SOUTH ANDAMANS,Andaman And Nicobar Islands,Port Blair,GURUDWARA BUILDING ABERDEEN SOUTH ANDAMAN,744101,"Food Processing, Tourism",other,,,2025-05-16T10:17:28,FALSE,
b09409202e0c402918c9b373590737a6,AP/2023/0362397,AABSTA DARBAR TRUST JAMPANI,Trust,BKIVOF1/2023,GUNTUR,Andhra Pradesh,Jampani,"Dr. No. 5-37,Maseed bazar,Jampani,Bapatla district-522261,Andhra Pradesh, India",522261,,other,,,2023-10-16T10:05:14,TRUE,
e0e001a02c0940c364f86491a28985d3,AP/2025/0689283,AACHARANA CHARITABLE TRUST,Trust,Sep-17,WEST GODAVARI,Andhra Pradesh,Narasapuram,"D.NO. 12-3-3, OLD BAZAR",534275,"Aged/Elderly, Education & Literacy",elderly_care,,,2025-06-21T13:33:01,FALSE,
b0b10ec0110040e129a9af79c42446c2,AP/2024/0461222,AACHARYA EDUCATIONAL SOCIETY,Trust,144 OF 2012,KURNOOL,Andhra Pradesh,NANDYAL,"PLOT NO : 47, NANDIVARGAM,
YSR COLONY, NANDIVARGAM,
BANAGANAPALLIMANDAL,NANDYAL-DISTRICT-518176.",518176,,other,,,2025-01-24T10:42:25,TRUE,
302c0030500540571864738cf28b3ff9,AP/2022/0329961,AADARANA,Trust,B.K.IV.185/2022,CHITTOOR,Andhra Pradesh,TIRUPATI,"Flat No.104, First Floor, Garuda Gate Way Apartment, Upparapalli Check Post, Tirupati Rural, Tirupati District, Andhra Pradesh, INDIA, Pin:517502",517502,"Children, Education & Literacy, Health & Family Welfare, Human Rights, Rural Development & Poverty Alleviation, Skill Development, Vocational Training, Women's Development & Empowerment",health,,,2022-12-06T12:23:17,TRUE,
805a0e208c0b40671ec40e9ad62a1d65,AP/2022/0330401,AADARANA DALITHA BAHUJANA NIRUPEDA ROGULAPARIRAKSHNA SANKSHEMA SEVASANGHAM,Society,155,GUNTUR,Andhra Pradesh,TENALI,"9-88 A
PEDARAVURU
TENALIGUNTUR DISTRICT",522202,"Aged/Elderly, Art & Culture, Children, Dalit Upliftment, Drinking Water, Education & Literacy, Environment & Forests, Health & Family Welfare, HIV/AIDS, Information & Communication Technology, Legal Awareness & Aid, New & Renewable Energy, Rural Development & Poverty Alleviation, Urban Development & Poverty Alleviation, Women's Development & Empowerment",health,,,2022-11-22T17:05:16,TRUE,
a09103004f03401b1849de49a53820e9,AP/2022/0328939,AADARANA FOUNDATION,Trust,Sep-22,EAST GODAVARI,Andhra Pradesh,JAGGAMPETA,"4-133, RAJEEV GANDI STREET, Mallisala B.O, Jaggampeta, EAST GODAVARI, 533435, Andhra Pradesh, INDIA",533435,,other,,,2023-10-19T12:56:02,TRUE,
101806e0940440cf7957303467b19561,AP/2025/0773791,AADARANA MANOVIKASA KENDRAM,Trust,2,Y.S.R.,Andhra Pradesh,Vontimitta,"BC HOSTEL ROAD, KOTHA MADHAVARAM, VONTIMITTA, YSR KADAPA DT",516213,"Aged/Elderly, Children, Dalit Upliftment, Differently Abled, Drinking Water, Education & Literacy, Health & Family Welfare, HIV/AIDS, Vocational Training, Water Resources, Women's Development & Empowerment, Youth Affairs",health,,,2025-08-16T08:44:27,FALSE,
709f06e09a0c40831f69de2cf0454d12,AP/2022/0328212,AADARANA SEVA SAMAJ TRUST,Trust,160/2019,ANANTHAPURAMU,Andhra Pradesh,ANANTAPUR,"D. NO. 4-253, 4th ROAD ANANTAPUR P AND M, ANANTAPUR DISTRICT ANDHRA PRADESH INDIA 515004",515004,"Children, Education & Literacy, Health & Family Welfare, Human Rights, Skill Development, Women's Development & Empowerment, Youth Affairs",health,,,2022-10-20T16:37:26,TRUE,
b01d08503301406222c62e5a68325687,AP/2024/0442132,AADARANA WELFARE ASSOCIATION,Society,336 OF 2017,KRISHNA,Andhra Pradesh,VIJAYAWADA,"P.NO.LIG-2-254 UDA COLONY,RAJIV NAGAR, NEAR CENTRAL AYURVED HOSPITAL,PAYAKAPURAM,VIJAYAWADA",520015,"Children, Differently Abled, Food Processing",social_welfare,,,2024-08-20T20:45:39,TRUE,
30e803e0920a407f1b07e47769609869,AP/2022/0324070,AADARNA KARTHA MINISTRIES,Society,104/2009,GUNTUR,Andhra Pradesh,GUNTUR,"Kattamuru post Sattenapalli mandal Guntur district
522403",522403,"Aged/Elderly, Agriculture, Art & Culture, Children, Drinking Water, Education & Literacy, Food Processing, Health & Family Welfare, Rural Development & Poverty Alleviation, Science & Technology, Skill Development, Sports, Vocational Training, Women's Development & Empowerment, Youth Affairs",health,,,2023-03-10T11:59:14,TRUE,
a0980ef00a0540ce1c317e64296e84e8,AN/2021/0287533,A & N KAYAKING & CANEOING ASSOCIATION,Society,1544,SOUTH ANDAMANS,Andaman And Nicobar Islands,PORT BLAIR,"C/O STATE OLYMPIC ASSOCIATION
NETAJI STADIUM
PORT BLAIR",744101,Sports,other,,,2021-07-09T17:55:33,TRUE,
d0b707209e07408714929735f1113773,AN/2020/0259067,A S MUSIC AND DANCE A CULTURAL ORGANIZATION,Society,1534,SOUTH ANDAMANS,Andaman And Nicobar Islands,Port Blair,"AS Music And Dance A Cultural Organization,
8,Air Lane Delanipur Port Blair,
South Andaman.744102",744102,,other,,,2020-06-25T20:09:50,TRUE,
80fd0b10e40e40351ff68123c58c93e5,AN/2022/0319228,Abhishweta Foundation,Society,20211011RS00016,SOUTH ANDAMANS,Andaman And Nicobar Islands,Port Blair,"Room No.604(1)-MB550, Near Urban Health Centre, Dairy Farm, Port Blair City, Andaman and Nicobar Islands 744103.",744103,"Art & Culture, Biotechnology, Education & Literacy, Health & Family Welfare, Information & Communication Technology, Science & Technology, Scientific & Industrial Research, Skill Development, Water Resources",health,,,2022-07-31T18:05:47,TRUE,
40ba0b90cc08402702d1e269196b91a7,AN/2017/0161456,AdityaNatyaAcademy,Society,888,SOUTH ANDAMANS,Andaman And Nicobar Islands,Port Blair,"31 M.G. Road,
Opp. Sun Sea Resort,
Middle Point.",744101,"Art & Culture, Children, Education & Literacy, Skill Development",social_welfare,,,2017-09-15T23:30:29,TRUE,
30890e30f40440ed10920a08d0f58062,AN/2021/0288452,AL AMEEN EDUCATION SOCIETY,Trust,1102,SOUTH ANDAMANS,Andaman And Nicobar Islands,Port Blair,Wimberly Gunj,744206,Education & Literacy,social_welfare,,,2023-07-21T08:55:47,TRUE,
30640cb0e204409b0731956583bb5101,AN/2017/0115373,Anandodhara,Society,1355,SOUTH ANDAMANS,Andaman And Nicobar Islands,PORT BLAIR,"C/o Baakprotima (SBI Building)
Junglighat
Port Blair-744103
South Andaman
PIN-744103",744102,Art & Culture,other,,,2020-12-22T14:28:58,TRUE,
40f50f90e704401e1e538043f4fa1cb9,AN/2021/0279293,ANDAMAN & NICOBAR KHO-KHO ASSOCIATION,Society,1211,SOUTH ANDAMANS,Andaman And Nicobar Islands,PORT BLAIR,"STATE OLYMPIC ASSOCIATION
NETAJI STADIUM",744101,Sports,other,,,2021-07-02T12:00:08,TRUE,
a0400260940740751881f33366a04785,AN/2021/0286591,ANDAMAN & NICOBAR TAEKWONDO ASSOCIATION,Society,995,SOUTH ANDAMANS,Andaman And Nicobar Islands,PORT BLAIR,"ANDAMAN NICOBAR STATE OLYMPIC ASSOCIATION
NETAJI STADIUM",744101,Sports,other,,,2021-06-30T10:19:02,TRUE,
80be0b30160c403587c2fb6950566305,AN/2025/0826065,ANDAMAN AGAMUDAIYAAR MUNNETTRA SANGAM,Society,20251011RS00071,SOUTH ANDAMANS,Andaman And Nicobar Islands,Port Blair,"Brookshabad
Sri Vijaya Puram
Chakkargaon Post
9933269729
9531871949",744112,"Aged/Elderly, Agriculture, Art & Culture, Children, Drinking Water, Education & Literacy, Environment & Forests, Health & Family Welfare, Housing, Human Rights, Labour & Employment, Legal Awareness & Aid, Micro Finance (SHGs), Micro Small & Medium Enterprises, Religious, Skill Development, Vocational Training, Women's Development & Empowerment, Youth Affairs",health,,,2025-10-07T17:56:47,FALSE,
b04b0dd04a03403b19a6243506a08a59,AN/2023/0334835,ANDAMAN AND NICOBAR CHEMIST AND DRUGGIST ASSOCIATION,Society,20221011RS00032,SOUTH ANDAMANS,Andaman And Nicobar Islands,Port Blair,"No. 2, Babu Line, Aberdeen Bazar,Port Blair,
South Andaman,
Andaman",744101,"Art & Culture, Differently Abled, Disaster Management, Education & Literacy, Environment & Forests, Health & Family Welfare, HIV/AIDS, Micro Small & Medium Enterprises, Nutrition, Science & Technology, Skill Development, Sports, Vocational Training",health,,,2023-03-21T10:32:30,TRUE,
a05f03b0940940a800d2f39c63ee73f2,AN/2017/0150348,Andaman Sangeet Academy,Society,1479,SOUTH ANDAMANS,Andaman And Nicobar Islands,Port Blair,"Dairy Farm, Junglighat",744105,"Art & Culture, Children, Skill Development, Vocational Training, Youth Affairs",social_welfare,,,,TRUE,
90f90760e80240890f39a19270cc0567,AN/2019/0243630,ANDAMAN SANSKRITI PARISHAD,Society,1429/2012,SOUTH ANDAMANS,Andaman And Nicobar Islands,PORT BLAIR,"PROTHRAPUR
PORT BLAIRSOUTH AMDAMAN
744105",744105,"Art & Culture, Children, Civic Issues, Disaster Management, Education & Literacy, Vocational Training",social_welfare,,,2019-10-06T10:59:00,TRUE,
d01308c09b01402b0826249a31d23315,AN/2019/0233571,ANDAMAN SUNNI MUSLIM JAMAETH,Society,614,SOUTH ANDAMANS,Andaman And Nicobar Islands,PORT BLAIR,"WIMBERLY GUNJ, FERRARGUNJ TEHSIL",744206,"Education & Literacy, Minority Issues, Vocational Training",social_welfare,,,2019-05-23T06:14:18,TRUE,
90aa06100504405d0450d984c05c0bf7,AN/2017/0158119,anjuman yadgar-e-hussainy,Society,217,SOUTH ANDAMANS,Andaman And Nicobar Islands,Port Blair,"Anjuman Yadgar-e-Hussainy
R/o Late Sawab Hasan
Near Dhobi Diggi, Dignabad, Marine Hill,
Port Blair",744101,"Children, Education & Literacy",social_welfare,,,2025-02-21T10:48:25,TRUE,
e0c908f06e03406907344309b4023574,AN/2017/0154202,ANNAI VELANKANNI PRE-PRIMARY SCHOOL,Society,1559,SOUTH ANDAMANS,Andaman And Nicobar Islands,PORT BLAIR,"WARD NO 10
RAJIV NAGARBAMBOOFLAT 2
SOUTH ANDAMAN744107",744107,,other,,,,TRUE,
f0830b107101400818c26425d09a2880,AN/2021/0289119,ARCHERY ASSOCIATION ANDAMAN AND NICOBAR ISLANDS,Society,1331,SOUTH ANDAMANS,Andaman And Nicobar Islands,PORT BLAIR,"C/O STATE OLYMPIC ASSOCIATION
NETAJI STADIUM, PORT BLAIR",744101,Sports,other,,,2021-07-22T10:34:50,TRUE,
60620680470040e092a5978b346d2069,AN/2026/0958429,ARIVAATRAL VIRIVAAKKAM FOUNDATION,Section 8 Company,U85500AN2025NPL006184,SOUTH ANDAMANS,Andaman And Nicobar Islands,Port Blair,"Survey No 383/1/24, Bathu Basthi",744105,Education & Literacy,social_welfare,,,2026-01-13T18:30:38,FALSE,
70060270920e40ae02e0500ae09108d4,AN/2009/0000049,ARPAN,Society,1316,SOUTH ANDAMANS,Andaman And Nicobar Islands,Port Blair,"ARPAN
Enem
Post Ograbraj",744103,"Aged/Elderly, Agriculture, Art & Culture, Children, Civic Issues, Differently Abled, Disaster Management, Drinking Water, Education & Literacy, Environment & Forests, Food Processing, Health & Family Welfare, HIV/AIDS, Housing, Human Rights, Information & Communication Technology, Legal Awareness & Aid, Micro Finance (SHGs), Micro Small & Medium Enterprises, Minority Issues, Nutrition, Panchayati Raj, Right to Information & Advocacy, Rural Development & Poverty Alleviation, Sports",health,,,,TRUE,
40af0270e10840d10e55e03b54b85289,AN/2018/0204240,ARPAN MUSIC ACADEMY,Society,1575,SOUTH ANDAMANS,Andaman And Nicobar Islands,Port Blair,"Tulsi Bhwan, Near Working Women Hostel
Polytechnic Road, Dollygunj",744103,Art & Culture,other,,,2018-08-09T11:16:49,TRUE,
f0cc0000c10440df10908b51365808f9,AN/2020/0270064,ARULMIGU NAGAKANNI MUTHUMARI AMMAN TEMPLE,Society,1656,SOUTH ANDAMANS,Andaman And Nicobar Islands,PORT BLAIR,"WARD NO. 17, DOLLYGUNJ, NEAR SUB-POST OFFICE",744103,"Art & Culture, Civic Issues",social_welfare,,,2020-12-05T18:52:10,TRUE,
70470e90680c400515d3133698ac3cd3,AN/2021/0279162,CAREY MEMORIAL SCHOOL,Trust,100,NORTH AND MIDDLE ANDAMAN,Andaman And Nicobar Islands,Mayabunder,"Ward No.2, No. 2 Vanvikas Street, Haddo, Port Blair, South Andaman-744102",744204,"Children, Education & Literacy",social_welfare,,,2021-06-14T20:19:37,TRUE,
40490c60630f40a214839811d5e560c5,AN/2022/0302919,CARISHWAR WELFARE SOCIETY,Society,20211011RS00013,SOUTH ANDAMANS,Andaman And Nicobar Islands,Port Blair,"House No. 4218, J N Niwas, Ward No. 19, Near Mahindra Show room, Garacharma,",744101,Art & Culture,other,,,2022-01-13T17:42:27,TRUE,
c0d20470240c40431b01263cd8b75139,AN/2021/0286695,CARMEL ASHRAM,Society,41 / 1860,SOUTH ANDAMANS,Andaman And Nicobar Islands,PORT BLAIR,PHONIX BAY,744102,Education & Literacy,social_welfare,,,2021-07-06T20:34:32,TRUE,
708c04e0410440d35188b04f45957bf7,AN/2025/0584577,Carmel Island Mission,Trust,243/10,SOUTH ANDAMANS,Andaman And Nicobar Islands,Port Blair,"Haddo, Malai Bijin
Ward No.1
Port Blair",744103,"Aged/Elderly, Civic Issues",elderly_care,11.6785,92.72319,2025-04-01T21:32:37,FALSE,
706a0b90020140711cf2353ce4098811,AN/2020/0259218,Centre For Participatory Training and Learning,Society,1452/2012,SOUTH ANDAMANS,Andaman And Nicobar Islands,Port Blair,Opp Rajeshwari mahall babulane Port Blair,744101,"Education & Literacy, Environment & Forests, Food Processing, Micro Small & Medium Enterprises, Rural Development & Poverty Alleviation, Water Resources, Women's Development & Empowerment",environment,,,2023-10-23T13:52:23,TRUE,
10c40f504703407b0a32b325c54c4003,AN/2017/0163360,CHETNA SANSTHA,Trust,971,SOUTH ANDAMANS,Andaman And Nicobar Islands,Port Blair,"3, Police Mosque Shopping Complex, Supply Lane, Port Blair",744101,,other,,,2018-11-13T11:30:47,TRUE,
10540240b00340c09829b40489c11e09,AN/2026/0990919,CLEAN CITY ANDAMAN&NICOBAR ISLANDS SOCIAL&WELFARE ASSOCIATION,Trust,156,SOUTH ANDAMANS,Andaman And Nicobar Islands,Port Blair,"23, AIR Road, Delanipur ,Port Blair,South Andaman, Andaman and Nicobar Islands-744102",744102,"Aged/Elderly, Art & Culture, Children, Education & Literacy, Environment & Forests, Health & Family Welfare, Nutrition, Women's Development & Empowerment",health,,,2026-02-20T18:31:59,FALSE,
20950b40840c40840ec75044728d1792,AN/2018/0195161,COAST GUARD EDUCATION SOCIETY,Trust,1586,SOUTH ANDAMANS,Andaman And Nicobar Islands,Port Blair,"Coast Guard Kindergarten, Panipat Road, Haddo, Port Blair-744 102",744102,,other,,,2018-06-24T16:58:56,TRUE,
30f401c0730940dc0d01512026d85c68,AN/2017/0159904,Colours Foundation,Society,1560,SOUTH ANDAMANS,Andaman And Nicobar Islands,Port Blair,"Near Garacharma School, Bharat Nagar, Garacharma, Port Blair, South Andaman",744105,"Education & Literacy, Human Rights",social_welfare,,,2021-09-03T13:10:09,TRUE,
80fa0770a30c40431b81754f78309971,AN/2021/0286897,COMPASSIONATE LOVE IN ACTION,Trust,41220,SOUTH ANDAMANS,Andaman And Nicobar Islands,Port Blair,"Compassionate Love in Action
Lamba Pahar
Wimberlygunj
Port Blair744107",744107,,other,,,2021-11-24T12:06:56,TRUE,
80830620450840eb20e7eb3903e09328,AN/2024/0454167,BASKETBALL ASSOCIATION ANDAMAN AND NICOBAR ISLANDS,Society,20211011RS00006,SOUTH ANDAMANS,Andaman And Nicobar Islands,PORT BLAIR,"NETAJI STADIUM
ABERDEEN BAZAAR",744101,"Sports, Women's Development & Empowerment",social_welfare,,,2024-10-01T13:35:54,TRUE,
900a0f905e0040c204087d23c61c7b29,AN/2019/0226416,BENGALI HINDU EDUCATION SOCIETY,Society,1612,SOUTH ANDAMANS,Andaman And Nicobar Islands,Port Blair,"Sharma HouseShadipur Post Office Building
PO Shadipur
Port Blair744103",744106,,other,,,2019-05-20T15:26:19,TRUE,
006d04707b0140eb0427a788427e9966,AN/2018/0196547,Berachah love Home,Trust,112/DSW/2015,SOUTH ANDAMANS,Andaman And Nicobar Islands,Port Blair,"Prothrapur Village,
Brichgunj ( P.O.),
Port Blair,
South Andaman Islands
PIN-744105",744105,"Art & Culture, Children, Differently Abled, Drinking Water, Education & Literacy, Housing, Legal Awareness & Aid, Nutrition, Rural Development & Poverty Alleviation, Vocational Training, Women's Development & Empowerment, Youth Affairs",social_welfare,,,2019-03-28T10:29:51,TRUE,
f0b10680f10240cc0726c12f639a6385,AN/2018/0206799,BETHANY CHILDRENS HOME,Society,1427/2012,SOUTH ANDAMANS,Andaman And Nicobar Islands,Port Blair,"CIARI Road,
Bhathu Basthi,
Garacharma (P.O.),
Port Blair
South Andaman
Port Blair
PIN 744103",744105,"Art & Culture, Children, Education & Literacy, Vocational Training, Youth Affairs",social_welfare,,,2019-03-14T09:48:50,TRUE,
200606e0650c400e03a7b580b26222c3,AN/2018/0211874,BHARAT SEVASRAM SANGHA,Society,1493,SOUTH ANDAMANS,Andaman And Nicobar Islands,PORT BLAIR,"BHARAT SEVASRAM SANGHA
JUNGLIGHAT,
PORT BLAIR",744103,"Children, Health & Family Welfare, Housing",health,,,2018-10-26T11:36:39,TRUE,
a0f70600090240201b80ac3f04a720b6,AN/2019/0245006,Biswas Organization for Social Service,Society,51/DC(N,NORTH AND MIDDLE ANDAMAN,Andaman And Nicobar Islands,RANGAT,"SANTANU
KADAMTALA
MIDDLE ANDAMAN
NORTH AND MIDDLE ANDAMAN",744209,,other,,,2020-01-01T14:51:42,TRUE,
40be0360120d40552df79b20f87232f6,AN/2024/0454012,BOXING ASSOCIATION OF ANDAMAN AND NICOBAR,Society,20211011RS00017,SOUTH ANDAMANS,Andaman And Nicobar Islands,PORT BLAIR,"NETAJI STADIUM
ABERDEEN BAZAAR",744101,"Sports, Women's Development & Empowerment",social_welfare,,,2024-10-01T13:33:40,TRUE,
600a0d306e0b40bc97a0540b59763ac1,AN/2025/0900931,CALICUT CONGREGATION OF JEHOVAHS WITNESSES TRUST,Society,812/93,SOUTH ANDAMANS,Andaman And Nicobar Islands,Port Blair,"c/o Kerala Furnishings, M G Road Middle Point, Port Blair H.O, Port Blair, SOUTH ANDAMAN,",744101,Religious,other,,,2025-11-27T10:10:31,FALSE,
80780740de0240310ac7d623f87892c0,AN/2018/0210223,Calvary Childrens Home,Trust,107/DSW/2014,SOUTH ANDAMANS,Andaman And Nicobar Islands,Port Blair,"Badmashpahar,
Port Mout,
Chouldhari (P.O.),
South Andaman
Port Blair
PIN 744103",744103,"Art & Culture, Children, Differently Abled, Education & Literacy, Housing, Vocational Training",social_welfare,,,2019-03-14T09:40:27,TRUE,
60df02306f0340650857e852a05c09c1,AN/2018/0195372,CAPSTONE MINISTRIES,Trust,1319,SOUTH ANDAMANS,Andaman And Nicobar Islands,PORT BLAIR,"H. NO. 1665, WARD NO 23
BIRD LINE",744105,"Children, Disaster Management, Education & Literacy, Health & Family Welfare, Nutrition, Prisoner's Issues, Science & Technology, Vocational Training, Women's Development & Empowerment",health,,,2018-09-24T16:36:54,TRUE,
e01c0780bf0e405100348108a94f7c73,AN/2017/0168803,ASSOCIATION OF CATHOLIC ANDAMAN AND NICOBAR ISLANDS,Society,268,SOUTH ANDAMANS,Andaman And Nicobar Islands,Port Blair,"Deepti Dham, 431, MG Road, PO Junglgihat",744103,"Education & Literacy, Vocational Training, Women's Development & Empowerment, Youth Affairs",social_welfare,,,2018-03-08T12:32:09,TRUE,
c07b0640b204402e11915c6bb6e13b66,AN/2021/0287413,ATHLETICS ASSOCIATION ANDAMAN & NICOBAR ISLANDS,Society,1326,SOUTH ANDAMANS,Andaman And Nicobar Islands,PORT BLAIR,"C/O STATE OLYMPIC ASSOCIATION
NETAJI STADIUM",744101,Sports,other,,,2021-07-02T11:56:45,TRUE,
40740bc0e10440a605b7b84ca6f24ed6,AN/2018/0210836,Atul Smrity Samity,Society,1/121/13018/60,SOUTH ANDAMANS,Andaman And Nicobar Islands,PORT BLAIR,"BENGALI CLUB
MIDDLE POINT, PORT BLAIR
SOUTH ANDAMAN
ANDAMAN AND NICOBAR ISLANDS",744101,Art & Culture,other,,,2018-11-29T20:14:52,TRUE,
001903b03b02401204425525b7bf2493,AN/2017/0163444,AVINASH SOCIAL AND CULTURAL SOCIETY,Society,935,SOUTH ANDAMANS,Andaman And Nicobar Islands,PORTBLAIR,"C 38 ABERDEEN VILLAGEWARD NO 4 P.BOX NO 110 (HPO)
ABERDEEN
PORT BLAIR",744101,Art & Culture,other,,,2017-10-05T20:48:14,TRUE,
309704205e0140151b92974970e040c5,AN/2020/0259376,B R W MUSIC WING,Society,1458,SOUTH ANDAMANS,Andaman And Nicobar Islands,PORT BLAIR,"B R W MUSIC WING
HOTEL SHAH N SHAH BUILDING, 3Rd FLOOR
MOHANPURA PORT BLAIR,
SOUTH ANDAMAN.744101",744101,,other,,,2020-07-01T13:59:16,TRUE,
405807b03a0640180332fb24f8320393,AN/2017/0163476,BAAULMON,Society,1403/2011,SOUTH ANDAMANS,Andaman And Nicobar Islands,PORT BLAIR,"SUBHASH NAGAR, SHADIPUR",744105,Art & Culture,other,,,2019-06-24T11:13:05,TRUE,
d06207806d0b40851222bf31056b2743,AN/2020/0259236,BADMINTON ASSOCIATION OF ANDAMAN & NICOBAR ISLANDS,Society,1595,SOUTH ANDAMANS,Andaman And Nicobar Islands,PORT BLAIR,"AKR Palace, Atlanta Point Road, Near AIDS Head Office Atlanta Point, Port Blair 744101
",744101,,other,,,2020-07-28T17:33:47,TRUE,
30630230e00a40f31122c193d20572b7,AN/2021/0302158,BAKERY AND SWEETS OWNERS ASSOCIATION,Section 8 Company,20211011RS00015,SOUTH ANDAMANS,Andaman And Nicobar Islands,Port Blair,Archana Nivas House No 903 New Pahar Gaon Near last Bus Stop School Line Port Blair Pin 744101 Andaman And Nicobar Island,744101,,other,,,2022-01-05T14:37:54,TRUE,
e0ca0250250540ad09c11d97d96951b1,AN/2017/0162435,Balkrishna Nritya Academy,Society,1419/2011,SOUTH ANDAMANS,Andaman And Nicobar Islands,Port Blair,"Naya Gaon Dudh Line
Port Blair
South Andaman -744106",744106,"Art & Culture, HIV/AIDS, Tourism",other,,,2017-10-14T20:24:08,TRUE,
701b0e30e609407f1380593e28e92de8,AN/2020/0269603,BANGLA SANSKRITI PARISHAD,Society,1398/2011,SOUTH ANDAMANS,Andaman And Nicobar Islands,PORT BLAIR,"PROTHRAPUR
PORT BLAIR
ANDAMAN AND NICOBAR ISLANDS
PIN- 744103",744103,,other,,,2020-12-03T10:56:27,TRUE,
80f305c0b30e402396b3ca8b432e76f9,AN/2026/0938379,CORAL REEF CONSERVATION AND RESEARCH FOUNDATION,Section 8 Company,U72200AN2025NPL006190,SOUTH ANDAMANS,Andaman And Nicobar Islands,Port Blair,"S/no.11/1, Krishna Nager village, Havelock Bazar, Port Blair, South Andaman- 744211, Andaman and Nicobar Islands",744211,"Education & Literacy, Information & Communication Technology, Science & Technology, Scientific & Industrial Research",social_welfare,,,2026-01-02T11:37:39,FALSE,
40010f10760d40601461db9af5097876,AN/2021/0288293,CRICKET ASSOCIATION ANDAMAN AND NICOBAR ISLANDS,Society,1330,SOUTH ANDAMANS,Andaman And Nicobar Islands,PORT BLAIR,"1 BJP BHAWAN, MIDDLE POINT, PORT BLAIR",744101,Sports,other,,,2021-07-25T16:16:05,TRUE,
904e06e0c007405d16916635e5db8a86,AN/2021/0286573,CYCLING ASSOCIATION ANDAMAN NICOBAR,Society,1323,SOUTH ANDAMANS,Andaman And Nicobar Islands,PORT BLAIR,"ANDAMAN AND NICOBAR STATE OLYMPIC ASSOCIATION
NETAJI STADIUM",744101,Sports,other,,,2021-06-30T09:27:33,TRUE,
203908104a0e40781259197581423f46,AN/2023/0372107,D&K CITY RESIDENTS WELFARE ASSOCIATION,Society,1635,SOUTH ANDAMANS,Andaman And Nicobar Islands,PORT BLAIR,MINNIE BAY,744103,,other,,,2023-11-29T11:08:55,TRUE,
c09306e0cc0540371d20183e194d9be0,AN/2020/0252900,DANCE NRITYA ACADEMY,Trust,1441/2012,SOUTH ANDAMANS,Andaman And Nicobar Islands,JUNGLIGHAT,"HOUSE NO 25, DEEN STREET, VILL JUNGLIGHAT, PO JUNGLIGHAT, PS ABERDEEN, PORT BLAIR, SOUTH ANDAMAN, ANDAMAN-744101",744101,Art & Culture,other,,,2020-06-15T21:09:15,TRUE,
80960cb0c60840bd04546335328062f4,AN/2018/0185393,DAYITAVABODH SOCIETY NGO,Society,1566,SOUTH ANDAMANS,Andaman And Nicobar Islands,PORT BLAIR,"OPP. NEW CIRCUIT HOUSE, HADDO",744102,Women's Development & Empowerment,social_welfare,,,2021-07-14T11:43:17,TRUE,
e0500350940b40e09d14b69e60ec19f3,AN/2026/0949013,DHAIRYA,Society,20241011RS00060,SOUTH ANDAMANS,Andaman And Nicobar Islands,Ferrargunj,"Ferrargunj, south andaman",744206,"Aged/Elderly, Children, Civic Issues, Drinking Water, Education & Literacy, Environment & Forests, Human Rights, Right to Information & Advocacy, Youth Affairs",environment,,,2026-01-07T10:52:04,FALSE,
40c10fc0b50d41b602d1875e44eb4ea9,AN/2026/1015449,DHAMMA ANDAMAN - VIPASSANA MEDITATION CENTRE,Trust,205/2025,SOUTH ANDAMANS,Andaman And Nicobar Islands,Port Blair,"Survey No 1244, TSG Emerald View, No. 25A, M. Road, Phoenix Bay,",744102,"Art & Culture, Education & Literacy",social_welfare,,,2026-03-02T19:26:53,FALSE,
807805a0ad02406c9cb7743bd17b0373,AN/2026/0973103,DISTRICT CRICKET ASSOCIATION NICOBAR DISTRICT,Society,Jan-25,NICOBARS,Andaman And Nicobar Islands,Car Nicobar,PERKA CAR NICOBAR,744301,"Health & Family Welfare, Sports",health,,,2026-02-16T11:57:39,FALSE,
70320830ac0c40b68f56d163e01992a7,AN/2025/0866097,DISTRICT CRICKET ASSOCIATION NORTH AND MIDDLE ANDAMAN,Society,71,NORTH AND MIDDLE ANDAMAN,Andaman And Nicobar Islands,Diglipur,"Subash Bazaar, Diglipur",744202,"Health & Family Welfare, Sports",health,,,2025-11-08T13:42:19,FALSE,
108a0b60fd0f406610621b05b30d4de9,AN/2021/0288646,DON BOSCO INSTITUTE OF SUSTAINABLE AND HOLISTIC ADVANCEMENT,Society,1347,SOUTH ANDAMANS,Andaman And Nicobar Islands,Port Blair,"DISHACaddlegunj,
Beach Dera Post
FerrargunjSouth Andaman 744 102
",744103,"Children, Education & Literacy, Micro Finance (SHGs), Micro Small & Medium Enterprises, Rural Development & Poverty Alleviation, Skill Development, Vocational Training, Women's Development & Empowerment, Youth Affairs",social_welfare,,,2023-10-16T13:04:12,TRUE,
202004f0470a40751252f93f21277125,AN/2020/0259107,DREAM WORLD ENTERTAINERS,Society,1401/2011,SOUTH ANDAMANS,Andaman And Nicobar Islands,PORT BLAIR,"DREAM WORLD ENTERTAINERS,
GURUDWARA LINE, WORD NO.5,
PORT BLAIR.",744101,"Art & Culture, Children, Differently Abled, Education & Literacy, Food Processing, Sports, Tourism, Vocational Training, Women's Development & Empowerment, Youth Affairs",social_welfare,,,2020-12-11T17:00:05,TRUE,
903b06d0950a40d227355f71c0747398,AN/2024/0448934,DSS AFLOAT EMPLOYEES WELFARE ASSOCIATION,Society,1643,SOUTH ANDAMANS,Andaman And Nicobar Islands,PORT BLAIR,"JETTY OFFICE, AFLOAT SECTION, DIRECTORATE OF SHIPPING SERVICE, PORT BLAIR",744101,"Health & Family Welfare, Nutrition",health,,,2024-09-14T10:01:08,TRUE,
30dc0390eb0140d715d1c39c263e7400,AN/2021/0288353,DWEEP POUNJ SHIKSHA VIKAS SAMITHI,Society,1095,SOUTH ANDAMANS,Andaman And Nicobar Islands,PORT BLAIR,"GARACHARMA-II, PORT BLAIR, SOUTH ANDAMAN
PIN: 744105",744105,Education & Literacy,social_welfare,,,2021-07-24T08:31:42,TRUE,
c0b90b90ad0b40280b03d05e789724e7,AN/2017/0176245,Education Relief & Welfare Section of Anandamarga Pracaraka Samgha of A & N Chapter,Society,1358,SOUTH ANDAMANS,Andaman And Nicobar Islands,Portblair,"Junglighat, Portblair 744103",744103,,other,,,2017-12-17T22:15:11,TRUE,
701d0bf07006405f04e4b346233e58e7,AN/2017/0169868,EDUCATIONAL & CULTURAL ORGANIZATION,Society,1505,SOUTH ANDAMANS,Andaman And Nicobar Islands,LITTLE ANDAMAN,"VILL RABINDRA NAGAR, POST VIVEKANANDA PUR, LITTLE ANDAMAN",744207,"Children, Dalit Upliftment, Education & Literacy, Rural Development & Poverty Alleviation",social_welfare,,,2017-12-06T09:47:03,TRUE,
d0c10640e90a40cf01e9066774ef7965,AN/2020/0267086,EMARALD GREEN ISLANDS,Society,1430/20112,SOUTH ANDAMANS,Andaman And Nicobar Islands,PORT BLAIR,"VIVEKANANDA COLONY, PROTHRAPUR, SOUTH ANDAMAN",744105,"Agriculture, Children, Disaster Management, Education & Literacy, Environment & Forests, HIV/AIDS, Tourism, Women's Development & Empowerment",environment,,,2020-10-24T12:51:32,TRUE,
d05e0a40bb0f40af3bc13a96c54354f1,AN/2025/0518183,FGCA FOURSQUARE GOSPEL FEDERATION,Section 8 Company,U88900AN2025NPL006130,SOUTH ANDAMANS,Andaman And Nicobar Islands,PORT BLAIR,"C/O R SANTHA MAN, HADDO(BASTI.ANBU GALI NR., Haddo,",744102,"Aged/Elderly, Differently Abled, Disaster Management, Education & Literacy, Environment & Forests, Health & Family Welfare, Human Rights, Legal Awareness & Aid, Minority Issues, Women's Development & Empowerment",health,,,2025-02-08T10:36:52,TRUE,
f0c60390330840ba0bd1a58aa3186267,AN/2017/0161737,FRIENDS CULTURAL GROUP,Trust,1413/2011,SOUTH ANDAMANS,Andaman And Nicobar Islands,Port Blair,"Royal Colony
Behind Sahara Hotel,
Phargoan,
P.O. Dollygunj,
Port Blair",744103,Art & Culture,other,,,2017-09-06T20:58:01,TRUE,
102406003d03408b3792ac6f72871463,AN/2025/0526714,GAU SEVA PARISHAD,Society,20251011RS00062,SOUTH ANDAMANS,Andaman And Nicobar Islands,SRI VIJAYA PURAM,"CHINMAYA MISSION, POLICE LINE",744101,,other,,,2025-02-21T15:12:22,TRUE,
30c80f30560b40718667277ad5e63d61,AN/2025/0877531,GEET SANGEET MUSICAL GROUP,Society,20251011RS0000000075,SOUTH ANDAMANS,Andaman And Nicobar Islands,Port Blair,MANNAPURAM GOLD LOAN BUILDING NEAR HOTEL TSG GRAND DOLLYGUNJ SRI VIJAYA PURAM,744103,Art & Culture,other,,,2025-11-08T12:33:57,FALSE,
c09608505f0c400c0db5463b55da4f83,AN/2018/0204283,GOLDEN BIRD NGO,Society,1578,SOUTH ANDAMANS,Andaman And Nicobar Islands,Port Blair,"South Point, Shadipur Post, Port Blair, Andaman -744106",744106,Rural Development & Poverty Alleviation,other,,,2018-08-07T14:13:45,TRUE,
20aa05f08a05407479a4f886e4725865,AN/2025/0748455,GOVERNMENT MODEL SENIOR SECONDARY SCHOOL,Society,20251011RS00069,SOUTH ANDAMANS,Andaman And Nicobar Islands,Port Blair,"Room No 10
Govt. Model Senior Secondary School 
Sri Vijaya Puram
Andaman and Nicobar Islands 
PIN 744101",744101,"Children, Education & Literacy",social_welfare,,,2025-08-01T15:31:15,FALSE,
70310cd08e0a40750999b68ff8474053,AN/2021/0282120,GREEN ISLAND FOUNDATION,Society,43,NORTH AND MIDDLE ANDAMAN,Andaman And Nicobar Islands,MAYABUNDER,"HARINAGAR,BILLIROUND,NORTH AND MIDDLE ANDAMAN DISTRICT, ANDAMAN",744201,"Aged/Elderly, Agriculture, Animal Husbandry,  Dairying & Fisheries, Children, Civic Issues, Disaster Management, Drinking Water, Education & Literacy, Environment & Forests, Food Processing, Health & Family Welfare, Human Rights, Labour & Employment, Micro Small & Medium Enterprises, Panchayati Raj, Rural Development & Poverty Alleviation, Vocational Training, Women's Development & Empowerment, Youth Affairs",health,,,2021-05-01T07:06:17,TRUE,
50fd0500c00240ac0fd72107473836c9,AN/2019/0222971,GREENHANDS,Society,1466,SOUTH ANDAMANS,Andaman And Nicobar Islands,PORTBLAIR,"GREEN HANDS POST BOX NO 167
H.P.O.,MUNCIPAL COMPLEX ,
OPP LPG,DELANIPUR
PORTBLAIR",744101,,other,,,2019-01-14T17:40:02,TRUE,
80010890280440582f73b19423292cf2,AN/2024/0434669,GSLKB UMBRELLA MARINE EDUCATION AND RESEARCH FOUNDATION,Section 8 Company,U88900AN2024NPL006098,SOUTH ANDAMANS,Andaman And Nicobar Islands,PORTBLAIR,"511/2 TANK ROAD, NEAR MARIYAMMAN TEMPLE, RADIO COLONY, PORTBLAIR",744102,,other,,,2024-07-23T10:14:31,TRUE,
d0870fe0e10d40f39906140633ef5e47,AN/2026/0960357,GURUDWARA DR DIWAN SINGH,Society,N08/DL/176/LS/91/4384,SOUTH ANDAMANS,Andaman And Nicobar Islands,Port Blair,aberdeen bazaar,744101,Religious,other,,,2026-01-15T18:14:30,FALSE,
e07d02606707401958e8fb1662758576,AN/2025/0581286,GV Kachrewaale Foundation,Section 8 Company,U85300AN2019NPL005466,SOUTH ANDAMANS,Andaman And Nicobar Islands,Port Blair,"GROUND FLOOR, SITAPUR BEACH NO 5, SHAHEED DWEEP, SOUTH ANDAMAN , PORT BLAIR",744104,"Civic Issues, Environment & Forests, Women's Development & Empowerment",environment,11.82635956,93.0649092,2025-03-28T17:55:09,FALSE,
a02e03e0010240e716c1a33f044820e1,AN/2021/0286519,HAND BALL ASSOCIATION OF ANDAMAN NICOBAR,Society,1325,SOUTH ANDAMANS,Andaman And Nicobar Islands,PORT BLAIR,"STATE OLYMPIC ASSOCIATION
NETAJI STADIUM",744101,Sports,other,,,2021-07-23T10:50:00,TRUE,
00f60840510040070ee9ed9da14c2596,AN/2019/0243710,HARI CHAND MATUA SEVA SANGHA,Society,388,SOUTH ANDAMANS,Andaman And Nicobar Islands,SHAHEED DWEEP,"NEIL KENDRASHAHEED DWEEP
744104",744104,"Animal Husbandry,  Dairying & Fisheries, Art & Culture, Children, Civic Issues, Disaster Management, Drinking Water, Health & Family Welfare, Human Rights, Legal Awareness & Aid, Minority Issues, Nutrition, Sports, Women's Development & Empowerment, Youth Affairs",health,,,2021-03-19T18:18:57,TRUE,
403905c00901400d22b8ea0862032120,AR/2024/0470089,AANWG ANYA FOUNDATION,Society,U88900AR2024NPL014194,PAPUM PARE,Arunachal Pradesh,Papum Pare,"Capital ESD 1 OBT PSector, Itanagar, Itanagar, Papum Pare- 791111, Arunachal Pradesh",791111,,other,,,2024-12-04T10:32:54,TRUE,
50d20ba0a30a400007b2f273716e8072,AR/2016/0099868,AARRO WELFARE SOCIETY,Society,SR/ITA/1389,UPPER SIANG,Arunachal Pradesh,Yingkiong,"Yahung Tekseng Simar Colony Yingkiong PO/PS Yingkiong -791002
District Upper Siang Arunachal Pradesh",,"Art & Culture, Environment & Forests, Health & Family Welfare, HIV/AIDS",health,,,,TRUE,
40740e70390140696851ae0e46818003,AR/2025/0610683,AASHIYANA,Society,SR/ITA/7837,PAPUM PARE,Arunachal Pradesh,Itanagar Eac,"Near Donyi polo vidya bhawan, itanagar",791111,"Aged/Elderly, Human Rights",elderly_care,27.16325,93.74593,2025-04-30T10:58:13,FALSE,
00db0830150740318655e79a871b82b7,AR/2025/0859787,AB TARA WELFARE SOCIETY,Society,SR/ITA/3153,PAPUM PARE,Arunachal Pradesh,Naharlagun Eac,"Nirjuli, Papum Pare",791112,"Art & Culture, Children, Education & Literacy, Health & Family Welfare, Women's Development & Empowerment",health,,,2025-10-23T15:07:29,FALSE,
50060f906a0140fb6019439581d94d61,AR/2025/0699141,ABB TAHA FOUNDATION,Section 8 Company,SR/ITA/7404,PAPUM PARE,Arunachal Pradesh,Naharlagun Eac,"Trinity Mission School Near Interstate Truck Terminal, Lekhi, Naharlagun, 791110, Papumpare, Arunachal Pradesh",791110,Education & Literacy,social_welfare,,,2025-06-27T20:25:19,FALSE,
e0920a105b0f40fb95c3754812fc6a19,AR/2025/0934269,ABHIYAAN SAMVEDANA,Society,SR/ITA/8022,LOHIT,Arunachal Pradesh,Tezu Hq,"Main Market, Tezu",792001,"Aged/Elderly, Children, Disaster Management, Education & Literacy, Nutrition, Rural Development & Poverty Alleviation, Skill Development, Tribal Affairs, Urban Development & Poverty Alleviation, Youth Affairs",elderly_care,,,2025-12-23T18:42:09,FALSE,
f0240dd07a0640c790d3414940418461,AR/2025/0934081,Ability Beyond Limits & Expectations,Trust,146/2025,PAPUM PARE,Arunachal Pradesh,Itanagar Eac,"Jollang,Itanagar, P.O-RK Mission",791111,"Aged/Elderly, Children, Differently Abled, Education & Literacy, Human Rights, Legal Awareness & Aid, Right to Information & Advocacy, Skill Development, Sports, Women's Development & Empowerment",elderly_care,,,2025-12-25T22:33:28,FALSE,
d0b00d108c0240fa13b7e24368f38e17,AR/2023/0338446,ABO TANI ORPHAN HOPES FOR LIFE FOUNDATION,Society,SR/ITA/7377,PAPUM PARE,Arunachal Pradesh,PAPUM PARE,"DOIMUKH,PAPUM PARE PIN-791112
ARUNACHAL PRADESH",791112,,other,,,2023-02-20T16:53:59,TRUE,
b0840d80590140e507313d4702d44c41,AR/2017/0160322,abo tani philanthropic mission,Society,SR/ITA/2971,WEST SIANG,Arunachal Pradesh,Aalo,near st xaviers international school. old agri farm. bogdo. PO.PS Aalo,791001,"Agriculture, Animal Husbandry,  Dairying & Fisheries, Art & Culture, Children, Disaster Management, Education & Literacy, Environment & Forests, Science & Technology, Vocational Training, Women's Development & Empowerment",environment,,,2017-09-07T10:21:05,TRUE,
e01105505101404100359328d4914b82,AR/2018/0188049,ABO-TANI EDUCATIONAL & CULTURAL SOCIETY,Society,SR/ITA/277,UPPER SUBANSIRI,Arunachal Pradesh,DAPORIJO,"DAPORIJO, UPPER SUBANSIRI DISTRICT, ARUNACHAL PRADESH",791122,"Agriculture, Children, Disaster Management, Drinking Water, Health & Family Welfare, Information & Communication Technology, Legal Awareness & Aid, Micro Finance (SHGs), Micro Small & Medium Enterprises, Right to Information & Advocacy, Rural Development & Poverty Alleviation, Science & Technology, Tourism, Tribal Affairs, Urban Development & Poverty Alleviation, Vocational Training, Water Resources, Women's Development & Empowerment, Youth Affairs",health,,,2018-02-21T16:18:28,TRUE,
e0fd0fc07e0940c420319e2399df7d78,AR/2024/0418052,3PLC NORTH EAST TRIBAL FOUNDATION,Section 8 Company,U85300AR2021NPL013690,EAST SIANG,Arunachal Pradesh,EAST SIANG,"2ND MILE PASIGHAT ESD, East Siang, PASIGHAT, Arunachal Pradesh, India, 791102",791102,"Aged/Elderly, Agriculture, Children, Civic Issues, Drinking Water, Education & Literacy, Food Processing, Health & Family Welfare, Human Rights, Rural Development & Poverty Alleviation, Science & Technology, Skill Development, Women's Development & Empowerment, Youth Affairs",health,,,2024-05-21T17:14:03,TRUE,
908b0d80620e402f16f9b87523061f18,AR/2023/0380622,A HELPING HAND,Society,SR/ITA/5559,WEST KAMENG,Arunachal Pradesh,BOMDILA,BOMDILA,790001,,other,,,2024-01-10T21:57:12,TRUE,
60a201f04409405962e30e4f55ec4bc9,AR/2025/0634549,AAB ITA WELFARE SOCIETY,Society,SR/ITA/3277,PAPUM PARE,Arunachal Pradesh,Naharlagun Eac,NIRJULI NAHARLAGUN ARUNACHAL PRADESH,791109,"Education & Literacy, Health & Family Welfare",health,27.13079417,93.74770148,2025-05-24T17:44:37,FALSE,
80690b80ca0a40fa83a40a94725e0029,AR/2026/0849209,AAB KAMDA NATURE CONSERVATION SOCIETY,Society,SR/ITA/7907,KRA DAADI,Arunachal Pradesh,Gangte Circle,RAI BALO UNDER KRA DAADI DISTRICT OF ARUNACHAL PRADESH 791118,791118,"Environment & Forests, Land Resources",environment,,,2026-03-20T15:55:37,FALSE,
f0860db08a04408524b5bb8734d00d27,AR/2024/0463925,AAI AGAM FOUNDATION,Society,SR/ITA/7186,WEST SIANG,Arunachal Pradesh,AALO,"C/O SHRI KENGE JINI, HISSAM COLONY, AALO, WEST SIANG DISTRICT, ARUNACHAL PRADESH",791001,"Aged/Elderly, Children, Education & Literacy, Health & Family Welfare",health,,,2024-11-07T22:03:39,TRUE,
f00d04c09c0e40fb31e22715d6cc3a41,AR/2025/0520755,AALO BANGGO WELFARE SOCIETY,Society,SR/ITA/5688,WEST SIANG,Arunachal Pradesh,AALO,"AALO, PO AND PS AALO, WEST SIANG DISTRICT",791001,"Children, Education & Literacy",social_welfare,,,2025-02-11T16:24:39,TRUE,
f02f0360ba0a40900c94194e13c085f7,AR/2018/0201462,AALO YIJO WOMEN WELFARE SOCIETY,Society,NO.SR/ITA/5390,WEST SIANG,Arunachal Pradesh,AALO,"AALO YIJO COLONY, AALO WEST SIANG DIST. ARUNACHAL PRADESH",791001,,other,,,2019-01-20T11:02:58,TRUE,
e0f906907f0c40a513394a5c188463a4,AR/2023/0344939,AAN ANIA WOMEN WELFARE SOCIETY,Society,5611,PAPUM PARE,Arunachal Pradesh,Itanagar,"Doni Colony Itanagar, Near Ganga Market, Papum Pare District, Arunachal Pradesh-791111",791111,,other,,,2023-05-03T17:11:04,TRUE,
30e80620450240fa92623e9b922a0553,AR/2025/0929203,AAN YELI AID FOUNDATIONS,Section 8 Company,U86900AR2025NPL014331,PAPUM PARE,Arunachal Pradesh,Naharlagun Eac,"C/o Debia Ompu Khoda, Type-ii-no 609, D- Sector, Naharlagun, Naharlagun, Papum Pare- 791110, Arunachal Pradesh",791110,"Aged/Elderly, Agriculture, Animal Husbandry,  Dairying & Fisheries, Animal Welfare, Art & Culture, Biotechnology, Children, Civic Issues, Dalit Upliftment, Differently Abled, Disaster Management, Drinking Water, Education & Literacy, Environment & Forests, Food Processing, Health & Family Welfare, HIV/AIDS, Housing, Human Rights, Information & Communication Technology, Labour & Employment, Land Resources, Legal Awareness & Aid, Micro Finance (SHGs), Micro Small & Medium Enterprises, Minority Issues, New & Renewable Energy, Nutrition, Panchayati Raj, Prisoner's Issues, Religious, Right to Information & Advocacy, Rural Development & Poverty Alleviation, Science & Technology, Scientific & Industrial Research, Skill Development, Sports, Tourism, Tribal Affairs, Urban Development & Poverty Alleviation, Vocational Training, Water Resources, Women's Development & Empowerment, Youth Affairs",health,,,2025-12-18T16:21:37,FALSE,
20740ba0f30a40181e40ae3c08ea3bd3,AR/2019/0245139,AANE SIANG SOCIETY,Society,SR/ITA/4660,SIANG,Arunachal Pradesh,Jomlo Mobuk,"Jomlo Mobuk, District: Siang, Arunachal Pradesh-791003",791003,"Aged/Elderly, Art & Culture, Education & Literacy, Health & Family Welfare, Vocational Training, Women's Development & Empowerment",health,,,2019-10-28T12:27:39,TRUE,
104703b0a80340b06dd0e271c79d0e11,AR/2025/0607701,AR GUILD FOR CULTURAL INTEGRATION,Society,SR/ITA/3090,PAPUM PARE,Arunachal Pradesh,Naharlagun Eac,NAHARLAGUN,791111,Art & Culture,other,27.2241,93.5003,2025-05-13T16:08:11,FALSE,
50690a60100540931b77303007464d99,AR/2023/0338009,ARIES CORPS,Society,SR/ITA/7381,PAPUM PARE,Arunachal Pradesh,Itanagar,"zero point, Itanagar. Opposite V2
District, Papumpare, Arunachal Pradesh791111",791111,"Agriculture, Education & Literacy, Environment & Forests, Health & Family Welfare, Information & Communication Technology, Legal Awareness & Aid, Micro Small & Medium Enterprises, Skill Development, Sports, Tourism, Vocational Training, Women's Development & Empowerment",health,,,2023-02-22T13:00:28,TRUE,
e0130820760640a902234b4822931b15,AR/2016/0104210,ARUN KUTIR UDYOG COOPERATIVE SOCIETY LTD,Society,Coop(ORG)259/10/92,LOWER SUBANSIRI,Arunachal Pradesh,ZIRO,"VILLAGE AND PO SALANG, ZIRO
DIST LOWER SUBANSIRI
ARUNACHAL PRADESH
PIN 791120",791120,"Aged/Elderly, Agriculture, Animal Husbandry,  Dairying & Fisheries, Art & Culture, Biotechnology, Children, Civic Issues, Dalit Upliftment, Differently Abled, Disaster Management, Drinking Water, Education & Literacy, Environment & Forests, Food Processing, Health & Family Welfare, HIV/AIDS, Housing, Human Rights, Information & Communication Technology, Labour & Employment, Land Resources, Legal Awareness & Aid, Micro Finance (SHGs), Micro Small & Medium Enterprises, Minority Issues",health,,,2018-06-13T15:00:59,TRUE,
20e80320480740681653345020c378d2,AR/2021/0293392,Aruna Shiksha Niketan Society,Society,SR/ITA/4994,NAMSAI,Arunachal Pradesh,Namsai,"Jona-III, Borbeel Village, Po-Lathao, Dist-Namsai, Arunachal Pradesh, 792103",792103,"Aged/Elderly, Agriculture, Animal Husbandry,  Dairying & Fisheries, Animal Welfare, Art & Culture, Biotechnology, Children, Civic Issues, Dalit Upliftment, Differently Abled, Disaster Management, Drinking Water, Education & Literacy, Environment & Forests, Food Processing, Health & Family Welfare, HIV/AIDS, Housing, Human Rights, Information & Communication Technology, Labour & Employment, Land Resources, Legal Awareness & Aid, Micro Finance (SHGs), Micro Small & Medium Enterprises, Minority Issues, New & Renewable Energy, Nutrition, Panchayati Raj, Prisoner's Issues, Religious, Right to Information & Advocacy, Rural Development & Poverty Alleviation, Science & Technology, Scientific & Industrial Research, Skill Development, Sports, Tourism, Tribal Affairs, Urban Development & Poverty Alleviation, Vocational Training, Water Resources, Women's Development & Empowerment, Youth Affairs",health,,,2021-09-25T12:09:11,TRUE,
00a90bc0750f401922f5542176990fd1,AR/2024/0462424,ARUNACHAL BAPTIST CHURCH COUNCIL,Society,SR/ITA/544,PAPUM PARE,Arunachal Pradesh,NAHARLAGUN,"Tarajuli
PO/PS Naharlagun
District Papum Pare
Arunachal Pradesh
PIN 791110",791110,,other,,,2024-11-01T22:05:52,TRUE,
b0f30230640740118fc46b4a01448ac3,AR/2025/0844183,ARUNACHAL BULLET CLUB,Society,SR/ITA/7118,PAPUM PARE,Arunachal Pradesh,Doimukh Sdo,"Vill.- Doimukh, Dist. Papum pare Arunachal Pradesh",791112,"Civic Issues, Tourism",social_welfare,,,2025-10-06T23:18:46,FALSE,
e07901d0ff0a409414b58a3793ab75f6,AR/2022/0331581,ARUNACHAL CHARITABLE TRUST SOCIETY (ACTS),Society,SR/ITA/5246,UPPER SUBANSIRI,Arunachal Pradesh,Daporijo,"Gandhi Market, Daporijo, PS/PO-Daporijo,
District- Upper Subansiri, State-Arunachal Pradesh,
PIN-791122",791122,"Aged/Elderly, Agriculture, Animal Husbandry,  Dairying & Fisheries, Art & Culture, Children, Civic Issues, Dalit Upliftment, Differently Abled, Disaster Management, Drinking Water, Education & Literacy, Environment & Forests, Housing, Labour & Employment, Skill Development",environment,,,2022-12-07T10:21:35,TRUE,
d0a103b0b70a41630d83fe4fc2472f31,AR/2026/1034221,Arunachal Cycling Association,Society,SR/ITA/5827,PAPUM PARE,Arunachal Pradesh,Itanagar Eac,"Mutchu Mithi Bunglow, Bank Tinali, Itanagar",791111,"Skill Development, Sports, Tourism, Vocational Training, Youth Affairs",other,,,2026-03-19T01:24:32,FALSE,
10ed0e709c0440bc54485f4b76cf71b7,AR/2025/0584677,arunachal dog and cat rescue,Society,SR/ITA/7700,PAPUM PARE,Arunachal Pradesh,Naharlagun Eac,bpl quater line lekhi near beer factory,791110,"Animal Husbandry,  Dairying & Fisheries, Animal Welfare, Civic Issues, Legal Awareness & Aid, Youth Affairs",social_welfare,,,2025-07-28T17:05:21,FALSE,
40ab0b40f40440e695633306c3d33957,AR/2025/0930337,Arunachal Economic Sustainable Development Society,Society,SR/ITA/7223,PAPUM PARE,Arunachal Pradesh,Naharlagun Eac,D-Sector Nirjuli under Papum Pare District Arunachal Pradesh,791109,"Agriculture, Children, Drinking Water, Education & Literacy, Environment & Forests, Food Processing",environment,,,2025-12-19T13:48:36,FALSE,
d01304d06b0540550b789688a1505180,AR/2018/0199325,AKARUM SOCIETY FOR ECO TOURISM & WILDLIFE CONSERVATION,Society,SR/ITA/859,CHANGLANG,Arunachal Pradesh,JAIRAMPUR,"JAIRAMPUR, CHANGLANG DISTRICT, ARUNACHAL PRADESH792121",792121,"Agriculture, Animal Husbandry,  Dairying & Fisheries, Art & Culture, Children, Civic Issues, Disaster Management, Drinking Water, Education & Literacy, Food Processing, Health & Family Welfare, HIV/AIDS, Human Rights, Information & Communication Technology, Labour & Employment, Legal Awareness & Aid, Micro Finance (SHGs), Rural Development & Poverty Alleviation, Science & Technology, Scientific & Industrial Research, Sports, Tourism, Urban Development & Poverty Alleviation, Vocational Training, Water Resources, Women's Development & Empowerment, Youth Affairs",health,,,2018-06-08T13:02:33,TRUE,
e0550ae0a00a40562d610b06b65776c7,AR/2023/0376386,ALL 14TH DOIMUKH HOARDING AND ADVERSTISING WELFARE ASSOCIATION,Society,SR/ITA/7583,PAPUM PARE,Arunachal Pradesh,doimukh,"Huto Village, Near Shelly Agency",791112,,other,,,2023-12-20T17:30:33,TRUE,
207a0430e204400516e2e45fa9d104e2,AR/2021/0276767,ALL ARUNACHAL COMPUTER INSTITUTE FEDERATION,Society,SR/ITA/7087,PAPUM PARE,Arunachal Pradesh,ITANAGAR,"CHIMPU, ITANAGAR, PO-RK MISSION, PS- ITANAGAR, DISTRICT- PAPUM PARE, ARUNACHAL PRADESH-791113, INDIA",791113,"Civic Issues, Education & Literacy, Health & Family Welfare, Information & Communication Technology, Labour & Employment, Legal Awareness & Aid, Micro Small & Medium Enterprises, Minority Issues, Tribal Affairs, Vocational Training, Women's Development & Empowerment, Youth Affairs",health,,,2021-03-06T19:23:55,TRUE,
402c0af0ae06406e93982c9c66ef49c3,AR/2026/0989643,All Arunachal Pradesh Arm Wrestling Association,Society,SR/ITA/359/1995,PAPUM PARE,Arunachal Pradesh,Itanagar Eac,2nd floor moonlight shopping complex itanagar,791111,"Sports, Youth Affairs",other,,,2026-02-09T22:57:23,FALSE,
b0990450e301409f00b81e7d69460045,AR/2019/0239999,ALL ARUNACHAL PRADESH DIVYANG WELFARE SOCIETY,Society,SR/ITA/5507,PAPUM PARE,Arunachal Pradesh,NAHARLAGUN,TAKAR COLONY BORAPANI NAHARLAGUN,791110,,other,,,2019-08-20T09:29:10,TRUE,
506a0020480140fb0f883831293e8a24,AR/2019/0227007,ALL ARUNACHAL PRADESH GORKHA WELFARE SOCIETY,Society,SR/ITA/4057,PAPUM PARE,Arunachal Pradesh,ITANAGAR,OFFICE OF THEALL ARUNACHAL PRADESH GORKHA WELFARE SOCIETYGOVT.REGD NO.SR/ITA/4057ESTD-13THAPRIL 2007H.Q ITANAGAR PIN-791111G-SECTOR OPP R.K. MISSION HOSPITALDISTRICT PAPUM PARE (A.P),791111,Women's Development & Empowerment,social_welfare,,,2019-02-18T16:59:54,TRUE,
30a604d07e0840bd1db3f050828b36b9,AR/2021/0293564,ALL ARUNACHAL PRADESH TRANS ARUNACHAL HIGHWAY WELFARE ASSOCIATION,Society,SR/ITA/6027,PAPUM PARE,Arunachal Pradesh,ITANAGAR,ITANAGAR,791111,"Rural Development & Poverty Alleviation, Urban Development & Poverty Alleviation",other,,,2021-09-18T14:16:30,TRUE,
101506b08d03403c0dd80b65196b0221,AR/2019/0239721,ALL ARUNACHAL PRADESH WELFARE SOCIETY,Society,SR/ITA/2512,PAPUM PARE,Arunachal Pradesh,Itanagar,"ESS Sector, Near RWD Colony, Itanagar, Dist.-Papum Pare, Arunachal Pradesh-791111",791111,,other,,,2019-08-13T12:08:23,TRUE,
b01806203d0c40b16f35627e73d259e9,AR/2025/0657359,ALL ARUNACHAL PRADESH WUSHU ASSOCIATION,Society,SR/ITA/2360,PAPUM PARE,Arunachal Pradesh,Itanagar Eac,PAPUM PARE ITANAGAR,791111,"Sports, Youth Affairs",other,,,2025-05-29T16:34:11,FALSE,
400704d0c50a402f0f74805898aa6456,AR/2018/0201867,ALL ATO PAKTU AO WELFARE SOCIETY,Society,SR/ITA/5041,WEST SIANG,Arunachal Pradesh,AALO,"OPPOSITE SIDE OF MOPIN MANDIR, AALO NEAR INDUSTRY ROAD, AALO",791001,"Art & Culture, Civic Issues, Education & Literacy, Health & Family Welfare, Tribal Affairs, Women's Development & Empowerment, Youth Affairs",health,,,2018-07-10T11:31:30,TRUE,
10830a90eb0940ea1f95742b130b4700,AR/2022/0331251,ABOR YOUTH FOUNDATION,Society,SR/ITA/7164,EAST SIANG,Arunachal Pradesh,Pasighat,"GTC Near CRPF Camp, Pasighat
East Siang District, Arunachal Pradesh, India
Pin Code -791102",791102,"Aged/Elderly, Agriculture, Animal Husbandry,  Dairying & Fisheries, Art & Culture, Biotechnology, Children, Civic Issues, Differently Abled, Disaster Management, Drinking Water, Education & Literacy, Environment & Forests, Food Processing, Health & Family Welfare, HIV/AIDS, Housing, Human Rights, Information & Communication Technology, Labour & Employment, Land Resources, Legal Awareness & Aid, Micro Finance (SHGs), Micro Small & Medium Enterprises, Minority Issues, New & Renewable Energy, Nutrition, Panchayati Raj, Right to Information & Advocacy, Rural Development & Poverty Alleviation, Science & Technology, Scientific & Industrial Research, Sports, Tourism, Tribal Affairs, Urban Development & Poverty Alleviation, Vocational Training, Water Resources, Women's Development & Empowerment, Youth Affairs",health,,,2024-04-03T22:44:41,TRUE,
906d01a0510e40e70df1c18bf40e4aa2,AR/2017/0161801,Abotani Ashram Welfare Association,Society,084-SR/ITA/162,PAPUM PARE,Arunachal Pradesh,Naharlagun,"GExtn., Dam Site, Near St Thomas School P.O.- Naharlagun, Distt. - Papumpare-791110
Arunachal Pradesh.",791110,"Art & Culture, Civic Issues, Education & Literacy, Vocational Training, Youth Affairs",social_welfare,,,2017-10-10T11:02:12,TRUE,
00ec0ff0920240620ae04b0f07195ec0,AR/2016/0107204,Abralow Memorial Multipurpose Society,Society,SR-ITA-2247,LOWER DIBANG VALLEY,Arunachal Pradesh,Roing,"ABRALOW MEMORIAL MULTIPURPOSE SOCIETY HEAD OFFICE : HUNLI, CORRESPONDENCE / BRANCH OFFICE : EZENGO, ROING ,DISTRICT : LOWER DIBANG VALLEY ,ARUNACHAL PRADESH, PIN-792110",792110,"Aged/Elderly, Agriculture, Animal Husbandry,  Dairying & Fisheries, Art & Culture, Biotechnology, Children, Civic Issues, Dalit Upliftment, Differently Abled, Disaster Management, Drinking Water, Education & Literacy, Environment & Forests, Food Processing, Health & Family Welfare, HIV/AIDS, Housing, Human Rights, Information & Communication Technology, Labour & Employment, Land Resources, Legal Awareness & Aid, Micro Finance (SHGs), Micro Small & Medium Enterprises, Minority Issues",health,,,,TRUE,
f0d502a0850740b73711a28c19477431,AR/2025/0517494,ABU HAGUNG KU SOCIETY,Society,SR/ITA/7770,PAPUM PARE,Arunachal Pradesh,ITANAGAR,"GORA TAMAR MEMORIAL BUILDING, 6 KILO, ITANAGAR, PAPUM PARE, ARUNACHAL PRADESH",791111,,other,,,2025-02-13T10:07:21,TRUE,
102f0700cc0b40287ec0222424f59229,AR/2025/0702499,ABU SERBANG SON'S SOCIETY,Society,SR/ITA/890,PAPUM PARE,Arunachal Pradesh,Doimukh Sdo,"HOUSE NO NA , FLAT NA PS AND PO - SAGALEE , ARUNACHAL PRADESH -791112",791112,"Agriculture, Disaster Management, Education & Literacy, Health & Family Welfare",health,,,2025-06-30T18:45:50,FALSE,
f0a80350ad03406950970d81487a6df2,AR/2025/0578862,ABU TAGI GELLAM CHARITIES,Trust,222,PAPUM PARE,Arunachal Pradesh,Itanagar Eac,"RWD Colony, Chimpu, Papum Pare District, Arunachal Pradesh- 791111",791111,"Aged/Elderly, Agriculture, Children, Civic Issues, Differently Abled, Disaster Management, Education & Literacy, Environment & Forests, Food Processing, Information & Communication Technology, Micro Finance (SHGs), Minority Issues, Nutrition, Panchayati Raj, Rural Development & Poverty Alleviation, Science & Technology, Skill Development, Sports, Tourism, Tribal Affairs, Urban Development & Poverty Alleviation, Vocational Training, Water Resources, Women's Development & Empowerment, Youth Affairs",environment,27.0675853,93.602939,2025-03-26T17:27:49,FALSE,
f0630ec0560140a606d2c79a87920870,AR/2017/0174419,ABU TALANG MEMORIAL SOCIETY,Society,SR/ITA/3172,PAPUM PARE,Arunachal Pradesh,ITANAGAR,"H.Q P SECTOR, NEAR QTR N. 58 (TYPE III)
PO ITANAGAR
DIST PAPUM PARE
STATE ARUNACHAL PRADESH
PIN NO 791111",791111,"Agriculture, Animal Husbandry,  Dairying & Fisheries, Art & Culture, Biotechnology, Children, Civic Issues, Disaster Management, Drinking Water, Education & Literacy, Health & Family Welfare, Human Rights, Information & Communication Technology, Micro Finance (SHGs), Right to Information & Advocacy, Vocational Training, Water Resources, Women's Development & Empowerment, Youth Affairs",health,,,2017-11-21T17:08:36,TRUE,
d0ab0190cf0b406a7fc7f64439953233,AR/2025/0774933,ABU TAPING MULTIPURPOSE SOCIETY,Society,SR/ITA/7889,KRA DAADI,Arunachal Pradesh,Palin Circle,near child development office,791118,"Aged/Elderly, Agriculture, Animal Husbandry,  Dairying & Fisheries, Education & Literacy, Micro Small & Medium Enterprises, Religious, Tourism, Youth Affairs",elderly_care,,,2025-08-13T21:15:32,FALSE,
c05201105a0340af8cf46b92f2f255d5,AR/2025/0849255,ACHESO ATIH WELFARE ASSOCIATION,Society,SR/ITA/7691,DIBANG VALLEY,Arunachal Pradesh,Anini,"C/o Shri Sakro Mili,
Near Govt. Secondary School,
Dibang Valley District.",792101,"Art & Culture, Civic Issues, Education & Literacy, Environment & Forests, Legal Awareness & Aid, Skill Development, Sports, Tourism, Youth Affairs",environment,,,2025-10-10T23:26:07,FALSE,
70ca0ef0840c40c20030664ca4ab2b41,AR/2017/0156752,Achukuru Welfare Society,Society,SR/ITA/888,LOWER SUBANSIRI,Arunachal Pradesh,Ziro,"Ziro, P.O. Ziro",791120,"Aged/Elderly, Children, Differently Abled, Rural Development & Poverty Alleviation, Tourism, Vocational Training, Women's Development & Empowerment",elderly_care,,,2019-07-26T17:30:07,TRUE,
e0e10b80d00140d20db1578349b10421,AR/2017/0116381,ALL BADA PANCHAYAT WELFARE SOCIETY,Society,SR/ITA/1936,PAPUM PARE,Arunachal Pradesh,ITANAGAR,"H.Q.-MENGIO
DISTRICT - PAPUM PARE
PIN NO. - 791119
STATE - ARUNACHAL PRADESH",791119,"Aged/Elderly, Agriculture, Animal Husbandry,  Dairying & Fisheries, Art & Culture, Disaster Management, Drinking Water, Education & Literacy, Environment & Forests, Food Processing, Housing, Human Rights, Information & Communication Technology, Labour & Employment, Land Resources, Legal Awareness & Aid, Micro Finance (SHGs), Micro Small & Medium Enterprises, Minority Issues, New & Renewable Energy, Panchayati Raj, Right to Information & Advocacy, Rural Development & Poverty Alleviation, Science & Technology, Scientific & Industrial Research, Vocational Training",environment,,,2018-01-23T17:43:50,TRUE,
b0580e10ed09406d0ab4b627035072e5,AR/2018/0200818,All Beyong Welfare Society,Society,SR/ITA/4804,EAST KAMENG,Arunachal Pradesh,Seppa,"All Beyong Welfare Society
H. O. Pakke
P. O. /P. S. Bameng
East Kameng District
Seppa
Arunachal Pradesh",790102,"Agriculture, Animal Husbandry,  Dairying & Fisheries, Children, Civic Issues, Disaster Management, Environment & Forests, Food Processing, Health & Family Welfare, Land Resources, Micro Small & Medium Enterprises, New & Renewable Energy, Tribal Affairs, Vocational Training, Women's Development & Empowerment, Youth Affairs",health,,,2018-07-12T16:37:50,TRUE,
00ad04405f0140431461109d49d27bd3,AR/2020/0258068,ALL LEKANG AREA YOUTH ASSOCIATION,Society,SR/ITA/5698,NAMSAI,Arunachal Pradesh,MAHADEVPUR,"NH-52B, MAHADEVPUR, LEKANG CIRCLE",792105,"Micro Small & Medium Enterprises, Rural Development & Poverty Alleviation",other,,,2020-08-10T13:33:22,TRUE,
40070b001904406f1689b21fd5a54b05,AR/2023/0343511,ALL TANGSA WOMENS WELFARE SOCIETY,Society,SR/ITA/7333,CHANGLANG,Arunachal Pradesh,KHARSANG,"Head Quarter Kharsang,
P.O/ P.S- Kharsang
Distt- Changlang (A.P)",792122,"Civic Issues, Human Rights, Minority Issues, Tribal Affairs",social_welfare,,,2023-04-19T23:26:14,TRUE,
e0510f00000b40720941124f77ce7ce0,AR/2017/0114615,Ama Aba MPCS Ltd,Society,COOP/Z/87/2010/341-42,LOWER SUBANSIRI,Arunachal Pradesh,Lower Subanasir,"Ama Aba MPCS Ltd
Plot No. 52, PO & PS Ziro
Dist Lower Subanasir 
Arunachal Pradesh
Pin No. : 791120",,"Aged/Elderly, Agriculture, Animal Husbandry,  Dairying & Fisheries, Art & Culture, Biotechnology, Children, Civic Issues, Dalit Upliftment, Differently Abled, Disaster Management, Drinking Water, Education & Literacy, Environment & Forests, Food Processing, Health & Family Welfare, HIV/AIDS, Housing, Human Rights, Information & Communication Technology, Labour & Employment, Land Resources, Legal Awareness & Aid, Micro Finance (SHGs), Micro Small & Medium Enterprises, Minority Issues",health,,,,TRUE,
e00b0ce03500408a2ef8ed1d78338029,AR/2025/0494259,AMAS VISION FOUNDATION,Society,SR/ITA/7715,PAPUM PARE,Arunachal Pradesh,Yupia,"Yupia, Opposite to Tri Junction of DC Office.
P.O/P.S- Doimukh,
District- Papum Pare
Arunachal Pradesh- 791110",791110,,other,,,2025-01-13T22:12:05,TRUE,
40670780bf07400179c80d8fd52f3c31,AR/2025/0788531,amede chumi enume foundation,Society,SR/ITA/7922,LOWER DIBANG VALLEY,Arunachal Pradesh,Roing Hq,"Roing, Lower Dibang Valley",792110,"Aged/Elderly, Agriculture, Animal Husbandry,  Dairying & Fisheries, Animal Welfare, Art & Culture, Biotechnology, Children, Civic Issues, Dalit Upliftment, Differently Abled, Disaster Management, Drinking Water, Education & Literacy, Environment & Forests, Food Processing, Health & Family Welfare, HIV/AIDS, Housing, Human Rights, Information & Communication Technology, Labour & Employment, Land Resources, Legal Awareness & Aid, Micro Finance (SHGs), Micro Small & Medium Enterprises, Minority Issues, New & Renewable Energy, Nutrition, Panchayati Raj, Prisoner's Issues, Religious, Right to Information & Advocacy, Rural Development & Poverty Alleviation, Science & Technology, Scientific & Industrial Research, Skill Development, Sports, Tourism, Tribal Affairs, Urban Development & Poverty Alleviation, Vocational Training, Water Resources, Women's Development & Empowerment, Youth Affairs",health,,,2025-10-04T16:15:21,FALSE,
c0b60b80090940a51096eb0df7891e26,AR/2022/0318695,AMIK MATAI SOCIETY,Society,SR/ITA/2849,LOHIT,Arunachal Pradesh,Arunachal Praesh,"New Mekailiang village, Behind Botanical Garden,P.O",792001,"Agriculture, Animal Husbandry,  Dairying & Fisheries, Art & Culture, Children, Differently Abled, Drinking Water, Education & Literacy, Environment & Forests, Food Processing, Health & Family Welfare, Legal Awareness & Aid, Micro Finance (SHGs), Nutrition, Panchayati Raj, Right to Information & Advocacy, Rural Development & Poverty Alleviation, Skill Development, Tribal Affairs, Vocational Training, Women's Development & Empowerment, Youth Affairs",health,,,2022-07-01T17:04:38,TRUE,
b07309707001405f03605651d5760db7,AR/2009/0009702,Amik Matai Society,Society,SR ITA 2849,TAWANG,Arunachal Pradesh,Tezu,"Amik Matai Society Post Box No 8
New Mekailiang Tezu  PO Tezu
Lohit District
Arunachal Pradesh  792 001",,"Agriculture, Animal Husbandry,  Dairying & Fisheries, Art & Culture, Disaster Management, Drinking Water, Education & Literacy, Environment & Forests, Health & Family Welfare, HIV/AIDS, Housing, Information & Communication Technology, Labour & Employment, Land Resources, Micro Finance (SHGs), Micro Small & Medium Enterprises, Panchayati Raj, Right to Information & Advocacy, Rural Development & Poverty Alleviation, Sports, Tourism, Tribal Affairs, Vocational Training",health,,,,TRUE,
00910b105500411607771f3694fb3807,AR/2026/1073437,AMRLM FOUNDATION,Section 8 Company,U88900AR2026NPL014406,PAPUM PARE,Arunachal Pradesh,Itanagar Eac,"C/O PVT RESIDENT NEAR, BACKSIDE OF NENI HYUNDAI, Vivek Vihar, Papum Pare, Itanagar, Arunachal Pradesh, India, 791113",791113,"Agriculture, Art & Culture, Children, Education & Literacy, Environment & Forests, Health & Family Welfare, Human Rights, Labour & Employment, Skill Development, Women's Development & Empowerment",health,,,2026-05-02T12:36:19,FALSE,
709805e0a30340e52ab0336ff88c1eb3,AR/2024/0399530,ADELPHOS WELFARE FOUNDATION,Section 8 Company,U88900AR2024NPL014087,LONGDING,Arunachal Pradesh,Longding,"Near Wangcha Gas agency, Longding Helipad Road, Longding, Tirap, Longding, Arunachal Pradesh, India",792131,"Animal Husbandry,  Dairying & Fisheries, Education & Literacy, Vocational Training, Women's Development & Empowerment",social_welfare,,,2024-04-15T14:53:28,TRUE,
d0d70330bb0341fe0062281c35a80771,AR/2026/1021501,ADINA FOUNDATION,Society,SR/ITA/8051,PAPUM PARE,Arunachal Pradesh,Itanagar Eac,"Niya Colony, Chimpu-II Village",791113,"Education & Literacy, Environment & Forests, Health & Family Welfare",health,,,2026-03-09T11:40:01,FALSE,
90eb01f0ab0540711cd25f1b571b8c05,AR/2020/0258638,AGAM MULTIPURPOSE COOPERATIVE SOCIETY LTD,Society,Coop(ORG)899/2019,EAST SIANG,Arunachal Pradesh,DIKING,"EAST SIANG DISTRICT, PASIGHAT, ARUNACHAL PRADESH",791102,"Aged/Elderly, Agriculture, Animal Husbandry,  Dairying & Fisheries, Art & Culture, Children, Civic Issues, Disaster Management, Drinking Water, Education & Literacy, Environment & Forests, Food Processing, Health & Family Welfare, HIV/AIDS, Housing, Human Rights, Information & Communication Technology, Labour & Employment, Land Resources, Legal Awareness & Aid, Micro Finance (SHGs), Micro Small & Medium Enterprises, Minority Issues, New & Renewable Energy, Nutrition, Panchayati Raj, Right to Information & Advocacy, Rural Development & Poverty Alleviation, Tourism, Tribal Affairs, Urban Development & Poverty Alleviation",health,,,2020-08-29T01:21:26,TRUE,
304c0920b30440e60ca4ec4083d270e4,AR/2017/0178828,Agency For Culture Human Resources & Environment Development,Society,SR/ITA/1200,TIRAP,Arunachal Pradesh,Khonsa,P.O Khonsa,786630,"Art & Culture, Civic Issues, Disaster Management, Drinking Water, Education & Literacy, Environment & Forests, Health & Family Welfare, Human Rights, Land Resources, Rural Development & Poverty Alleviation, Tribal Affairs, Vocational Training, Water Resources, Youth Affairs",health,,,2017-12-27T11:31:31,TRUE,
000b0a70730e40ca55b87076310b1857,AR/2025/0587117,AI GREEN FOUNDATION,Section 8 Company,U88900AR2023NPL013908,LOWER DIBANG VALLEY,Arunachal Pradesh,Roing Hq,"C/O IBI MEPO ROING ELECTRICAL SUB DIVISION, LOWER MARKET, ROING , LOWER DIBANG VALLY, ARUNACHAL PRADESH-792110",792110,"Art & Culture, Drinking Water, Environment & Forests, Food Processing, Health & Family Welfare, Human Rights, Labour & Employment, Water Resources, Women's Development & Empowerment, Youth Affairs",health,28.11332,95.81152,2025-04-04T16:11:31,FALSE,
509000c0a00f405014a77d5145c343a5,AR/2023/0354886,AJEET DANGG PORDUNG FOUNDATION,Section 8 Company,U88900AR2023NPL013936,PAPUM PARE,Arunachal Pradesh,Itanagar,"ILLP City Centre Building,opposite ICICI Bank,E-Sector.",791111,Education & Literacy,social_welfare,,,2023-08-25T12:10:06,TRUE,
20d70590170940e60d51c078a9fa5d64,AR/2015/0093145,AJEN ANNA SOCIETY,Society,SR/ITA/4427,PAPUM PARE,Arunachal Pradesh,ITANAGAR,"VILLAGE POMA
PO.PS. ITANAGAR
PAPUMPARE DISTRICT
PIN 791111",791113,"Aged/Elderly, Agriculture, Animal Husbandry,  Dairying & Fisheries, Art & Culture, Biotechnology, Children, Civic Issues, Dalit Upliftment, Differently Abled, Disaster Management, Drinking Water, Education & Literacy, Environment & Forests, Food Processing, Health & Family Welfare, HIV/AIDS, Housing, Human Rights, Information & Communication Technology, Labour & Employment, Land Resources, Legal Awareness & Aid, Micro Finance (SHGs), Micro Small & Medium Enterprises, Minority Issues, New & Renewable Energy, Nutrition, Panchayati Raj, Prisoner's Issues, Right to Information & Advocacy, Rural Development & Poverty Alleviation, Science & Technology, Scientific & Industrial Research, Sports, Tourism, Tribal Affairs, Urban Development & Poverty Alleviation, Vocational Training, Water Resources, Women's Development & Empowerment",health,,,,TRUE,
60ad04d0c805405d1ed3426fc93f0326,AR/2020/0263123,AJIN APII ARTISANS AND WEAVERS COOPERATIVE SOCIETY LTD,Society,COOPORG2442017,LOWER SUBANSIRI,Arunachal Pradesh,ZIRO,"GURUDUWARA LINE HAPOLI PO ZIRO DIST. LOWER SUNBANSIRI , ARUNACHAL PRADESH 791120",791120,,other,,,2020-10-05T15:50:25,TRUE,
a01c0d10d40240b81d41fd82614a49e1,AR/2021/0287879,AJING ARUM YAPA SANGCHA MULTIPURPOSE COOPERATIVE SOCIETY LTD,Society,163/2016,PAPUM PARE,Arunachal Pradesh,Naharlagun,"Papu Nallah Zingzang, Colony
P.O/P.S- Naharlagun,
C/o:- Near Vehicle Pollution CentreDistrict:-Papum Pare
Arunachal Pradesh
Pin Code- 791110",791110,"Agriculture, Animal Husbandry,  Dairying & Fisheries, Art & Culture, Differently Abled, Education & Literacy, Health & Family Welfare, Housing, Micro Small & Medium Enterprises, New & Renewable Energy, Skill Development, Tribal Affairs",health,,,2022-08-09T12:37:55,TRUE,
00c50200250d402819182766b03d8111,AR/2022/0326531,Ajins Society,Society,SR/ITA3379,PAPUM PARE,Arunachal Pradesh,Naharlagun,"Papu Nallah, Naharlagun, Papumpare District Arunachal Pradesh",791110,"Agriculture, Environment & Forests, Skill Development, Tribal Affairs, Women's Development & Empowerment",environment,,,2022-10-01T17:49:10,TRUE,
b06c05903b0c40971c517a46a5576b65,AR/2020/0256498,ARUNACHAL FARMERS DEVELOPMENT SOCIETY,Society,SR/ITA/2385,WEST SIANG,Arunachal Pradesh,WEST SIANG,AALO DISTRICT WEST SIANG,791001,"Aged/Elderly, Animal Husbandry,  Dairying & Fisheries, Art & Culture, Children, Dalit Upliftment, Drinking Water, Education & Literacy, Food Processing, Human Rights, Information & Communication Technology, Labour & Employment, New & Renewable Energy",elderly_care,,,2020-07-03T00:35:09,TRUE,
f02d0390380840176961ee25f9ff46d3,AR/2025/0612943,Arunachal Got Talent Charitable Foundation,Society,SR/IT/6045,PAPUM PARE,Arunachal Pradesh,Itanagar Eac,"ITANAGAR, PAPUM PARE DISTRICT ARUNACHAL PRADESH-791111",791111,"Art & Culture, Education & Literacy, Health & Family Welfare, Legal Awareness & Aid, Skill Development, Vocational Training, Youth Affairs",health,,,2025-06-25T18:01:51,FALSE,
a0890020b00240430b81f599f1881001,AR/2017/0162049,ARUNACHAL GRACE OF GREEN SOCIETY,Society,SR/ITA/3864,PAPUM PARE,Arunachal Pradesh,Itanagar,"ARUNACHAL GRACE OF GREEN SOCIETY,D.N Road PO RK MISSION Vivek Vihar Itanagar
Itanagar, Lohit Valley Itanagar
Arunachal Pradesh- 791113",791113,"Art & Culture, Children, Drinking Water, Education & Literacy, Environment & Forests, Health & Family Welfare, HIV/AIDS, Information & Communication Technology, Rural Development & Poverty Alleviation, Sports, Vocational Training",health,,,2017-09-22T10:02:46,TRUE,
20bb0410830a40f29c72766ce2851fb3,AR/2025/0926213,ARUNACHAL GUILD FOR CULTURAL SOCIETY,Society,SRITA7402,PAPUM PARE,Arunachal Pradesh,Itanagar Eac,itanagar papum pare arunachal pradesh 791111,791111,"Agriculture, Art & Culture",other,,,2025-12-17T10:07:09,FALSE,
50ca0230cc07404d13c0247cf3f381c5,AR/2020/0270614,ARUNACHAL HEALTH ORGANISATION,Society,SR/ITA/1986,PAPUM PARE,Arunachal Pradesh,Itanagar,Itanagar,791111,,other,,,2020-12-17T09:21:16,TRUE,
20040b80fd0840cb08269a9db85e7873,AR/2019/0222700,ARUNACHAL HINDI SANSTHAN,Society,SR/ITA/247,PAPUM PARE,Arunachal Pradesh,ITANAGAR,"NITIVIHAR VIP ROAD ITANAGAR
PO/PS-ITANAGAR",791111,"Aged/Elderly, Agriculture, Animal Husbandry,  Dairying & Fisheries, Art & Culture, Biotechnology, Children, Civic Issues, Dalit Upliftment, Differently Abled, Disaster Management, Drinking Water, Education & Literacy, Environment & Forests, Food Processing, Health & Family Welfare, HIV/AIDS, Housing, Human Rights, Information & Communication Technology, Labour & Employment, Land Resources, Legal Awareness & Aid, Micro Finance (SHGs), Micro Small & Medium Enterprises, Minority Issues, New & Renewable Energy, Nutrition, Panchayati Raj, Prisoner's Issues, Right to Information & Advocacy, Rural Development & Poverty Alleviation, Science & Technology, Scientific & Industrial Research, Sports, Tourism, Tribal Affairs, Urban Development & Poverty Alleviation, Vocational Training, Water Resources, Women's Development & Empowerment, Youth Affairs",health,,,2019-01-25T10:37:17,TRUE,
40ec01d0f70940d317d3a12009a115d7,AR/2020/0261897,ARUNACHAL HOLISTIC EDUCATION TRUST,Society,SR/ITA/2719,PAPUM PARE,Arunachal Pradesh,Itanagar,"Institute of Basic Education (IBE),Ganga, Itanagar,Arunachal Pradesh",791111,Education & Literacy,social_welfare,,,2020-08-24T15:43:12,TRUE,
80d70ec0790540957cf27505280a6039,AR/2025/0720869,ARUNACHAL HUSTLE TRUST,Trust,70/2024,PAPUM PARE,Arunachal Pradesh,Itanagar Eac,"Chimpu, Itanagar, PO-Chimpu, PS-Chimpu, Papum Pare District, Arunachal Pradesh, 791113",791113,"Art & Culture, Children, Civic Issues, Education & Literacy, Health & Family Welfare, HIV/AIDS, Skill Development, Tourism, Vocational Training, Youth Affairs",health,,,2025-07-11T14:17:12,FALSE,
b0040660a00c40cb0004f64e99c41475,AR/2018/0185841,ARUNACHAL JESUIT SOCIETY,Society,SR/ITA/970,WEST KAMENG,Arunachal Pradesh,Palizi,"Palizi
Via Seppa",790102,"Art & Culture, Children, Civic Issues, Education & Literacy, Environment & Forests, Health & Family Welfare, Human Rights, Rural Development & Poverty Alleviation, Sports, Women's Development & Empowerment, Youth Affairs",health,,,2018-03-08T18:48:10,TRUE,
40fd0a20d501406e7b18341924c33b47,AR/2025/0781437,"ARUNACHAL KAYAK, CANOE AND RAFTING ASSOCIATION",Society,SR/ITA/7893,UPPER SIANG,Arunachal Pradesh,Yingkiong Circle,"PATUK BUILDING, YINGKIONG MARKET, PO/PS- YINGKIONG, UPPER SIANG, ARUNACHAL PRADESH, 791002",791002,"Disaster Management, Education & Literacy, Environment & Forests, Skill Development, Sports, Tourism, Youth Affairs",environment,,,2025-11-13T15:21:58,FALSE,
200301d0fa02403801a0fb0fa0f65199,AR/2010/0038276,AMYAA,Society,SR-ITA-1263,LOWER DIBANG VALLEY,Arunachal Pradesh,ROING,"AMYAA OFFICE
MAYU-II, ROING
LOWER DIBANG VALLEY DISTRICT
ARUNACHAL PRADESH",792110,"Aged/Elderly, Agriculture, Animal Husbandry,  Dairying & Fisheries, Art & Culture, Children, Civic Issues, Disaster Management, Drinking Water, Education & Literacy, Environment & Forests, Food Processing, Health & Family Welfare, HIV/AIDS, Human Rights, Labour & Employment, Legal Awareness & Aid, Micro Finance (SHGs), Micro Small & Medium Enterprises, Minority Issues, Nutrition, Right to Information & Advocacy, Rural Development & Poverty Alleviation, Tribal Affairs, Vocational Training, Women's Development & Empowerment",health,,,,TRUE,
e08907408f0740282894b53af5522cd0,AR/2024/0436022,AMYAA EDUCATION FOUNDATION,Section 8 Company,U85500AR2023NPL014040,LOWER DIBANG VALLEY,Arunachal Pradesh,Roing,Same as the registered address,792110,"Children, Differently Abled, Disaster Management, Education & Literacy, Environment & Forests, Food Processing, Human Rights, Information & Communication Technology, Labour & Employment, Legal Awareness & Aid, Micro Finance (SHGs), Micro Small & Medium Enterprises, Right to Information & Advocacy, Rural Development & Poverty Alleviation, Science & Technology, Skill Development, Tourism, Tribal Affairs, Vocational Training, Water Resources, Women's Development & Empowerment, Youth Affairs",environment,,,2024-07-26T08:29:32,TRUE,
90f400f0010340c57f85c14cb1f560d9,AR/2025/0754169,ANADI SEVA PRAKALP,Society,SR/ITA/396,PAPUM PARE,Arunachal Pradesh,Itanagar Eac,"ITANAGAR, ARUNACHAL PRADESH",791111,"Aged/Elderly, Animal Husbandry,  Dairying & Fisheries, Animal Welfare, Education & Literacy, Environment & Forests, Health & Family Welfare, Religious",health,,,2025-07-31T15:00:57,FALSE,
20d70c30560240595008fd1e281f7421,AR/2025/0581871,ANATHA PINDDA FOUNDATION,Society,SR/ITA/5529,TAWANG,Arunachal Pradesh,Tawang Hq,"SP Building Complex, next to Hotel Anand, New Market, Tawang",790104,"Aged/Elderly, Children, Civic Issues, Differently Abled, Disaster Management, Education & Literacy, Environment & Forests, Health & Family Welfare, Human Rights, Minority Issues",health,27.59137,91.86515,2025-03-29T10:44:38,FALSE,
70cd06b0c50340c31bc32a32c6ca8620,AR/2020/0262188,ANE ABO WELFARE SOCIETY,Society,SR/ITA/2616,SIANG,Arunachal Pradesh,ARUNACHAL PRADESH,"BASAR, LEPARADA DIST ARUNACHAL PRADESH",791101,"Aged/Elderly, Agriculture, Animal Husbandry,  Dairying & Fisheries, Art & Culture, Biotechnology, Children, Civic Issues, Dalit Upliftment, Differently Abled, Disaster Management, Drinking Water, Education & Literacy, Environment & Forests, Food Processing, Health & Family Welfare, HIV/AIDS, Housing, Human Rights, Information & Communication Technology, Labour & Employment, Land Resources, Legal Awareness & Aid, Micro Finance (SHGs), Micro Small & Medium Enterprises, Minority Issues, New & Renewable Energy, Nutrition, Panchayati Raj, Prisoner's Issues, Right to Information & Advocacy, Rural Development & Poverty Alleviation, Science & Technology, Scientific & Industrial Research, Sports, Tourism, Tribal Affairs, Urban Development & Poverty Alleviation, Vocational Training, Water Resources, Women's Development & Empowerment",health,,,2020-08-21T11:22:05,TRUE,
f04b0c30840b405c1116692752028f74,AR/2023/0349971,ANE MORIAM MISSION SOCIETY,Society,SR/ITA/3423,KURUNG KUMEY,Arunachal Pradesh,Sangram,"PWD Line
Sangram",791118,,other,,,2025-01-09T14:50:46,TRUE,
20c40080080b40000828f494178f4453,AR/2018/0215259,ANE RURAL DEVELOPMENT SOCIETY,Society,SR/ITA/2900,WEST SIANG,Arunachal Pradesh,AALO,"AALO, WEST SIANG",791001,"Children, Civic Issues, Women's Development & Empowerment",social_welfare,,,2018-11-20T11:07:44,TRUE,
10270a60260740830958b41cc04f2652,AR/2019/0237807,ANE SIANG WELFARE SOCIETY,Society,SR/ITA/5811,EAST SIANG,Arunachal Pradesh,PASIGHAT,"TABING HOUSE, LOWER BANSKOTA
BACKSIDE KAMPO BAKERY",791102,"Aged/Elderly, Agriculture, Art & Culture, Children, Civic Issues, Differently Abled, Education & Literacy, Information & Communication Technology, Minority Issues, Rural Development & Poverty Alleviation, Skill Development, Tribal Affairs, Vocational Training",elderly_care,,,2019-07-27T13:30:21,TRUE,
30260950fb09408b17e2f11aa7b74977,AR/2021/0299838,aneabocharitablesociety,Society,SR/ITA/7107,WEST SIANG,Arunachal Pradesh,TATO,"H.Q.TATODISTRICT WEST SIANG ARUNACHAL PRADESH
PIN CODE-791003",791003,"Aged/Elderly, Agriculture, Animal Husbandry,  Dairying & Fisheries, Art & Culture, Civic Issues, Differently Abled, Disaster Management, Drinking Water, Food Processing, Health & Family Welfare, HIV/AIDS, Housing, Human Rights, Information & Communication Technology, Labour & Employment, Land Resources, Legal Awareness & Aid, Micro Finance (SHGs), Micro Small & Medium Enterprises, New & Renewable Energy, Nutrition, Panchayati Raj, Right to Information & Advocacy, Rural Development & Poverty Alleviation, Skill Development, Sports, Tourism, Tribal Affairs, Urban Development & Poverty Alleviation, Water Resources, Women's Development & Empowerment, Youth Affairs",health,,,2022-01-10T11:28:59,TRUE,
20fb0230280b40a01683777218e34fa8,AR/2020/0263396,ANGONG AJON MULTIPURPOSE COOPERATIVE SOCIETY LTD.,Society,NO.COOP(ORG)283/2018,SIANG,Arunachal Pradesh,Pangin,"VillPangin
P.O/P.SPangin
DistrictSiang
StateArunachal Pradesh",791102,"Agriculture, Art & Culture, Children, Civic Issues, Education & Literacy, Environment & Forests, Food Processing, Human Rights, Skill Development",environment,,,2020-09-07T12:24:30,TRUE,
20fd0f30160b40dd74855853e6646047,AR/2025/0755667,Angulimala Welfare Society,Society,SR/ITA/7729,NAMSAI,Arunachal Pradesh,Chongkham Eac,"Chongkham1- opposite Golden Pagoda, Namsai District, Arunachal Pradesh.",792102,"Aged/Elderly, Agriculture, Animal Husbandry,  Dairying & Fisheries, Animal Welfare, Children, Environment & Forests, Health & Family Welfare, HIV/AIDS, Skill Development, Vocational Training, Women's Development & Empowerment, Youth Affairs",health,,,2025-08-01T15:20:48,FALSE,
f0fc0aa0ca0340528472306083950987,AR/2025/0826307,ANNE KARCHI TRUST,Trust,305 dated 16/03/2025,EAST KAMENG,Arunachal Pradesh,Seppa Hq,Seppa Hq East Kameng district Arunachal Pradesh pin790102,790102,"Aged/Elderly, Agriculture, Animal Husbandry,  Dairying & Fisheries, Art & Culture, Children, Dalit Upliftment, Differently Abled, Education & Literacy",elderly_care,,,2025-09-21T14:59:44,FALSE,
90fc05c0c305409f00f41800e6c71748,AR/2017/0154449,Anne Yadung Memorial Trust,Trust,B-IV-340/15,PAPUM PARE,Arunachal Pradesh,Naharlagun,"Post Box No. 290, Rakap Colony Naharlagun, Papum Pare District",791110,Dalit Upliftment,other,,,,TRUE,
e0ca02904a01409e1497e21216f21077,AR/2023/0353584,ANNU WELFARE SOCIETY,Society,SR/ITA/7572,WEST SIANG,Arunachal Pradesh,Aalo,"Aalo Yijo Near ALG, P.O/P.S= Aalo, West Siang Dist. Arunachal Pradesh",791001,Children,social_welfare,,,2023-10-07T15:17:39,TRUE,
706300a03906401a14e2719262020dd5,AR/2021/0302101,ANTIQUE MULTIPURPOSE COOPERATIVE SOCIETY LTD,Society,Coop(ORG) 157/2016,LOWER SUBANSIRI,Arunachal Pradesh,ziro,"SSB Gate (Abulyang)
Post Box no.66
Ziro
Lower Subansiri District",791120,"Agriculture, Panchayati Raj, Skill Development, Women's Development & Empowerment, Youth Affairs",social_welfare,,,2021-12-31T16:51:55,TRUE,
c07c02807c0c400119647a6510a58124,AR/2022/0307513,ANU AMI MULTIPURPOSE COOPERATIVE SOCIETY LTD,Trust,COOP(ORG)1071/2021,PAPUM PARE,Arunachal Pradesh,ITANAGAR,"ABOTANI COLONY, ITANAGAR, PO/PS ITANAGAR, PAPUM PARE DISTRICT, ARUNACHAL PRADESH, 791111",791111,"Agriculture, Animal Husbandry,  Dairying & Fisheries, Civic Issues, Drinking Water, Micro Finance (SHGs), Tribal Affairs, Vocational Training, Women's Development & Empowerment, Youth Affairs",social_welfare,,,2022-02-28T18:03:27,TRUE,
a0d103901b0140cf0461b73568ad45b8,AR/2010/0029255,APACETS,Society,SR/ITA/510.,WEST KAMENG,Arunachal Pradesh,RUPA,"Near M/S Rupa Lamps Ltd, Rupa, PO/PS Rupa West Kameng District Arunachal pradesh PIN 790003",790003,"Aged/Elderly, Agriculture, Animal Husbandry,  Dairying & Fisheries, Art & Culture, Biotechnology, Children, HIV/AIDS, Housing, Human Rights, Information & Communication Technology, Labour & Employment, Legal Awareness & Aid, Micro Finance (SHGs), Micro Small & Medium Enterprises, Minority Issues, New & Renewable Energy, Panchayati Raj",elderly_care,,,2018-01-09T11:03:05,TRUE,
002902b0a50540511731568289042e17,AR/2021/0274493,Apex Professional University,Trust,ACT No 07 of 2013,EAST SIANG,Arunachal Pradesh,Pasighat,"NH 52, Gumin Nagar",791102,,other,,,2021-02-05T11:11:01,TRUE,
100d02300c0040ca1e41e78ae6555149,AR/2021/0298964,APPLE ACRES ASSOCIATION,Society,5984,PAPUM PARE,Arunachal Pradesh,ARUNACHAL PRADESH,"SENKI PARK, ITANAGAR PINCODE -791113",791113,,other,,,2021-11-19T11:07:58,TRUE,
30380b208108400b27198f21d3222b59,AR/2025/0488422,APRIL BLOSSOM FOUNDATION,Society,SR/ITA/7467,PAPUM PARE,Arunachal Pradesh,NAHARLAGUN,"LEKHI VILLAGE, NAHARLAGUN, PAPUM PARE DISTRICT, ARUNACHAL PRADESH",791110,"Children, Education & Literacy",social_welfare,,,2025-01-05T15:26:53,TRUE,
20410600860c40af1721c36866510c96,AS/2021/0287403,"	BRIGHT FUTURE FOR PEOPLES AND RURAL AREA DEVELOPMENT OF ASSAM",Society,RS/MRG/245/G/02,MARIGAON,Assam,Morigaon,"Old UBI Bank Building, 2nd floor, Bhuragaon Natun Bazar, P.O. Bhuragaon, P.S. Bhuragaon, MARIGAON, 782121",782121,"Aged/Elderly, Agriculture, Animal Husbandry,  Dairying & Fisheries, Art & Culture, Biotechnology, Children, Civic Issues, Dalit Upliftment, Differently Abled, Disaster Management, Drinking Water, Education & Literacy, Environment & Forests, Food Processing, Health & Family Welfare, HIV/AIDS, Housing, Human Rights, Information & Communication Technology, Labour & Employment, Land Resources, Legal Awareness & Aid, Micro Finance (SHGs), Micro Small & Medium Enterprises, Minority Issues, New & Renewable Energy, Nutrition, Panchayati Raj, Prisoner's Issues, Right to Information & Advocacy, Rural Development & Poverty Alleviation, Science & Technology, Scientific & Industrial Research, Skill Development, Sports, Tourism, Tribal Affairs, Urban Development & Poverty Alleviation, Vocational Training, Water Resources, Women's Development & Empowerment, Youth Affairs",health,,,2021-07-01T12:16:54,TRUE,
80a80a509a0e40012498af09281b4fa2,AS/2024/0485256,(OSCI),Trust,IN-AS37323618719963V,KAMRUP METRO,Assam,GUWAHATI,"H.NO.07, BYE LANE 01, SWAGATA PATH, HATIGAO CHARILI",781038,Health & Family Welfare,health,,,2024-12-30T20:13:25,TRUE,
505f04903e0e40368555ca3e23d88131,AS/2025/0853381,1 NO BHELKAR UDIYAMAN JUBAK PUTHIBHARAL,Society,RS/ KAM-R/240/A-23/210,KAMRUP,Assam,Hajo,"Vill- 1 No Bhelkar, P.O- Bhelkar Bazar, P.S- Hajo",781102,"Art & Culture, Education & Literacy, Environment & Forests",environment,,,2025-10-14T20:39:08,FALSE,
604a09a07401401e11f6b013f0060cb3,AS/2023/0349540,1 NO PUB RATIADAHA HAZARAT KHADIZATUL KUBRA BANAT MADRASSA,Trust,136 IV 31,DHUBRI,Assam,DHUBRI,VILL PUB RATIADAHAPO BISONDAI PS GOLOKGANJ DISTRICT DHUBRI ASSAM PIN 783334,783334,Education & Literacy,social_welfare,,,2023-06-27T11:11:40,TRUE,
e02e0b20470f40ed95b36695a0265317,AS/2025/0939057,2 NO BAGHMORA L P SCHOOL,Society,PROVN/LP/316/2013/15,DIBRUGARH,Assam,Naharkatiya,"VILL-NO 2 BAGHMARA, P.O-JOYPUR, DIST-DIBRUGARH",786614,Education & Literacy,social_welfare,,,2025-12-27T10:59:58,FALSE,
00c909d08b0240532214653f820a3b54,AS/2024/0412023,2 NO FATASIL GANESHPARA BORO SAMAJ,Society,RS/KAM(M)-02/263/368 OF 22-23,KAMRUP METRO,Assam,GUWAHATI,"FATASIL GANESHPARA, P.O. AMBARI FATASIL, P.S. AMBARI FATASIL, GUWAHATI, DIST, KAMRUP METRO, 781025",781025,,other,,,2024-05-13T14:51:52,TRUE,
40ca0e80e103405b93583e3f792c9791,AS/2026/0983991,2 NO LOHARKATHA ISLAMIA MADRASSA,Society,RS/NAL/246/P/58 OF 2022-2023,KAMRUP METRO,Assam,Guwahati,DISPUR,781005,"Aged/Elderly, Agriculture, Animal Husbandry,  Dairying & Fisheries, Animal Welfare, Art & Culture, Children, Drinking Water, Education & Literacy, Environment & Forests, Health & Family Welfare, Human Rights, Labour & Employment, Land Resources",health,,,2026-02-05T13:52:59,FALSE,
e0bb0fc0470240167dd9478166c23361,AS/2025/0798631,2 NO PIPAL PUKHURI KAMPURIYA NAMGHAR,Society,RS/HOJ/268/RFSRS/202500281,HOJAI,Assam,Hojai,"Vill 2 No Pipal Pukhuri, P.O 1 No Pipal Pukhuri, P.S. Lanka, Dist. Hojai Assam Pin No 782446",782446,Religious,other,,,2025-09-05T11:26:50,FALSE,
103201501c0340763691f07915410339,AS/2025/0515754,2 NO. BARDOLONI ANCHALIK RURAL DEVELOPMENT SOCIETY (ARDS) NGO,Society,RS/BAR/237/L/87 OF 2009,BARPETA,Assam,BAGHBAR,"VILL- 2 NO. BARDALONI, PO- MANDIA, PS- BAGHBAR, BARPETA-781308, ASSAM",781308,"Aged/Elderly, Agriculture, Animal Husbandry,  Dairying & Fisheries, Art & Culture, Children, Civic Issues, Disaster Management, Drinking Water, Education & Literacy, Environment & Forests, Health & Family Welfare, Human Rights, Labour & Employment, Sports, Women's Development & Empowerment",health,,,2025-02-28T14:18:54,TRUE,
70dc0120080640348b257a53a7d28407,AS/2025/0855787,2 NO. CHAIBARI MAA KALI MONDIR PORICHALONA COMMITTEE,Society,RS/GOAL/251/RFSRS/20250636230,GOALPARA,Assam,Lakhipur,VILL CHAIBARI PO JOYRAMKUCHI PS LAKHIPUR DIST GOALPARA PIN 783129,783129,Religious,other,,,2025-10-17T14:03:51,FALSE,
702105e01c0741710ac2e40ce1ef38e9,AS/2026/1020139,2 NO. KHARGHULI UNNAYAN SAMMITEE,Society,RS/KAM M-03/263//543 of 2022-2023,KAMRUP METRO,Assam,Dispur,"VILL-KHARGHULI, P.O.-NARENGI, P.S.-PRAGJYOTISHPUR, DIST-KAMRUP METRO, ASSAM, PIN-781026",781026,"Environment & Forests, Health & Family Welfare",health,,,2026-03-07T13:41:14,FALSE,
40fa0ba0a20a41a60bb02d96b68a6b49,AS/2026/1009669,36TH COE KAZIRANGA,Trust,20160867,SONITPUR,Assam,Tezpur,"AROHAN, BASANTIPUR, TEZPUR, SONITPUR, ASSAM, 784001",784001,"Health & Family Welfare, Science & Technology",health,,,2026-02-25T21:02:47,FALSE,
b02107c0dc0240306948fa9ba59a3421,AS/2025/0689531,4 OR 7 BASHBARI NATOSHURJYA SOCIETY,Society,RS/BONG/252/H/22 OF 2019-2020,BONGAIGAON,Assam,Manikpur,"VILL-BASHBARI NO 7,P.O-SALABILA
P.S-MANIKPUR,DIST-BONGAIGAON,ASSAM",783392,"Agriculture, Education & Literacy",social_welfare,,,2025-06-21T12:54:44,FALSE,
106f0a809e0040d97e776017046d3199,AS/2025/0771439,5 NO JAMDOHA(NADHIYAPARA) SABETRI MAHILA SAMITTEE,Society,RS/BONG/252/RFS-Regn of soc/202302974 of 2023-2024,BONGAIGAON,Assam,Manikpur,VILL 5NO JAMDOHA PO GERUKABARI PS MANIKPUR DIST BONGAIGAON SUB DIST MANIKPUR PIN 783390,783390,"Agriculture, Micro Small & Medium Enterprises",other,,,2025-08-13T22:22:39,FALSE,
80fc0fd00001403769602d56306981e9,AS/2025/0605089,7WEAVES RESEARCH FOUNDATION,Section 8 Company,U85300AS2022NPL022583,KAMRUP METRO,Assam,Guwahati,"C/o- Anu Dewa B.K Kakati Road, Ulubari Guwahati, Guwahati, Kamrup, Assam, India, 781007",781007,"Art & Culture, Biotechnology, Education & Literacy, Environment & Forests, Information & Communication Technology, Science & Technology, Scientific & Industrial Research, Vocational Training, Youth Affairs",environment,26.1683,91.7541,2025-04-23T16:53:08,FALSE,
a04d0830b70540f70973437065c90285,AS/2017/0167971,A CHIK BAPTIST CONVENTION,Trust,29,BONGAIGAON,Assam,BONGAIGAON,"BAGPARA, P.O KHAGARPUR, DIST: BONGAIGAON",783383,"Agriculture, Children, Education & Literacy, Health & Family Welfare, Women's Development & Empowerment, Youth Affairs",health,,,2019-06-11T17:46:09,TRUE,
e0190ff07c0141cc06305761925b6d79,AS/2026/1006269,A M MARKAZ ACADEMY,Trust,2025/IGR027/4/6,GOALPARA,Assam,Lakhipur,VILL NIDANPUR PT II P.O LAKHIPUR P.S LAKHIPUR DIST GOALPARA ASSAM 783129,783129,"Art & Culture, Children, Education & Literacy",social_welfare,,,2026-02-25T17:12:10,FALSE,
10ad02f07b0640210b248b7e494d7256,AS/2018/0186760,A RAY OF HOPE SOCIETY,Society,NCH/259//B/13,DIMA HASAO,Assam,HAFLONG,"C/O:Madhu Sudhan Sarkar,Haflong Bazar
PO/PS:HAFLONG",788819,Youth Affairs,other,,,2018-07-26T11:26:43,TRUE,
40bc07c0710840ec0716c58fb03b8049,AS/2019/0233062,A SOCIAL FOR HUMAN RESOURCE ORGANISATION AND IMPROVEMENTS,Society,RS/NAL/246/G/13 OF 2010-2011,NALBARI,Assam,Nalbari,"Barkura, P.O. Nalbari, P.S. Nalbari, Dist. Nalbari, PIN 781341, Assam
",781353,Civic Issues,social_welfare,,,2020-02-14T19:52:08,TRUE,
20b50be06206407c21981c99691d1890,AS/2024/0472998,A.M.C. ALUMNI ASSOCIATION & ACADEMIC FORUM,Society,RS/KAM(M)/263/E/374,KAMRUP METRO,Assam,Guwahati,"Saharia Blood Bank krine Vista apartment block A, A-12 Bhangagarh PO PS bhangagarh Kamrup metro 781005",781005,,other,,,2024-12-07T10:31:17,TRUE,
e0330fa0c40540ee1659d508e0fa5e98,AS/2023/0343122,A1 FOUNDATION,Trust,"sl.no-8431,deed no-1491",KAMRUP METRO,Assam,GUWAHATI,"HOUSE NO-39,LAKHINGAR,R.G BORUAH ROAD,GUWAHATI,PIN-781005",781005,"Agriculture, Animal Husbandry,  Dairying & Fisheries, Art & Culture, Children, Dalit Upliftment, Disaster Management, Drinking Water, Education & Literacy, Environment & Forests, Food Processing, Health & Family Welfare, HIV/AIDS, Housing, Human Rights, Information & Communication Technology, Labour & Employment, Legal Awareness & Aid, Micro Finance (SHGs), Micro Small & Medium Enterprises, Minority Issues, New & Renewable Energy, Nutrition, Panchayati Raj, Right to Information & Advocacy, Rural Development & Poverty Alleviation, Science & Technology, Sports, Tourism, Vocational Training, Women's Development & Empowerment, Youth Affairs",health,,,2023-04-11T13:16:15,TRUE,
50a809907a0d403420778e7548ae2758,AS/2024/0445605,AABELI EMPOWERING MIND,Society,RS/KAM(M)/263/RFSRS/202402108,KAMRUP METRO,Assam,Guwahati,"Flat No. E-7, Augustina Plaza, Azara, Guwahati, Kamrup (M)",781017,"Aged/Elderly, Education & Literacy, Labour & Employment, Micro Small & Medium Enterprises, New & Renewable Energy, Rural Development & Poverty Alleviation, Science & Technology, Skill Development, Vocational Training, Youth Affairs",elderly_care,,,2024-09-02T11:35:58,TRUE,
f09b0a309c0f409a3bb11d16e3005124,AS/2025/0508319,AADAB CHARITABLE FOUNDATION,Section 8 Company,U85500AS2024NPL027320,DHUBRI,Assam,Dhubri,"C/o Rezzak Hussain, Bidyapara, Bhatigaon, Amco Road, Dhubri, Dhubri- 783323, Assam",783323,"Agriculture, Art & Culture, Children, Education & Literacy, Labour & Employment, Rural Development & Poverty Alleviation",social_welfare,,,2025-02-01T12:30:22,TRUE,
30a20ff0650940ac02284d22e06e0476,AS/2019/0238189,AADHAAR SHIKSHA TRUST,Trust,9214,KAMRUP METRO,Assam,GUWAHATI,"C/o MINI BORO, HOUSE NO 21, ULUBARI, KACHARI BASTI, GUWAHATI 781007",781007,Education & Literacy,social_welfare,,,2019-07-24T11:03:06,TRUE,
70460160f608406715369f74e16666e3,AS/2023/0351870,AADHUNIK INDIA FOUNDATION,Trust,199/2023,UDALGURI,Assam,Udalguri,"House No171, No 1 Garuajhar, P.O.Garuajhar, P.S.Panery, DistrictUdalguri, BTR, Assam784523",784523,"Aged/Elderly, Animal Husbandry,  Dairying & Fisheries, Art & Culture, Children, Differently Abled, Disaster Management, Drinking Water, Education & Literacy, Environment & Forests, Health & Family Welfare, HIV/AIDS, Human Rights, Labour & Employment, Land Resources, Legal Awareness & Aid, Micro Finance (SHGs), Micro Small & Medium Enterprises, Minority Issues, New & Renewable Energy, Nutrition, Panchayati Raj, Right to Information & Advocacy, Rural Development & Poverty Alleviation, Science & Technology, Skill Development, Sports, Tribal Affairs, Vocational Training, Water Resources, Women's Development & Empowerment, Youth Affairs",health,,,2023-07-25T20:52:01,TRUE,
a0190690e30940aa3e235913326256e2,AS/2025/0533441,AADHYA FOUNDATION,Society,RS/JOR/238/RFSRS/202402916,JORHAT,Assam,Jorhat,Bongal pukhuriali jorhat,785001,"Aged/Elderly, Agriculture, Animal Husbandry,  Dairying & Fisheries, Animal Welfare, Art & Culture, Biotechnology, Children, Civic Issues, Dalit Upliftment, Differently Abled, Disaster Management, Drinking Water, Education & Literacy, Environment & Forests, Food Processing, Health & Family Welfare, HIV/AIDS, Housing, Human Rights, Information & Communication Technology, Labour & Employment, Land Resources, Legal Awareness & Aid, Micro Finance (SHGs), Micro Small & Medium Enterprises, Minority Issues, New & Renewable Energy, Nutrition, Panchayati Raj, Prisoner's Issues, Right to Information & Advocacy, Rural Development & Poverty Alleviation, Science & Technology, Scientific & Industrial Research, Skill Development, Sports, Tourism, Tribal Affairs, Urban Development & Poverty Alleviation, Vocational Training, Water Resources, Women's Development & Empowerment, Youth Affairs",health,,,2025-02-24T19:27:18,TRUE,
30ae03f0ba0a40598857e81db1da4923,AS/2025/0871143,AADI SAMAJ KALYAN SANGHA,Society,RS/CS/243/RFSRS/202501079,CACHAR,Assam,Silchar,"MAHADEV BARI ROAD, KANAKPUR PART-II, RANGIRKHARI, SILCHAR",788005,"Aged/Elderly, Art & Culture, Civic Issues, Dalit Upliftment, Disaster Management, Education & Literacy, Environment & Forests, Health & Family Welfare, Human Rights, Prisoner's Issues, Religious, Right to Information & Advocacy, Rural Development & Poverty Alleviation, Skill Development, Sports, Youth Affairs",health,,,2025-11-20T09:31:20,FALSE,
d06900f0f808402088a1d64075799723,AS/2025/0814593,AADIMAH TRUST,Trust,F054315,KAMRUP METRO,Assam,Guwahati,"HOUSE NO 14, MADHABDEVPUR, M.A. ROAD, REHABARI, PO REHABARI, PS PALTAN BAZAR, GUWAHATI 781008",781008,Education & Literacy,social_welfare,,,2025-09-12T17:06:41,FALSE,
d0df0a107b0c409b0117863910768bc1,AS/2019/0234956,Aaditri Foundation,Society,RS/KAM(M)/263/T/345,KAMRUP METRO,Assam,GUWAHATI,"H.No-01, August Kanti Path, Beltola, P.O. Khanapara, P.S. Dispur, Guwahati, District- Kamrup Metro, Assam,",781028,,other,,,2019-06-15T11:28:26,TRUE,
80840cc06201407b7e679f77d36e0237,AS/2025/0777307,AADITYA FOUNDATION,Trust,2025/IGR035/4/4,BARPETA,Assam,Barpeta,KAGACHIA DIST-BARPETA ASSAM,783392,"Aged/Elderly, Agriculture, Animal Husbandry,  Dairying & Fisheries, Animal Welfare, Art & Culture, Biotechnology, Children, Civic Issues, Dalit Upliftment, Differently Abled, Disaster Management, Drinking Water, Education & Literacy, Environment & Forests, Food Processing, Health & Family Welfare, HIV/AIDS, Housing, Human Rights, Information & Communication Technology, Labour & Employment, Land Resources, Legal Awareness & Aid, Micro Finance (SHGs), Micro Small & Medium Enterprises, Minority Issues, New & Renewable Energy, Nutrition, Panchayati Raj, Prisoner's Issues, Religious, Right to Information & Advocacy, Rural Development & Poverty Alleviation, Science & Technology, Scientific & Industrial Research, Skill Development, Sports, Tourism, Tribal Affairs, Urban Development & Poverty Alleviation, Vocational Training, Water Resources, Women's Development & Empowerment, Youth Affairs",health,,,2025-08-16T12:21:08,FALSE,
001b03a0a20740d49a87438032287389,AS/2026/0978279,AADYA SOCIETY,Society,RS/KAM M-03/263/526 - 2022-2023,KAMRUP METRO,Assam,Guwahati,"ZURONI, P.O. UZANBAZAR, P.S. LATASIL, GUWAHATI, DISTRICT KAMRUP METRO, ASSAM - 781001",781001,"Education & Literacy, Labour & Employment, Legal Awareness & Aid, Skill Development, Vocational Training",social_welfare,,,2026-01-31T17:08:38,FALSE,
e0fd0ae08503400502d5c84b107668c1,AS/2018/0218457,AADYA SRISHTI KALA MANDIR CULTURAL SOCIETY,Society,RS/TSK/244/F/13 of 2018-2019,TINSUKIA,Assam,Tinsukia,"S. DAHUTIA ROAD ,
BORPATHAR , TINSUKIA , TINSUKIA",786125,"Art & Culture, Children, Education & Literacy, Environment & Forests, Health & Family Welfare, Legal Awareness & Aid, Rural Development & Poverty Alleviation, Women's Development & Empowerment, Youth Affairs",health,,,2018-12-10T23:07:13,TRUE,
500f05f0c60640711652666ce30a9a85,AS/2020/0259890,AAGAN,Society,RS/KJR/253/T/23 OF 2019 - 2020,KOKRAJHAR,Assam,Kokrajhar,"Hathimata Road, Ward No: 8, Opposite Surat Press, Kokrajhar, Assam.",783370,"Agriculture, Education & Literacy, Environment & Forests, Health & Family Welfare, Rural Development & Poverty Alleviation",health,,,2020-07-10T11:03:44,TRUE,
a0030500010840d91eb7847242aa2f46,AS/2023/0339218,AAGAN CHARITABLE TRUST,Trust,1497/IV/75,KOKRAJHAR,Assam,KOKRAJHA,"SANTINAGAR
PO- DOTMA
DIST-KOKRAJHAR
ASSAM",783347,,other,,,2023-03-03T08:56:11,TRUE,
d06a01d0010740ff2707b31e06f55e85,AS/2024/0453649,AAHID CONSULTANCY BUSINESS CORRESPONDENTS TECHNOLOGIES PRIVATE LIMITED,Section 8 Company,U82990AS2024PTC027039,DHUBRI,Assam,BILASIPARA,"VILL-TUSHPARA, PO-BARKANDA, PS- BILASIPARA
DIST-DHUBRI ASSAM PIN-783348",783348,,other,,,2024-09-27T11:49:33,TRUE,
20b40f80c70140a38245c674d7b341d3,AS/2025/0857743,AAIAXOMI MICROSERVICE FOUNDATION,Section 8 Company,U88900AS2025NPL028984,KAMRUP,Assam,Kamalpur,"Agdola, Baihata Chariali, Kamrup, Assam, 781381",781381,"Micro Finance (SHGs), Micro Small & Medium Enterprises, Rural Development & Poverty Alleviation, Women's Development & Empowerment, Youth Affairs",social_welfare,,,2025-10-18T21:30:58,FALSE,
603302f05c0340a50a00a496a5562481,AS/2016/0111985,AAINA,Society,KAM(M)263/C/672-2012-13,KAMRUP METRO,Assam,Guwahati,"H.No.26, Pragati path, Chandan nagar, Ghoramara, P.O.Beltola,Guwahati-28",781028,Women's Development & Empowerment,social_welfare,,,,TRUE,
702d0fe0e40f402428e93443484d8dc1,AS/2024/0474374,AAJ FOUNDATION,Trust,AAITA8202E24KL01,KAMRUP METRO,Assam,GUWAHATI,"Saraswati Palace, House No. 4/5,
Dr. B. C. Das Lane, F. A. Road",781001,,other,,,2024-12-11T10:37:10,TRUE,
a0780a70900f40ae0c03a65b343f6335,AS/2017/0167182,AAKAR,Society,KAM / 240/A-10/961 OF 2007,KAMRUP METRO,Assam,GUWAHATI,"AAKAR (NG0)
(SCHOOL OF PERFORMING",781011,Art & Culture,other,,,2017-10-18T12:12:28,TRUE,
a0b60ca07609409d2318227152ac22b4,AS/2025/0495783,AAKHIKH: THE HOUSE OF BLESSINGS,Trust,2024/IGR015/4/606,KAMRUP METRO,Assam,GUWAHATI,"3rd floor, Bhuyan Mansion, near UCO Bank, Lakhimi Service, Guwahati, pin-781003, Assam",781003,,other,,,2025-01-17T15:01:48,TRUE,
20ff03905602409b7876464fd50772d5,AS/2025/0764575,AAKRIIDA CENTRE OF EXCELLENCE,Society,202501668,KAMRUP METRO,Assam,Guwahati,"House no 5, Bye lane 4 , Rajgarh Link Road, Anil Nagar , PO - Lachit Nagar, PS - Geeta Nagar",781007,Sports,other,,,2025-10-10T17:22:01,FALSE,
d00f07a0510040dc5b78808c26535847,AS/2025/0588657,AAKSHAR FOUNDATION,Society,RS/BAR/237/RFSRS/202402354 OF 2024-2025,BARPETA,Assam,Sarthebari,"NASATRA, PO-NASATRA, PS-SARTHEBARI",781307,"Art & Culture, Civic Issues, Disaster Management, Drinking Water, Education & Literacy, Health & Family Welfare, Labour & Employment, Rural Development & Poverty Alleviation, Skill Development, Urban Development & Poverty Alleviation, Vocational Training, Water Resources, Women's Development & Empowerment, Youth Affairs",health,26.32244,91.05936,2025-04-06T18:04:17,FALSE,
206a05f0220940461cf4c444b2131f84,AS/2022/0313596,AALOK PRAVANJYAN WELFARE SOCIETY,Trust,16416,KAMRUP METRO,Assam,Guwahati,GNB Road Chandmari Colony Chandmari Guwahati 781003,781003,"Agriculture, Art & Culture, Civic Issues, Education & Literacy, Health & Family Welfare, Information & Communication Technology, Labour & Employment, Legal Awareness & Aid, Rural Development & Poverty Alleviation, Science & Technology, Skill Development, Tribal Affairs, Vocational Training, Women's Development & Empowerment, Youth Affairs",health,,,2022-05-02T19:52:42,TRUE,
d0f20d80ec0040b32c74698557f97f64,AS/2024/0413697,AAMAR MANU AAMI ASU FOUNDATION,Section 8 Company,U88900AS2023NPL025651,KAMRUP METRO,Assam,Guwahati,"Flat No.T2B-8B, Uttarayan Ville, Kahilipara, Guwahati – 781 019 (Assam)",781019,"Children, Education & Literacy, Women's Development & Empowerment",social_welfare,,,2024-05-10T18:23:40,TRUE,
20270e90fe0c40a829813275878133a3,AS/2023/0378475,AANANDA-MINATI AND SURESH CHANDRA RAJKHOWA MEMORIAL FOUNDATION,Trust,SL NO-15097 DEED NO-2611,KAMRUP METRO,Assam,GUWAHATI,"SANTUSTI,HOUSE NO-08,LAKHESWAR BARUAH PATH,NEW GUWAHATI,P.O-NOONMATI",781020,"Aged/Elderly, Art & Culture, Children, Dalit Upliftment, Education & Literacy, Environment & Forests",environment,,,2024-11-29T17:10:34,TRUE,
c0340900190440f826728d6e920058d9,AS/2024/0431126,AANK_A CREATIVE LINE,Society,RS/KAM(M)/263/S/143 OF 2018-20,KAMRUP METRO,Assam,GUWAHATI KAMRUP METROPOLITAN,"Nice N Novel Lankmark, House No 26, Flat No 301",781006,Art & Culture,other,,,2024-07-08T11:11:38,TRUE,
d0de05e0130840e30e72077d128a69a6,AS/2017/0164860,AANRKAPOR,Society,KAM(M)/263/D/170,KAMRUP METRO,Assam,Guwahati,"AANRKAPOR
C/O Dhiraj Kumar
S/O Arjun Ch. Kumar
P O Maligaon
Vill Gotanagar PNGB Road
House No 4
Near Gotanagar Nursery
Guwahati 781011
",781011,"Art & Culture, Children",social_welfare,,,2017-10-13T16:06:15,TRUE,
600c01f0950140001ca7dd5124148452,AS/2023/0338687,AARADHYA,Society,RS/KAM(M)/263/J/585 OF 2014-15,KAMRUP METRO,Assam,KAMRUP METRO,"BIRUBARI ROAD, WEST KAMAL NAGAR, WARD NO. 23, P.O. RUPNAGAR, GUWAHATI, KAMRUP METRO-781032
",781032,"Aged/Elderly, Agriculture, Animal Husbandry,  Dairying & Fisheries, Art & Culture, Biotechnology, Children, Civic Issues, Dalit Upliftment, Differently Abled, Disaster Management, Drinking Water, Education & Literacy, Environment & Forests, Food Processing, Health & Family Welfare, HIV/AIDS, Housing, Human Rights, Information & Communication Technology, Labour & Employment, Land Resources, Legal Awareness & Aid, Micro Finance (SHGs), Micro Small & Medium Enterprises, Minority Issues, New & Renewable Energy, Nutrition, Panchayati Raj, Prisoner's Issues, Right to Information & Advocacy, Rural Development & Poverty Alleviation, Science & Technology, Scientific & Industrial Research, Skill Development, Sports, Tourism, Tribal Affairs, Urban Development & Poverty Alleviation, Vocational Training, Water Resources, Women's Development & Empowerment, Youth Affairs",health,,,2023-02-20T15:41:41,TRUE,
406a0eb0b60040d009d22e15a13a0907,AS/2017/0117108,Aaranyak,Society,3096 of 1989-90,KAMRUP METRO,Assam,Guwahati,"Aaranyak, 13, Tayab Ali Byelane
Bishnu Rabha Path,
Beltola Tinali – Bhetapara link Road,
P.O. Beltola, Guwahati, Assam781028
",781028,"Agriculture, Animal Husbandry,  Dairying & Fisheries, Animal Welfare, Disaster Management, Drinking Water, Education & Literacy, Environment & Forests, Information & Communication Technology, Legal Awareness & Aid, Micro Finance (SHGs), New & Renewable Energy, Nutrition, Rural Development & Poverty Alleviation, Science & Technology, Scientific & Industrial Research, Skill Development, Tourism, Tribal Affairs, Vocational Training, Water Resources, Women's Development & Empowerment, Youth Affairs",environment,,,,TRUE,
20bc0c70c90c40f97d36137de2e45dd5,AS/2025/0767255,AARHI IMPACT FOUNDTION,Section 8 Company,U88900AS2025NPL028634,KAMRUP METRO,Assam,Guwahati,"Chandra Teron Path, Kahilipara",781019,"Agriculture, Children, Disaster Management, Education & Literacy, Environment & Forests, Information & Communication Technology, Micro Small & Medium Enterprises, Skill Development, Women's Development & Empowerment",environment,,,2025-08-16T09:56:35,FALSE,
d04102f02e00403818c55a44976a4b54,AS/2022/0331949,AARIAN JYOTI,Society,RA/KAM(M)/263/L/370,KAMRUP METRO,Assam,Guwahati,H No 16Nilmoni Path Christian Basty,781005,"Agriculture, Art & Culture, Children, Education & Literacy, Health & Family Welfare, Sports, Vocational Training, Women's Development & Empowerment",health,,,2022-12-19T21:57:10,TRUE,
30690af03300419505a3bb69741795c1,AS/2026/1036491,AAROGGYA SEWVA NGO,Society,RS/JOR/238/RFS- Regn of soc/202516055 of 2025-2026,JORHAT,Assam,Titabor,"Aaroggya Sewva NGO, Deogharia Grant, Titabor, Deogharia, PO - Deogharia, PS - Titabor,
Dist. - JORHAT, Pin - 785630",785630,"Aged/Elderly, Animal Welfare, Art & Culture, Children, Civic Issues, Differently Abled, Education & Literacy, Environment & Forests, Health & Family Welfare, HIV/AIDS, Human Rights, Legal Awareness & Aid, Nutrition, Rural Development & Poverty Alleviation, Skill Development, Sports, Tribal Affairs, Vocational Training, Women's Development & Empowerment, Youth Affairs",health,,,2026-03-20T21:30:15,FALSE,
b0dd0ea0780740f88979c71d344c3a39,AS/2025/0891439,AAROGYA WELLNESS FOUNDATION,Trust,2024/IGR004/4/197,KAMRUP,Assam,Hajo,"SASTRASALI KULHATI, REVENUE VILLAGE 1, KULHATI UNDER MOUZA HAJO, DAG 553, PATTA NO. 1324",781104,"Aged/Elderly, Children, Disaster Management, Education & Literacy, Health & Family Welfare, Housing, Human Rights, Nutrition, Skill Development, Women's Development & Empowerment, Youth Affairs",health,,,2025-11-19T15:54:04,FALSE,
e06909a05508402333d2891305c85ef9,AS/2025/0520680,AAROHAN,Society,RS/SIVA/256/E/11 OF 2015-2016,SIVASAGAR,Assam,SIVASAGAR,"SBI BUILDING SIMALUGURI, WARD NO. 2, SIMALUGURI TOWN",785640,"Education & Literacy, Environment & Forests, Human Rights, Science & Technology, Skill Development, Sports, Vocational Training",environment,,,2025-03-03T13:54:25,TRUE,
201f0e70e60a40b93542321aa9dc0127,AS/2025/0521107,AAROHAN EDUCATIONAL TRUST,Trust,2157,MARIGAON,Assam,Morigaon,"Morigaon Town, Ward No.: 7
P.O&amp;gt;P.S.Dist.: Morigaon
Assam
Pin: 782105",782105,Education & Literacy,social_welfare,,,2025-02-11T19:22:06,TRUE,
104c0d60da0040d91b911706c96b51e7,AS/2019/0247769,AASA NGO,Society,RS/TSK/244/C/21 OF 2011-2012,TINSUKIA,Assam,TINSUKIA,"NAU-PUKHURI, RAJAALI ROAD, NEAR POLICE POINT, TINSUKIA 786125",786125,"Agriculture, Animal Husbandry,  Dairying & Fisheries, Art & Culture, Children, Disaster Management, Health & Family Welfare, Legal Awareness & Aid, Minority Issues",health,,,2024-11-27T14:12:58,TRUE,
30f704b0bb0b40700ca7d63b72de88d9,AS/2018/0194767,Aasha (A Hope) Foundation & Social Welfare Society,Society,RS/KAM(M)/263/O/448 of 2016-17,KAMRUP METRO,Assam,Guwahati,"c/o Benzir Arfan, House no. 98, 2nd floor, Panbazar, Danish Road, Lakhtokia, Districtkamrup (M), Guwahati. Assam. Pincode781001. India",781001,"Aged/Elderly, Agriculture, Animal Husbandry,  Dairying & Fisheries, Art & Culture, Biotechnology, Children, Civic Issues, Dalit Upliftment, Differently Abled, Disaster Management, Drinking Water, Education & Literacy, Environment & Forests, Food Processing, Health & Family Welfare, HIV/AIDS, Housing, Human Rights, Information & Communication Technology, Labour & Employment, Land Resources, Legal Awareness & Aid, Micro Finance (SHGs), Micro Small & Medium Enterprises, Minority Issues, New & Renewable Energy, Nutrition, Panchayati Raj, Prisoner's Issues, Right to Information & Advocacy, Rural Development & Poverty Alleviation, Science & Technology, Scientific & Industrial Research, Sports, Tourism, Tribal Affairs, Urban Development & Poverty Alleviation, Vocational Training, Water Resources, Women's Development & Empowerment, Youth Affairs",health,,,2018-05-14T10:51:03,TRUE,
601d00e08e0140172ef4c20395253616,AS/2024/0435032,AASHA DESALITE EDUCATIONAL TRUST,Trust,2024/IGR015/4/266,BONGAIGAON,Assam,PANBARI,"AASHA DESALITE EDUCATIONAL TRUST,PATILADAHA ,PANBARI ,BONGAIGAON,ASSAM",783391,Education & Literacy,social_welfare,,,2024-07-22T16:20:44,TRUE,
c0bc0690630b40da8296b80df83c9c37,AS/2025/0860897,AASHA SETUU,Society,RS/DIB/255/RFSRS/202514122,DIBRUGARH,Assam,Tengakhat,"Boragadhoi Village, Kamalabari Road, Near AASU Office, PO - Duliajan, PS - Duliajan, Dist, - Dibrugarh, PIN - 786602",786602,"Agriculture, Art & Culture, Differently Abled, Disaster Management, Education & Literacy, Environment & Forests, Rural Development & Poverty Alleviation, Skill Development, Sports, Tourism, Vocational Training, Women's Development & Empowerment, Youth Affairs",environment,,,2025-10-25T07:43:25,FALSE,
30ff07b0ce01407301d25d02c3ad7f53,AS/2016/0096907,Aashaa Bora Foundation,Society,2046,KAMRUP METRO,Assam,Guwahati,"345, NikitaComplex, 1st floor, Khanapara, Guwahati-781022",,,other,,,,TRUE,
c04b0910d30c40ef2d24e088d8662471,AS/2024/0437453,AASHAR AALO SOUTH GERAMARI DEV SOCIETY NGO,Society,RS/DBR/250/W/81 OF 2021-2022,DHUBRI,Assam,DHUBRI,"VILL- DALSHINGHER PT II, PO- SOUTH GERAMARI, PS- GAURIPUR, DHUBRI 783331",783331,,other,,,2024-10-16T15:45:23,TRUE,
c06d0270250740267585a47ea5506815,AS/2025/0757565,Aashayein Foundation,Society,RS/SPR/242/RFSRS/202506427,SONITPUR,Assam,Dhekiajuli (Pt),"Monjuli Gaon, PO - Dhekiajuli, PS - Dhekiajuli",784110,"Aged/Elderly, Children, Disaster Management, Health & Family Welfare, Women's Development & Empowerment",health,,,2025-08-04T14:21:49,FALSE,
607200901203400d59b8e54fa93e4a67,AS/2025/0584947,AASHI NIWAS WELFARE ASSOCIATION,Society,RFS-RS/2022/00253,KAMRUP METRO,Assam,Guwahati,"AASHI NIWAS BK BORO PATH AHOM GAON GARCHUK
NEAR SANSKRITI GURUKUL SCHOOL
GUWAHATI 781035",781035,"Animal Husbandry,  Dairying & Fisheries, Children, Civic Issues, Drinking Water, Environment & Forests, Health & Family Welfare, Housing, Youth Affairs",health,26.100693,91.72099,2025-04-03T10:32:18,FALSE,
10110d107203406093e60640c61d91e5,AS/2026/0964695,AASHIRBAAD,Trust,12049,KAMRUP METRO,Assam,Guwahati,"House no 178, Kamal Nagar, Hill side Birubari road",781032,"Agriculture, Art & Culture, Children, Civic Issues, Education & Literacy, Environment & Forests, Sports",environment,,,2026-01-19T17:06:51,FALSE,
c00108f0a90141d70b369e8fa65e4501,AS/2026/1068641,AASHRAY CARE AND WELFARE FOUNDATION,Section 8 Company,U88900AS2026NPL030189,LAKHIMPUR,Assam,North Lakhimpur,"Ward no-6, North Lakhimpur, Assam",787001,"Animal Welfare, Children, Differently Abled, Education & Literacy, Environment & Forests, Labour & Employment",environment,,,2026-04-27T18:25:32,FALSE,
60d602d0640c401c0c236d69e3334131,AS/2017/0167559,AASHRAYA,Society,KAM(M)/240/A-23/133 of 2010-11,KAMRUP METRO,Assam,Guwahati,"Santipur Hill Side, PNGB Road, (Near Pragati High School), Bharalumukh, Guwahati, Dist.- Kamrup (M),",781009,,other,,,2017-10-23T14:19:38,TRUE,
b0d20030070f400d3d526b7264199d70,AS/2025/0528312,AASHROY WELFARE FOUNDATION,Trust,1672,KAMRUP,Assam,Kamrup,"04, Trinayan Path, Beltola, Guwahati, Kamrup (M),",781028,"Aged/Elderly, Agriculture, Animal Husbandry,  Dairying & Fisheries, Animal Welfare, Art & Culture, Children, Drinking Water, Education & Literacy, Environment & Forests, Food Processing, Health & Family Welfare, Human Rights, Skill Development, Water Resources, Women's Development & Empowerment, Youth Affairs",health,,,2025-02-20T10:30:51,TRUE,
50170b009603405b25747d67f4dc6dd0,AS/2024/0428176,AASHWAS SOCIO-ECONOMIC DEVELOPMENT SOCIETY,Society,RS/BAR-1/237/Z/114,BARPETA,Assam,Barpeta,"Vill- Dangarkuchi, P.O- Sonkuchi",781314,"Agriculture, Art & Culture, Children, Differently Abled, Education & Literacy, Environment & Forests, Food Processing, Health & Family Welfare, Rural Development & Poverty Alleviation, Science & Technology, Sports, Urban Development & Poverty Alleviation, Women's Development & Empowerment",health,,,2024-06-27T16:51:50,TRUE,
206d0aa0c60440a23d20658027ff4423,AS/2025/0493052,AASTHA ACADEMY CHARITABLE TRUST,Trust,2024/IGR015/4/1216,KAMRUP METRO,Assam,GUWAHATI,"LALGANESH, LOKHRA ROAD, GUWAHATI -781034, ASSAM",781034,Education & Literacy,social_welfare,,,2025-01-11T13:35:13,TRUE,
90a60d50aa08406300b08e96134c5d35,AS/2013/0068171,AASTHA FOUNDATION,Society,CA/243/K/49,CACHAR,Assam,SILCHAR,"AASTHA FOUNDATION,CHOW CHAKRA BUILDING,N.N.DUTTA ROAD ,SILCHAR-788001",788001,"Aged/Elderly, Agriculture, Art & Culture, Children, Disaster Management, Education & Literacy, Labour & Employment, Minority Issues, Rural Development & Poverty Alleviation, Tourism, Tribal Affairs, Urban Development & Poverty Alleviation, Vocational Training, Women's Development & Empowerment, Youth Affairs",elderly_care,,,,TRUE,
d03609f0e60e407264a5fe25b6fa3019,AS/2025/0652639,AASTHA NGO,Society,RS/KAM/240/A-24/65OF2011-2012,KAMRUP,Assam,Hajo,"Vill- Kalitakuchi, Post Office-Kalitakuchi, Police Station-Hajo, Dist- Kamrup",781102,"Agriculture, Animal Husbandry,  Dairying & Fisheries, Animal Welfare, Children, Differently Abled, Environment & Forests, Health & Family Welfare, Panchayati Raj, Rural Development & Poverty Alleviation, Skill Development, Vocational Training, Water Resources, Women's Development & Empowerment, Youth Affairs",health,,,2025-05-29T12:39:12,FALSE,
d01a03d0640140121fc0007718337a45,AS/2020/0270778,AATMANIRBHAR ASSAMESE JWELLERY HANDICRAFT PRODUCER COMPANY LIMITED,Section 8 Company,U17299AS2020PTC020751,NAGAON,Assam,DOBOKA,"DAG NO. 633
DOBOKA TOWN, WARD NO. 10
P.O.: DOBOKA, P.S.: DOBOKA
HOJAI, NAGAON (ASSAM)
PIN: 782440, INDIA",782440,,other,,,2020-12-15T12:30:50,TRUE,
30ed0330ea0f406c9a77546868237f31,AS/2026/0976871,AAXHA XAROTHII FOUNDATION,Section 8 Company,U88900AS2026NPL029667,DIBRUGARH,Assam,Dibrugarh East,"C/O SITA RAM RAJPUT, MANKATTA GAON DIBRUGARH, Mancotta, Dbrugarh, Dibrugarh- 786003, Assam",786003,"Agriculture, Animal Husbandry,  Dairying & Fisheries, Animal Welfare, Civic Issues, Drinking Water, Education & Literacy, Food Processing, HIV/AIDS, Labour & Employment, Legal Awareness & Aid",social_welfare,,,2026-02-02T11:09:54,FALSE,
00600340690d402a6d654c5bd3cb1d77,AS/2025/0655317,AAYUANSU SERVICES INDIA PRIVATE LIMITED,Section 8 Company,U53200AS2025PTC028244,JORHAT,Assam,Jorhat East,"AAYUANSU SERVICES INDIA PRIVATE LIMITED
11,1 BONGALPUKHURI NA ALI ROAD NEAR TYRE ZONE, BONGALPUKHUI, JORHAT, JORHAT-785014, ASSAM.",785001,"Labour & Employment, Micro Small & Medium Enterprises",other,,,2025-05-28T18:32:21,FALSE,
d0690e702d0940111c445892966b12f2,AS/2022/0330399,AAYURDHA,Trust,691/2022,NAGAON,Assam,RAHA,"NA- KAKATI GAON, NEAR GIRLS HIGH SCHOOL",782103,"Agriculture, Art & Culture, Biotechnology, Disaster Management, Drinking Water, Education & Literacy, Environment & Forests, Health & Family Welfare, New & Renewable Energy, Rural Development & Poverty Alleviation, Scientific & Industrial Research, Sports, Tourism, Tribal Affairs, Vocational Training, Youth Affairs",health,,,2022-11-30T15:29:42,TRUE,
50390db09509404f59493e22699f0e49,AS/2025/0592909,AAYURMITRA SARWATRIKA FOUNDATION,Section 8 Company,U85499AS2025NPL027977,KAMRUP METRO,Assam,Guwahati,"HN 17A The Fragrant Abode, Dr. Bhupen Hazarika Path, Kharguli, Gmc, Kamrup",781004,"Education & Literacy, Health & Family Welfare",health,26.19662,91.764892,2025-04-23T14:13:53,FALSE,
b07f0c10420440e606c32d51d05f18d0,AS/2017/0175981,ABABEEL FOUNDATION,Society,BAK/260/I/202,BAKSA,Assam,BAKSA,"VILL- BHAKUAMARI
PO-ANANDA BAZAR
PS-SALBARI
DIST-BAKSA
PIN- 781318",781318,"Aged/Elderly, Agriculture, Animal Husbandry,  Dairying & Fisheries, Art & Culture, Children, Civic Issues, Differently Abled, Disaster Management, Drinking Water, Education & Literacy, Environment & Forests, Health & Family Welfare, HIV/AIDS, Housing, Human Rights, Information & Communication Technology, Labour & Employment, Legal Awareness & Aid, Micro Finance (SHGs), Minority Issues, Nutrition, Panchayati Raj, Right to Information & Advocacy, Rural Development & Poverty Alleviation, Sports, Tourism, Tribal Affairs, Urban Development & Poverty Alleviation, Vocational Training, Water Resources, Women's Development & Empowerment, Youth Affairs",health,,,2018-08-10T10:47:55,TRUE,
f07208b0e50940d225f5771365fc3679,AS/2024/0438229,ABABEEL FOUNDATION TRUST,Trust,035/265,BARPETA,Assam,Barbhitha,"Barbhitha, PO: Chanmama, PS: Kalgachia, Mouza: Titapani",781321,"Animal Husbandry,  Dairying & Fisheries, Art & Culture, Education & Literacy, Environment & Forests, Skill Development, Vocational Training",environment,,,2024-08-06T10:41:26,TRUE,
904c0340f40e404a0b562f60b47c58e4,AS/2018/0192373,Abad Agro Producer Company Limited,Section 8 Company,U01100AS2017PTC017711,UDALGURI,Assam,Udalguri,"VillageDoulchuba , PO Bhergaon , Sub-Division - Bhergaon , Udalguri , Assam-784522",782245,,other,,,2018-04-02T12:24:08,TRUE,
30e90ec08b06403b81b2265475a11d63,AS/2025/0825513,ABANTIKA FOUNDATION,Trust,1919,DIBRUGARH,Assam,Dibrugarh East,"CENTRAL NAMGHAR ROAD, SARUPATHER BONGALI
GAON, DULIAJAN, DIBRUGARH, Assam, 786602",786602,"Aged/Elderly, Agriculture, Animal Husbandry,  Dairying & Fisheries, Animal Welfare, Art & Culture, Biotechnology, Children, Civic Issues, Dalit Upliftment, Differently Abled, Disaster Management, Drinking Water, Education & Literacy, Environment & Forests, Food Processing, Health & Family Welfare, HIV/AIDS, Housing, Human Rights, Information & Communication Technology, Labour & Employment, Land Resources, Legal Awareness & Aid, Micro Finance (SHGs), Micro Small & Medium Enterprises, Minority Issues, New & Renewable Energy, Nutrition, Panchayati Raj, Prisoner's Issues, Religious, Right to Information & Advocacy, Rural Development & Poverty Alleviation, Science & Technology, Scientific & Industrial Research, Skill Development, Sports, Tourism, Tribal Affairs, Urban Development & Poverty Alleviation, Vocational Training, Water Resources, Women's Development & Empowerment, Youth Affairs",health,,,2025-09-22T10:02:55,FALSE,
30ee0f00330f40050e72359548c96829,AS/2017/0150458,Abarohan,Society,KAM(R)/264/F/111,KAMRUP,Assam,Guwahati,"Vill- keotpara,P.O- Sualkuchi, Pin- 781103
Dist- kamrup, Assam.",781103,"Agriculture, Animal Husbandry,  Dairying & Fisheries, Art & Culture, Drinking Water, Environment & Forests, Health & Family Welfare, HIV/AIDS, Information & Communication Technology, Rural Development & Poverty Alleviation, Tourism, Tribal Affairs, Women's Development & Empowerment",health,,,,TRUE,
200f0a501604401485d0eb9fc9153217,AS/2025/0809937,ABDUL HAKIM FOUNDATION,Trust,2024/IGR051/4/2,GOALPARA,Assam,Lakhipur,"Vill-Manashpara ward no. 1
P.o- Lakhipur 
P.s- Lakhipur
Dist- Goalpara",783129,"Education & Literacy, Food Processing, Health & Family Welfare, Micro Finance (SHGs), Religious, Science & Technology, Scientific & Industrial Research, Skill Development, Sports, Tourism",health,,,2025-09-11T10:55:29,FALSE,
b00e0b500b0e407a96b8c702407c71a3,AS/2026/0980073,ABDUL MAJID LASKAR WAKF ESTATE,Trust,96,CACHAR,Assam,Silchar,"Abdul Majid Laskar Wakf Estate, C/o Nazim Uddin Laskar, Balighat, Cachar, Assam",788025,"Art & Culture, Children, Differently Abled, Education & Literacy, Environment & Forests, Health & Family Welfare, Land Resources, Minority Issues, Religious, Science & Technology, Vocational Training",health,,,2026-02-02T19:14:06,FALSE,
508b0db0ca02408428f61749f5639579,AS/2024/0441765,ABDUL MALIK MEMORIAL TRUST,Trust,177336,KAMRUP METRO,Assam,Guwahati,House No 57 Kalyanpur Ganeshguri Nayanpur Road PO Dispur ASL PS Dispur Guwahati Assam India 781005,781005,,other,,,2024-08-19T15:58:04,TRUE,
00250000ae01401422d77b8567b993f0,AS/2024/0455758,ABDUL MALIK MEMORIAL TRUST,Trust,2024/IGR019/4/175,KARIMGANJ,Assam,KARIMGANJ,KALIGANJ BAZAR,788720,Health & Family Welfare,health,,,2025-03-01T19:15:13,TRUE,
701601905506403114550f4b353119e4,AS/2022/0310131,ABDUL ROUF MEMORIAL FOUNDATION,Section 8 Company,21346,NAGAON,Assam,Nagaon,"C/O RAJU AHMED BATAMARI NAGAON Nagaon AS 782122 IN
",782122,Rural Development & Poverty Alleviation,other,,,2022-03-25T20:39:10,TRUE,
90170f00820c40a029e9505704f714a3,AS/2025/0489232,ABF MICRO SERVICES ASSOCIATION,Section 8 Company,26366,BARPETA,Assam,Nagaon,"C/O ALI AKBAR, Nagaon Bazar, Nagaon, Barpeta- 781311, Assam",781311,,other,,,2025-01-07T13:24:12,TRUE,
80ad0aa0ac0e40289fe82371630748a9,AS/2026/0987349,ABHI DHANO FOUNDATION,Society,RS/KAM M/263/RFS- Regn of soc/202600267 of 2025-26,KAMRUP METRO,Assam,Dispur,"Milan Nagar,
Barbari, VIP Road, Guwahati, PO - Dispur, PS - Dispur, Dist. - KAMRUP METRO, Pin - 781036.",781036,"Differently Abled, Human Rights, Skill Development, Sports, Women's Development & Empowerment",social_welfare,,,2026-02-09T16:07:09,FALSE,
30c501e0590a40f60ef95463206b2163,AS/2020/0266928,ABHIGYAN YOUTH CHARITABLE TRUST,Trust,985/2020,BONGAIGAON,Assam,BONGAIGAON,TILAPARA P.O AMBARI P.S ABHAYAPURI,783384,"Aged/Elderly, Agriculture, Animal Husbandry,  Dairying & Fisheries, Art & Culture, Children, Education & Literacy, Environment & Forests, Food Processing, Health & Family Welfare, Housing, Human Rights, Information & Communication Technology, Labour & Employment, Sports, Urban Development & Poverty Alleviation, Vocational Training, Women's Development & Empowerment, Youth Affairs",health,,,2020-10-19T21:03:29,TRUE,
105c0cc0e50340b104a38679e1844f36,AS/2017/0153099,Abhigyanm,Society,KAM(M)/263/H/16,KAMRUP METRO,Assam,Guwahati,"Gotanagar, Rongbhumi, P.O.- Gotanagar",781033,,other,,,,TRUE,
60940340170640151ad20e98b7947d11,AS/2020/0260909,Abhimat NGO,Society,RS/DBR/250/U/65,DHUBRI,Assam,DHUBRI,"BOTERTAL, BILASIPARA WARD -8, PO-HAKAMA,
PS-BILASIPARA",783348,"Aged/Elderly, Art & Culture, Children, Civic Issues, Disaster Management, Drinking Water, Education & Literacy, Health & Family Welfare, Human Rights, Labour & Employment, Vocational Training, Women's Development & Empowerment, Youth Affairs",health,,,2020-09-14T16:41:33,TRUE,
c02c0970bf0340d80da4512c09f119c6,AS/2017/0169406,ABHINAYA SOCIETY,Society,RFS.1286/1987-88/1667,KAMRUP,Assam,KAMRUP,"AVHINAYA SOCIETY
VILL-L.B ROAD, NEW GUWAHATI
DIST-KAMRUP, ASSAM",781020,Art & Culture,other,,,2017-11-15T10:03:51,TRUE,
d0300290300a40d81407512e73c35545,AS/2022/0322314,Abhinayam Natya Gusti,Section 8 Company,RS/DIB/255/G/19,DIBRUGARH,Assam,duliajan,"Duliajan 16 no tiniali, Duliajan, P.O- Duliajan, Dist-Dibrugarh, PS-Duliajan",786602,"Art & Culture, Children, Education & Literacy",social_welfare,,,2022-08-20T09:09:47,TRUE,
f07c0250200b40772538126070a68956,AS/2025/0486658,ABHINYA VINNYAKH,Society,RS/KAM(R)/264/RFSRS/202401847 ,KAMRUP,Assam,Hajo,"DIHINA, DIHINA, DIHINA, PODIHINA, PSHAJO, Dist.KAMRUP, Pin781382",781382,"Agriculture, Animal Husbandry,  Dairying & Fisheries, Disaster Management, Education & Literacy, Environment & Forests, Food Processing, Health & Family Welfare, Information & Communication Technology, Labour & Employment, Micro Small & Medium Enterprises, New & Renewable Energy, Panchayati Raj, Rural Development & Poverty Alleviation, Science & Technology, Skill Development, Sports, Tourism, Vocational Training, Women's Development & Empowerment",health,,,2025-01-03T11:21:58,TRUE,
b0d30860270c40bb0f35c64178a33204,AS/2018/0204688,Abhiruchi,Society,RS/2974,KAMRUP METRO,Assam,Guwahati,"130 , M C ROAD, CHENIKUTHI",781003,Sports,other,,,2024-08-27T12:36:03,TRUE,
40dd0d10170040f815a84628294213e8,AS/2022/0325650,ABHIRUCHI CLUB,Society,RS/TSK/244/F/18 of 2021-2022,TINSUKIA,Assam,DOOMDOOMA,"KAKOPATHER TINIALI
",786152,"Agriculture, Animal Husbandry,  Dairying & Fisheries, Art & Culture, Biotechnology, Children, Civic Issues, Health & Family Welfare, Sports",health,,,2022-09-19T16:28:30,TRUE,
c0b501506e0240352b923866788f6e50,AS/2024/0389832,ABHIRUCHI INSTITUTE OF PHYSICAL EDUCATION,Society,RS/2975 of 1988-1989,KAMRUP METRO,Assam,Guwahati,House No 130 MC road Guwahati,781003,,other,,,2024-02-12T10:59:28,TRUE,
e05803900b0c404301f8df2095668eb5,AS/2018/0213215,ABHIYATRI BIKASH SAMITY,Society,RS/KAM(M)/240/A-9/796 OF 2007,KAMRUP,Assam,Baihata Chariali,"52 No. Rastriya Ghai Path, Khudrapalaha, P.O.",781381,"Agriculture, Animal Husbandry,  Dairying & Fisheries, Art & Culture, Children, Drinking Water, Education & Literacy, Environment & Forests, Sports",environment,,,2018-11-02T10:51:59,TRUE,
b08e01b0410240220c00db14d98241d9,AS/2011/0044109,ABINASWAR GOSTHI,Society,RS/NG/254/50 OF 1996-97,NAGAON,Assam,Nagaon,"ABINASWAR GOSTHI
HEAD OFFICE PURANIGUDAM 
PO PURANIGUDAM
PIN 782141",782141,Art & Culture,other,26.369551,92.79424,2018-03-10T20:04:22,TRUE,
e0a40ec0980740f210d9f91d571f1802,AS/2023/0360364,ABJS NGO ASSOCIATION,Section 8 Company,U85300AS2023NPL024125,NAGAON,Assam,NAGAON,"R/O C/O SAIDUL ISLAM
RUPAHI CHARI ALI
NAGAON- 782125 (ASSAM) INDIA",782125,Skill Development,other,,,2023-09-26T17:27:45,TRUE,
00200140dd0f40582146eb2899340407,BR/2024/0451004,"	KESHAW PRASAD SINGH AND MANGAL RAY MICROFINANCE FOUNDATION",Section 8 Company,U65992BR2015NPL024032,ROHTAS,Bihar,ROHTAS,"C/O VINAY KUMAR SINGH, EAST MOHAN BIGHA, DEHRI ON SONE, WARD NO 15, POST DALMIANAGAR, ROHTAS, BIHAR, INDIA 821311",821311,Micro Finance (SHGs),other,,,2024-09-18T12:58:28,TRUE,
10470cf0f40540b50d14386462050305,BR/2017/0179560,"	Maitreya Project",Society,956,GAYA,Bihar,GAYA,"BODHGAYA, GAYA-BIHAR
PIN-824231",824231,,other,,,2021-03-24T13:12:18,TRUE,
609106709908409b18152135e7d75fd1,BR/2022/0309814,"	RAJA BHAIYA FOUNDATION",Section 8 Company,U80901BR2022NPL056293,VAISHALI,Bihar,VAISHALI,"VIL-AFAJALPUR, P.O-CHAKMARUF, PANC- MISRAULIA AFAJALPUR, VAISHALI",844118,"Aged/Elderly, Education & Literacy, Rural Development & Poverty Alleviation, Skill Development",elderly_care,,,2022-05-06T12:28:38,TRUE,
00ee0050bc0e408b1f77484514863fc8,BR/2023/0338282,"	SIKSHA AAROGYAM FOUNDATION",Section 8 Company,U85300BR2022NPL057204,PATNA,Bihar,GARDANIBAGH,C/O SRI VIRENDRA MOHAN PD NEW YARPUR BEHIND JHUN MAHAL GARDANIBAGH PATNA Patna BR 800001 IN,800001,,other,,,2023-02-14T11:44:20,TRUE,
90ae0b30f70c404e2188b856700d47d9,BR/2024/0471622,"	STYASWARAAJ THE HELPING HAND FOUNDATION",Section 8 Company,U85300BR2022NPL056203,BUXAR,Bihar,BUXAR,"KIRAN KUMARI C/O VILL PANDEYPATTI PANCH PANDEYPATTI, Buxar, BUXAR, Bihar, India, 802103",802103,"Education & Literacy, Human Rights, Women's Development & Empowerment",social_welfare,,,2024-12-03T18:00:52,TRUE,
00c90970450340c30dc68b4d29638106,BR/2018/0221446,21ST CENTURY RURAL DEVELOPMENT INSTITUTE.,Society,78/1989-90,MADHUBANI,Bihar,JHANJHARPUR,"VILLAGE AND POSTSUKHET, VIAJHANJARPUR, DISTRICTMADHUBANI, BIHAR847404",847404,,other,,,2018-12-31T16:27:44,TRUE,
10700170ba0e40b90533f15f45e54868,BR/2017/0167229,24x7ministry,Trust,4109/2010,PATNA,Bihar,PATNA,"aprajita building, First Floor, Opp. A.N. College, Near axis Bank
Boring Road",800013,"Children, Education & Literacy, Skill Development, Vocational Training, Women's Development & Empowerment, Youth Affairs",social_welfare,,,2017-12-26T17:17:04,TRUE,
00420e40bf0a40a30304d02181992bf3,BR/2018/0200583,360 Research Foundation,Trust,10,PASHCHIM CHAMPARAN,Bihar,Narkatiaganj,"Tumakadiya, Post Office:- Rajpur (Madan), Pin Code- 845455, Police Station:- Shikarpur, District:- West Champaran, Bihar, India",845455,"Agriculture, Animal Husbandry,  Dairying & Fisheries, Animal Welfare, Art & Culture, Biotechnology, Children, Civic Issues, Dalit Upliftment, Disaster Management, Drinking Water, Education & Literacy, Environment & Forests, Food Processing, Health & Family Welfare, Information & Communication Technology, Legal Awareness & Aid, Micro Small & Medium Enterprises, New & Renewable Energy, Rural Development & Poverty Alleviation, Science & Technology, Scientific & Industrial Research, Skill Development, Tourism, Tribal Affairs, Urban Development & Poverty Alleviation, Vocational Training, Women's Development & Empowerment, Youth Affairs",health,,,2019-01-18T05:12:00,TRUE,
b0e20f402e0640be1a16aa3e82bc3dc9,BR/2022/0319369,3H FOUNDATION,Section 8 Company,58489,MUZAFFARPUR,Bihar,MUZAFFARPUR,"C/O RUKHSANA KHATOON,VILL-MUZAFFARPUR TOLA WARD NO33,BLOCK-MUSAHRI MUZAFFARPUR Muzaffarpur BR 842002 IN
",842002,"Aged/Elderly, Art & Culture, Children, Dalit Upliftment, Differently Abled, Disaster Management, Education & Literacy, Environment & Forests, Health & Family Welfare, Human Rights, Labour & Employment, Legal Awareness & Aid, Rural Development & Poverty Alleviation, Science & Technology, Skill Development, Vocational Training, Women's Development & Empowerment",health,,,2022-07-14T16:10:39,TRUE,
005a0a609608400724040c6be6624ad5,BR/2024/0428251,4S EDUCATIONAL AND SOCIAL WELFARE TRUST,Trust,477-78,PATNA,Bihar,Daudnagar,Aurangabad,824143,,other,,,2024-06-26T17:42:38,TRUE,
502604f0db09404a7006903fe8378319,BR/2025/0763889,A & E EDUCATION TRUST,Trust,DEED NO 35,VAISHALI,Bihar,Hajipur,"Subhadra Sadan, S D O Road",844101,"Biotechnology, Children, Education & Literacy, Health & Family Welfare, Information & Communication Technology, Legal Awareness & Aid, Rural Development & Poverty Alleviation, Science & Technology, Skill Development, Vocational Training, Women's Development & Empowerment, Youth Affairs",health,,,2025-08-08T11:29:35,FALSE,
e09f0870510c40db8ee2a97c17977ce5,BR/2025/0827775,A & Z SKYBUILDERS PRIVATE LIMITED,Section 8 Company,U43299BR2025PTC079006,DARBHANGA,Bihar,Bahadurpur,"Md asharaf,New hind saw mill gheumi Shivdhara Darbhanga 846004",846004,"Agriculture, Disaster Management, Food Processing, Housing, Land Resources",other,,,2025-09-23T19:46:48,FALSE,
205f0830140c411603d4c214407c2bb1,BR/2026/1041021,A BETTER COMMUNITY FOR ALL,Society,2004/2009-10,PATNA,Bihar,Phulwari,"A Better Community For All, c/o Nagendra Kumar, R. K. Nagar, Kankarbagh, Patna, Bihar-800027",800027,"Aged/Elderly, Children, Differently Abled, Education & Literacy, Environment & Forests, Health & Family Welfare, Labour & Employment, New & Renewable Energy, Nutrition, Panchayati Raj, Rural Development & Poverty Alleviation, Skill Development, Sports, Urban Development & Poverty Alleviation, Vocational Training, Women's Development & Empowerment, Youth Affairs",health,,,2026-03-29T08:29:16,FALSE,
a03e0c605408406b1895a14425c92785,BR/2022/0310144,A BRILLIANT CHARITABLE AND DEVELOPMENT TRUST,Trust,DEED NO.- 18,JEHANABAD,Bihar,JEHANABAD,"PURNI BIJLI COLONY, P.O. P.S.JEHANABAD",804408,"Aged/Elderly, Art & Culture, Education & Literacy, HIV/AIDS, Skill Development",elderly_care,,,2022-04-13T13:32:34,TRUE,
a0ff03000f08402b0648bf7a47ab33c7,BR/2018/0199254,A CENTER FOR CULTURAL EDUCATIONAL & SOCIAL SUFFERERS(ACCESS),Society,491/91-92,PATNA,Bihar,PATNA,"R.O.: C/O YATINDRA MOHAN SHANDILYA,JAGAT NARAYAN LAL ROAD, KADAMKUAN; H.O.: C/O SANJEEV MEDICALS, OPP. SBI, ASHOK RAJPATH, MAHENDRU,PATNA- 6;
BRANCHES:
(a) ANKITA ARVIND, H202, SMONDO-3, NEOTOWN, ELECTRONIC CITY, PHASE-1, BANGALORE-560100
(b) DR. M K MISHRA, WARD NO. 2, NAWA TOLI, SANA ROAD, JASPUR NAGAR, CHHATTISGARH-496331
(c) YOGITA YAMINI,5/201,SHALIMAR STERLING,RAISEN ROAD,BHOPAL-462022",800003,"Aged/Elderly, Agriculture, Art & Culture, Biotechnology, Dalit Upliftment, Differently Abled, Education & Literacy, Health & Family Welfare, Human Rights, Legal Awareness & Aid, Nutrition, Prisoner's Issues, Rural Development & Poverty Alleviation, Urban Development & Poverty Alleviation, Vocational Training, Women's Development & Empowerment",health,,,2018-06-16T11:48:56,TRUE,
50e10d600e0e40c364c1f22fc4164e41,BR/2025/0612441,A D GROUP OF EDUCATIONAL TRUST,Trust,1455,BUXAR,Bihar,Buxar,ITARHI BUXAR,802123,"Education & Literacy, Skill Development",social_welfare,25.489902,84.010066,2025-04-29T12:33:57,FALSE,
50b90d80040a406104585d0690b85fd9,BR/2018/0212442,A FUTURE OF CHILDREN IN BODHGAYA SOCIETY,Trust,51/2004,GAYA,Bihar,GAYA,VILL DURGAPUR MONIA,824231,Education & Literacy,social_welfare,,,2018-11-13T14:18:23,TRUE,
d0180020f00c40968c506b8019811193,BR/2025/0808913,A GLOBAL FOUNDATION,Trust,13302/2023,MUZAFFARPUR,Bihar,Marwan,"BAHORA , P.S- KARJA DIST-MUZAFFARPUR",843113,"Agriculture, Animal Husbandry,  Dairying & Fisheries, Animal Welfare, Children, Education & Literacy, Food Processing, Human Rights, Land Resources, Micro Small & Medium Enterprises, Rural Development & Poverty Alleviation, Skill Development, Vocational Training, Women's Development & Empowerment",social_welfare,,,2025-09-10T11:24:07,FALSE,
408f0130fd0d410700119211677a2363,BR/2026/1011723,A K S EDUCATIONAL TRUST,Trust,148,PURNIA,Bihar,Purnia East,"AT-KHAIRUGANJ SARNA CHOWK WARD NO 31 , PO- PURNEA , PS - SADAR",854301,"Agriculture, Children, Differently Abled, Disaster Management, Drinking Water, Education & Literacy, Environment & Forests, Food Processing, Right to Information & Advocacy, Rural Development & Poverty Alleviation, Skill Development, Urban Development & Poverty Alleviation, Water Resources, Women's Development & Empowerment",environment,,,2026-02-27T11:43:03,FALSE,
10230ba06408406860487444b66f3f53,BR/2025/0684633,A K TRUST,Trust,497,PATNA,Bihar,Phulwari,"HOUSE NO - A-22
BUDHA COLONY
PATNA",800001,"Animal Welfare, Art & Culture, Children, Civic Issues, Drinking Water, Human Rights, Information & Communication Technology",social_welfare,,,2025-06-18T13:43:21,FALSE,
e0050250400640402159d03284f81919,BR/2024/0473862,A KSHARA,Society,2723/2009-2010,VAISHALI,Bihar,VAISHALI,"AT POKHRA MOHALLA, MARAI ROAD, HAJIPUR, DISTRICTVAISHALI -844101 (BIHAR)",844101,"Art & Culture, Education & Literacy, Health & Family Welfare, Rural Development & Poverty Alleviation, Science & Technology, Skill Development, Vocational Training, Women's Development & Empowerment, Youth Affairs",health,,,2024-12-12T12:18:57,TRUE,
f08204707f03403705230418f90323e1,BR/2017/0151274,A League for Ideal and emerging natives,Society,1477,DARBHANGA,Bihar,darbhanga,"near alua pokhar, besides naka no-2, Kadirabad, Darbhanga",846004,,other,,,,TRUE,
00eb0250a40640950e70002b216e3706,BR/2017/0155606,A M EDUCATIONAL AND WELFARE TRUST,Trust,112,DARBHANGA,Bihar,DARBHANGA,"MAHARAJGANJ, PO-LAHERIASARAI",846001,"Aged/Elderly, Agriculture, Animal Husbandry,  Dairying & Fisheries, Art & Culture, Biotechnology, Children, Civic Issues, Dalit Upliftment, Differently Abled, Disaster Management, Drinking Water, Education & Literacy, Environment & Forests, Food Processing, Health & Family Welfare, HIV/AIDS, Housing, Human Rights, Information & Communication Technology, Labour & Employment, Land Resources, Legal Awareness & Aid, Micro Finance (SHGs), Micro Small & Medium Enterprises, Minority Issues, New & Renewable Energy, Nutrition, Panchayati Raj, Prisoner's Issues, Right to Information & Advocacy, Rural Development & Poverty Alleviation, Science & Technology, Scientific & Industrial Research, Sports, Tourism, Tribal Affairs, Urban Development & Poverty Alleviation, Vocational Training, Water Resources, Women's Development & Empowerment, Youth Affairs",health,,,,TRUE,
50f206401c0540182d531022975f32e2,BR/2024/0391543,A M K SAMAJ SEVA,Trust,17287/2023,DARBHANGA,Bihar,Darbhanga,"Village- Kumhrauli, P.O- Kumhrauli, P.S- Kamtaul, Dist.- Darbhanga (Bihar), Pin- 847304",847304,,other,,,2024-02-16T15:01:06,TRUE,
303d04d0a30d40371d43312276319855,BR/2021/0292619,A P JAN KALYAN SANSTHAN,Society,251/2007-2008,BHAGALPUR,Bihar,BHAGALPUR,MANIKPUR GIRDHARI SHAH LANE MIRJANHAT BHAGALPUR,812002,"Education & Literacy, Health & Family Welfare, Labour & Employment, Rural Development & Poverty Alleviation",health,,,2021-08-26T11:30:00,TRUE,
108f06f0b60940912770bf3412b87341,BR/2024/0415372,A R FOUNDATION,Trust,8831/2023,MADHUBANI,Bihar,Madhubani,GOA POKHAR BHAUWARA CHAMAN TOLI MADHUBANI BIHAR,847212,"Education & Literacy, Micro Small & Medium Enterprises, Skill Development, Vocational Training, Women's Development & Empowerment",social_welfare,,,2024-05-30T06:16:40,TRUE,
a01b06008306406b1c75099986de6794,BR/2022/0318286,A R SOCIAL FOUNDATION,Trust,35,SITAMARHI,Bihar,SITAMARHI,"VILLAGE ,BALUA, PO, DUMRA PS,RUNNISAIDPUR DISTT ,SITAMARHI BIHAR 843316",843316,"Children, Education & Literacy, Health & Family Welfare, Legal Awareness & Aid",health,,,2022-07-16T18:38:19,TRUE,
a09600d0ea0d402918651f7117f16339,BR/2022/0332896,A S FOUNDATION,Trust,8274,MUZAFFARPUR,Bihar,MUZAFFARPUR,"WARD NO 08,SADPUR KANTI KASWA PO KANTI DIST MUZAFFARPUR PIN CODE 843109.",843109,"Aged/Elderly, Agriculture, Disaster Management, Education & Literacy",elderly_care,,,2022-12-24T22:54:06,TRUE,
c0b60e808705408b90b22337f8584879,BR/2025/0923849,A S R FOUNDATION,Trust,178,PURBI CHAMPARAN,Bihar,Motihari,RULAHI ROAD BADA BARIYARPUR PO-MOTIHARI PS-CHHATAUNI EAST CHAMPARAN BIHAR,845401,"Children, Education & Literacy, Health & Family Welfare, Skill Development, Sports, Women's Development & Empowerment",health,,,2025-12-14T15:24:14,FALSE,
f0740a30bf0840501156c99149884919,BR/2023/0336886,A SOCIAL DEVLOPMENT TRUST,Trust,8937,SUPAUL,Bihar,SUPAUL,"WARD NO -23, SUPAUL, BIHAR 852131
",852131,,other,,,2024-04-08T22:18:46,TRUE,
20f905802c06407a50779529e99106c9,BR/2025/0572909,A TO Z EDUCATIONAL & WELFARE TRUST,Trust,8668/2012,KATIHAR,Bihar,Katihar,"SIKANDAR LODGE, CHOUDHARY MOHALLA, KATIHAR-854105",854105,"Aged/Elderly, Agriculture, Animal Husbandry,  Dairying & Fisheries, Animal Welfare, Art & Culture, Biotechnology, Children, Civic Issues, Dalit Upliftment, Differently Abled, Disaster Management, Drinking Water, Education & Literacy, Environment & Forests, Food Processing, Health & Family Welfare, HIV/AIDS, Housing, Human Rights, Information & Communication Technology, Labour & Employment, Land Resources, Legal Awareness & Aid, Micro Finance (SHGs), Micro Small & Medium Enterprises, Minority Issues, New & Renewable Energy, Nutrition, Panchayati Raj, Prisoner's Issues, Right to Information & Advocacy, Rural Development & Poverty Alleviation, Science & Technology, Scientific & Industrial Research, Skill Development, Sports, Tourism, Tribal Affairs, Urban Development & Poverty Alleviation, Vocational Training, Water Resources, Women's Development & Empowerment, Youth Affairs",health,25.5359,87.5806,2025-03-21T16:02:50,FALSE,
406306d0050941de0620485905e87345,BR/2026/1005575,A TRUST FOR SOCIAL JUSTICE,Trust,1,SARAN,Bihar,Marhaura,VILL BARDAHIYA POST-BARDAHIYA PS-MARHAURAH DIST-SARAN CHAPRA 841419,841419,"Animal Husbandry,  Dairying & Fisheries, Education & Literacy, Environment & Forests, Food Processing, Health & Family Welfare, Human Rights, Labour & Employment, Legal Awareness & Aid, Right to Information & Advocacy, Rural Development & Poverty Alleviation, Skill Development",health,,,2026-02-23T20:14:58,FALSE,
d00b05206a0e40c17b22a791b3399e05,BR/2025/0729395,A UNITE OF SK MISSION EDUCATIONAL & SOCIAL WELFARE TRUST,Trust,1076,GAYA,Bihar,Barachatti,MAHAKAMPUR PO BABHANDEO PS BARACHATTI DISTRICT GAYA BIHAR,824201,"Education & Literacy, Health & Family Welfare",health,,,2025-07-25T15:09:18,FALSE,
005c0c501d00402b11d2e288261b9696,BR/2020/0260619,A-1 KALYAN SEVA SANSTHAN,Society,335,MUZAFFARPUR,Bihar,MUZAFFARPUR,VILL POST-NARIYAR P.S-MOTIPUR BLOCK-MOTIPUR MUZAFFARPUR,843156,,other,,,2020-07-22T20:20:07,TRUE,
80ff0c706f00403c8a31a35f265d8fa3,BR/2025/0815683,A-1 UDHMITA VIKAS KENDRA INSTITUTE OF ENTREPRENEURSHIP DEVELOPMENT CENTRE,Trust,621,PATNA,Bihar,Phulwari,"14/B, NARMADA APARTMENT, EXHIBITION ROAD, PO- GPO PATNA, PS- GANDHI MAIDAN",800001,"Art & Culture, Children, Education & Literacy, Environment & Forests, Health & Family Welfare, Rural Development & Poverty Alleviation, Skill Development, Vocational Training, Women's Development & Empowerment, Youth Affairs",health,,,2025-09-15T15:05:25,FALSE,
e0dd0230510040401c54f87df78f6c43,BR/2022/0307957,A. N. Social Welfare Association,Trust,3,SIWAN,Bihar,MAHARAJGANJ,"VILLBAL BANGRA, NEAR MASJID, POMAHARAJGANJ, PSDARAUNDHA, DISTSIWAN, BIHAR 841238",841238,"Agriculture, Animal Husbandry,  Dairying & Fisheries, Dalit Upliftment, Differently Abled, Drinking Water, Education & Literacy, Food Processing, Health & Family Welfare, Labour & Employment, Micro Finance (SHGs), Panchayati Raj, Skill Development, Vocational Training, Women's Development & Empowerment",health,,,2022-03-04T10:48:23,TRUE,
30320a20660d40a32b08772b85f81e17,BR/2024/0485656,A. P. J. ABDUL KALAM ACADEMY EDUCATIONAL AND WELFARE TRUST,Section 8 Company,AK878949,KATIHAR,Bihar,Azamnagar,"Azamnagar, P.o Azamnagar, P.s Azamnagar Dist- Katihar (Bihar) 855113",855113,Education & Literacy,social_welfare,,,2024-12-30T19:43:46,TRUE,
407f0f60ee06402926f59589c7b63100,BR/2024/0463947,A.H.R PARIWAR FOUNDATION,Section 8 Company,U88900BR2024NPL071932,SAMASTIPUR,Bihar,SAMASTIPUR,"MOHANPUR ROAD, MEN ROAD",848101,,other,,,2024-11-07T10:12:29,TRUE,
901106609c0840df8709c00535c48571,BR/2025/0890581,A.I.C. EDUCATIONAL TRUST,Trust,18/59,BHAGALPUR,Bihar,Jagdishpur,"URDU BAZAR PS-TATARPUR, BHAGALPUR",812002,"Education & Literacy, Skill Development",social_welfare,,,2025-11-18T08:54:21,FALSE,
f04c0060830740bf5df93b1ae6926320,BR/2025/0591660,A.K. 'ARUN' & RITA SINGH EDUCATIONAL TRUST,Trust,23665,PATNA,Bihar,Phulwari,"AT - ASHOK NAGAR, ROAD NO. 3, KANKARBAGH, P.S KANKARBAGH ,DIST- PATNA, PIN-800020",800020,"Children, Education & Literacy",social_welfare,25.5907245,85.1440503,2025-05-16T21:12:58,FALSE,
70940c50f608415004727d7cb0b81eb3,BR/2026/1027013,A.K. EDUCATIONAL & WELFARE TRUST,Trust,68,PATNA,Bihar,Phulwari,"VAISHALI MARKET, KARBIGAHIYA",800001,"Education & Literacy, Skill Development",social_welfare,,,2026-03-13T15:13:17,FALSE,
501f0f90e50e402d51386d21a0a559d6,BR/2025/0582056,A.K. foundation,Trust,2.505E+11,VAISHALI,Bihar,Hajipur,"village- Ramachora Rambharda, Hajipur Vaishali Bihar",844101,"Agriculture, Education & Literacy",social_welfare,25.6924,85.2083,2025-04-08T14:17:28,FALSE,
707100c0a00f40a171a75d2b285f3383,BR/2025/0772833,A.K. SOCIO-CULTURAL WELFARE FOUNDATION TRUST,Trust,2314/2024,SIWAN,Bihar,Goriakothi,"AT- JAGARNATHPUR, PO-JAGARNATHPUR, PANCH- JAGRANTHPUR, BLOCK-GORIYAKOTHI, DIST-SIWAN, BIHAR-841439",841439,"Agriculture, Drinking Water, Education & Literacy, Environment & Forests, Health & Family Welfare, Micro Finance (SHGs)",health,,,2025-08-17T16:25:26,FALSE,
c0c702b0ed0c40fc8889145a78ca7c27,BR/2025/0895877,A.P. MEMORIAL EDUCATIONAL & WELFARE TRUST,Trust,725,PATNA,Bihar,Patna Rural,"ARBIND 130 E, NEAR SRI KRISHNAPURI PARK, POST- P.S.- S.K. PURI, PATNA",800001,"Aged/Elderly, Agriculture, Animal Husbandry,  Dairying & Fisheries, Animal Welfare, Art & Culture, Biotechnology, Children, Civic Issues, Dalit Upliftment, Differently Abled, Disaster Management, Drinking Water, Education & Literacy, Environment & Forests, Food Processing, Health & Family Welfare, HIV/AIDS, Housing, Human Rights, Information & Communication Technology, Labour & Employment, Land Resources, Legal Awareness & Aid, Micro Finance (SHGs), Micro Small & Medium Enterprises, Minority Issues, New & Renewable Energy, Nutrition, Panchayati Raj, Prisoner's Issues, Religious, Right to Information & Advocacy, Rural Development & Poverty Alleviation, Science & Technology, Scientific & Industrial Research, Skill Development, Sports, Tourism, Tribal Affairs, Urban Development & Poverty Alleviation, Vocational Training, Water Resources, Women's Development & Empowerment, Youth Affairs",health,,,2025-11-21T14:35:10,FALSE,
702b0670090640361fb1e88144722064,BR/2021/0274399,A.P.DAS SOCIAL WELFARE & EDUCATIONAL TRUST,Trust,19,ARARIA,Bihar,ARARIA,"AT-SHIVPURI, WARD No. 09, Post- ARARIA
",854311,"Aged/Elderly, Agriculture, Animal Husbandry,  Dairying & Fisheries, Animal Welfare, Art & Culture, Biotechnology, Children, Civic Issues, Dalit Upliftment, Differently Abled, Disaster Management, Drinking Water, Education & Literacy, Environment & Forests, Food Processing, Health & Family Welfare, HIV/AIDS, Housing, Human Rights, Information & Communication Technology, Labour & Employment, Land Resources, Legal Awareness & Aid, Micro Finance (SHGs), Micro Small & Medium Enterprises, Minority Issues, New & Renewable Energy, Nutrition, Panchayati Raj, Prisoner's Issues, Religious, Right to Information & Advocacy, Rural Development & Poverty Alleviation, Science & Technology, Scientific & Industrial Research, Skill Development, Sports, Tourism, Tribal Affairs, Urban Development & Poverty Alleviation, Vocational Training, Water Resources, Women's Development & Empowerment, Youth Affairs",health,,,2021-02-25T21:06:30,TRUE,
00bf0af0cb0b40de9bd8079e19ee4053,BR/2026/0989943,A.P.J. ABDUL KALAM EDUCATINAL TRUST,Trust,BR30253627136530U,SARAN,Bihar,Manjhi,"KOPA , SARAN",841214,Education & Literacy,social_welfare,,,2026-02-12T13:11:33,FALSE,
d0130d70fe0040ea9db2ab97702093b9,BR/2025/0929099,A.S.R. SOCIAL TRUST,Trust,327,KHAGARIA,Bihar,Khagaria,Village NH- 31 SAPHA POST THANA MAHESHKHUNT KHAGARIA BIHAR 851213,851213,"Dalit Upliftment, Differently Abled, Disaster Management, Drinking Water, Education & Literacy, Health & Family Welfare, Information & Communication Technology, Legal Awareness & Aid, Minority Issues, New & Renewable Energy",health,,,2025-12-18T15:30:20,FALSE,
20d40bf0f60a40201819a61501ff4604,BR/2023/0370436,A.S.S.B CHARITABLE TRUST,Trust,Deed no 118,PATNA,Bihar,Patna,House no 210 Gorgawan Jamaluddinchak khagaul patna bihar,801105,,other,,,2023-11-29T10:42:27,TRUE,
505f00b0ce0f416208767d8802475583,BR/2026/1068253,AAARADHYA ORG-WELFARE FOUNDATION,Section 8 Company,U85500BR2026NPL084505,PASHCHIM CHAMPARAN,Bihar,Bettiah,"AT- MAGARAHI, MANGRAHARI, BETTIAH, WEST CHAMPARAN-845451 BIHAR",845451,"Aged/Elderly, Agriculture, Art & Culture, Biotechnology, Children, Civic Issues, Education & Literacy, Environment & Forests, Information & Communication Technology, Labour & Employment, Right to Information & Advocacy, Science & Technology, Scientific & Industrial Research, Skill Development, Sports, Urban Development & Poverty Alleviation, Vocational Training, Water Resources, Women's Development & Empowerment, Youth Affairs",environment,,,2026-04-27T12:45:46,FALSE,
302802a0580440a472602470296a8cb9,BR/2025/0707989,AABHA DEVI EDUCATIONAL TRUST,Trust,12271,ARARIA,Bihar,Narpatganj,"Ward no- 14, Madhura west, Narpatganj, District- Araria, Pin code-854335",854335,"Children, Education & Literacy",social_welfare,,,2025-07-25T20:03:00,FALSE,
30b00180a60f40a410e1732a289d8961,BR/2020/0255701,Aacharya Bhagwat Foundation,Section 8 Company,U85300BR2019NPL044298,PASHCHIM CHAMPARAN,Bihar,Bettiah,"H.N. 370, WARD NO. 23, KAMALNATH NAGAR, NEAR-GOPAL JEE MAHTO COACHING COMPLEX",845438,"Children, Civic Issues, Dalit Upliftment, Disaster Management, Education & Literacy, Health & Family Welfare, Human Rights, Nutrition, Urban Development & Poverty Alleviation, Women's Development & Empowerment",health,,,2020-10-23T18:16:03,TRUE,
309b03b0f50a401e28038372a8db70e6,BR/2024/0425764,AADARSH BUDDHA WELFARE SOCIETY,Society,136/2008-09,GAYA,Bihar,GAYA,"ATLAKHIBAGH, MANPUR, DISTRICTGAYA",823003,Civic Issues,social_welfare,,,2024-07-06T12:36:08,TRUE,
80570dd02d0340da0bd2d63100878b36,BR/2017/0118191,Aadarsh Computer And Welfare Society,Society,1018,AURANGABAD,Bihar,AURANGABAD,"AADARSH COMPUTER AND WELFARE SOCIETY
SURYA MANDIR ROAD OBRA
VILL - OBRA
POST - OBRA
PS - OBRA PIN - 824124",824124,"Agriculture, Animal Welfare, Differently Abled, Education & Literacy, Health & Family Welfare, Information & Communication Technology, Labour & Employment, Land Resources, Micro Finance (SHGs), Minority Issues, Panchayati Raj, Rural Development & Poverty Alleviation, Science & Technology, Skill Development, Tourism, Vocational Training, Youth Affairs",health,,,2024-11-14T20:32:10,TRUE,
40a10ee0410040ba6cd4e40e43676f37,BR/2025/0640367,AADARSH EDUCATIONAL TRUST,Trust,65/19,SAMASTIPUR,Bihar,Samastipur,"AT JITWARPUR NIZAMAT, KANHAIYA CHOWK, PS SAMASTIPUR, DIST-SAMASTIPUR PIN 848101",848101,"Animal Husbandry,  Dairying & Fisheries, Education & Literacy",social_welfare,,,2025-05-18T18:20:42,FALSE,
60390e006008409904b40e03e2022f24,BR/2017/0177670,AADARSH FOUNDATION MUZAFFARPUR,Society,S000315,MUZAFFARPUR,Bihar,MUZAFFARPUR,"FCI Godown, Village- Sherpur, Post- MIC Bela, Sherpur, Muzaffarpur-842005",842005,,other,,,2017-12-30T13:29:34,TRUE,
50b80c10f10740b014a66d03a1807a68,BR/2023/0349247,AADARSH HASTKARGHA KHADI AND RESHAM BUNKAR SWAWLAMBI SAHKARI SAMITI LIMITED,Society,BR-06-02-BEV-01-2017,MADHUBANI,Bihar,MADHUBANI,"VILL- ZARHATIYA, P.O:- PANDAUL, BLOCK- RAHIKA, MADHUBANI",847234,,other,,,2023-06-27T19:57:25,TRUE,
10d20aa0a50e402614780e3cc5b78994,BR/2023/0357519,AADARSH JAN KALYAN SEVA SANSTHAN,Trust,4519/2015,BUXAR,Bihar,NAWANAGAR,VILL PO RUPSAGAR PS NAWANAGAR DIST BUXAR,802129,Education & Literacy,social_welfare,,,2023-09-15T09:00:18,TRUE,
10b30b50770340691d509018e90357f4,BR/2021/0283134,AADARSH LIVELIHOOD MISSION,Trust,DEED NO 29,ROHTAS,Bihar,ROHTAS,"VILLAGE :- BOUR POST- AKHTIYARPUR P.S.- KARGHAR , DIST.- ROHTAS(SASARAM) PIN-821108 BIHAR",821108,"Animal Husbandry,  Dairying & Fisheries, Dalit Upliftment, Education & Literacy, Environment & Forests, HIV/AIDS, Right to Information & Advocacy, Rural Development & Poverty Alleviation, Skill Development, Urban Development & Poverty Alleviation, Women's Development & Empowerment",environment,,,2024-05-02T10:32:33,TRUE,
d0170410010a40020ac9dd5cb8c33d04,BR/2020/0266853,AADARSH MANAV ADHIKAR TRUST,Trust,2019/19117/73,SAMASTIPUR,Bihar,SAMASTIPUR,"LAGUNIA RAGHU KANTH
SAMASTIPUR",848101,,other,,,2020-12-18T12:00:08,TRUE,
80400c20280f40960726521f57664aa8,BR/2018/0184271,aadarsh parikalpana,Society,1941,BEGUSARAI,Bihar,BEGUSARAI,"H.No-189(K), Vill- Pokharia, Ward No-35, PO Distt- Begusarai",851101,"Education & Literacy, Skill Development",social_welfare,,,2018-01-31T10:33:46,TRUE,
30b60ce0960d40312ad6673856bf5d57,BR/2024/0451239,AADARSH SARVODAY VIKAS SAMITI,Trust,19220,NAWADA,Bihar,Nawada,ASHRAM ROAD KAWAKOL PO THANA KAWAKOL NAWADA BIHAR,805106,,other,,,2024-09-20T21:17:24,TRUE,
908801501d0840ac9da6ef0416fd3305,BR/2026/0960635,AADARSH SEWA TRUST,Trust,13824/2023,PASHCHIM CHAMPARAN,Bihar,Narkatiaganj,"Aadarsh sewa trust
Vill- Noniya tola pakdi po d k shikarpur ps shikarpur dist pashchim champaran",845455,"Agriculture, Dalit Upliftment, Education & Literacy, Environment & Forests, Health & Family Welfare, Human Rights, Information & Communication Technology, Labour & Employment, Micro Finance (SHGs), Micro Small & Medium Enterprises, Minority Issues, Nutrition, Rural Development & Poverty Alleviation, Science & Technology, Skill Development, Sports, Vocational Training, Women's Development & Empowerment, Youth Affairs",health,,,2026-01-20T19:47:51,FALSE,
808d05801001400a7bd44b7bb8fd9815,BR/2025/0747895,AADARSH SHIKSHA SEVA & JANKALYAN TRUST,Trust,26,BUXAR,Bihar,Buxar,ADARSH BALIKA MADHYA VIDYALAYA PAWANI,802114,"Art & Culture, Children",social_welfare,,,2025-07-27T18:15:25,FALSE,
701c05b0160640f10047034528f88568,BR/2019/0235608,AADARSH YUVA EKTA SHAKTI,Society,192/2015-16,MUZAFFARPUR,Bihar,MUZAFFARPUR,"SARMASPUR, KALWARI, KANTI,MUZAFFARPUR- BIHAR-843108",843108,"Aged/Elderly, Agriculture, Animal Husbandry,  Dairying & Fisheries, Animal Welfare, Art & Culture, Biotechnology, Children, Civic Issues, Dalit Upliftment, Differently Abled, Disaster Management, Drinking Water, Education & Literacy, Electoral Funding & Donations, Environment & Forests, Food Processing, Health & Family Welfare, HIV/AIDS, Housing, Human Rights, Information & Communication Technology, Labour & Employment, Land Resources, Legal Awareness & Aid, Micro Finance (SHGs), Micro Small & Medium Enterprises, Minority Issues, New & Renewable Energy, Nutrition, Panchayati Raj, Prisoner's Issues, Religious, Right to Information & Advocacy, Road Safety, Rural Development & Poverty Alleviation, Science & Technology, Scientific & Industrial Research, Skill Development, Sports, Think Tank, Tourism, Tribal Affairs, Urban Development & Poverty Alleviation, Vocational Training, Water Resources, Women's Development & Empowerment, Youth Affairs",health,,,2019-06-28T10:36:06,TRUE,
20520750b10440cd1f703701b8b39091,BR/2019/0244373,AADARSH YUVA MISSION HUMAN WELFARE,Trust,"1,147",GAYA,Bihar,BIHAR,"PANCH GAYA (M.CORP), VILLAGE GAYA, (M.CORP), TOLA GAYA TOWN (M.CORP)01, SIGAYA BLOCK TOWN C.D. BLOCK CHANDAUTI AAHAR GAYA - 823001",823001,"Aged/Elderly, Children, Civic Issues, Dalit Upliftment, Education & Literacy, Environment & Forests, Health & Family Welfare, HIV/AIDS, Human Rights, Labour & Employment, Legal Awareness & Aid, Micro Finance (SHGs), Panchayati Raj, Skill Development, Sports, Tribal Affairs, Urban Development & Poverty Alleviation, Women's Development & Empowerment, Youth Affairs",health,,,2022-09-21T16:33:38,TRUE,
c0820110d30d400b03d4739123194d41,BR/2017/0180416,AADARSHVIKALP,Society,368,MADHUBANI,Bihar,Madhubani,"Aadarshvikalp
C/O Rajkumar jha
VillPO -BARHAMPUR
PS - PHULPARAS
Dist_ MADHUBANI 847409
BIHAR",847409,"Agriculture, Education & Literacy, Health & Family Welfare, Micro Small & Medium Enterprises, Rural Development & Poverty Alleviation, Vocational Training",health,,,2020-06-15T12:47:33,TRUE,
c04a0370fb0a40482ff6987e42f44a43,BR/2024/0452289,AADER FOUNDATION,Section 8 Company,U85300BR2021NPL054049,PATNA,Bihar,Patna,"AADER FOUNDATION, WEST BORING CANAL ROAD S K PURI PATNAPATNA, Bihar,800013",800013,"Agriculture, Animal Husbandry,  Dairying & Fisheries, Art & Culture, Children, Civic Issues, Disaster Management, Education & Literacy, Environment & Forests, Health & Family Welfare, Human Rights, Information & Communication Technology, Labour & Employment, Legal Awareness & Aid, Micro Small & Medium Enterprises, Nutrition, Panchayati Raj, Rural Development & Poverty Alleviation, Skill Development, Sports, Urban Development & Poverty Alleviation, Vocational Training, Women's Development & Empowerment",health,,,2024-09-24T12:27:30,TRUE,
a0b80c70f50340fa2625c667e5627108,BR/2024/0448673,AADHAAR WELFARE TRUST,Trust,19401,MUZAFFARPUR,Bihar,Muzaffarpur,"C/o Vikram Kumar, Near Shiv Mandir, Khabra, PO-Khabra, PS Sadar",843146,Education & Literacy,social_welfare,,,2024-09-09T18:06:30,TRUE,
90710f40360140b973d9678734676f31,BR/2025/0798461,AADHARSHILA CHARITABLE TRUST,Trust,10255,PATNA,Bihar,Phulwari,"VINDHACHAL BHAWAN, AT C/O SHASHI RANJAN, NEAR SHIVAM SCHOOL, HARNICHAK, ANISABAD, GARDANIBAGH, PATNA, BIHAR-800002",800002,"Differently Abled, Education & Literacy",social_welfare,,,2025-09-07T11:44:58,FALSE,
30040d10b30c404a73749c25c32283c1,BR/2025/0742381,AADHARSHILA EDUCATIONAL AND WELFARE TRUST,Trust,15,GAYA,Bihar,Sherghati,"AT- PINDRA KHURD
PO- GHORAGHAT
PS- BAHERA",824201,Education & Literacy,social_welfare,,,2025-08-18T15:06:01,FALSE,
40ad03107b08405d1f97c65b81b16a65,BR/2023/0338586,AADHINANDA FOUNDATION,Section 8 Company,U85300BR2022NPL060765,SHEIKHPURA,Bihar,SHEIKHPURA,"C/O KANTI DEVI, VILL CHEWARA PANCH -CHEWARA SHEIKHPURA",811304,"Children, Drinking Water, Education & Literacy, Environment & Forests, Health & Family Welfare, Skill Development, Women's Development & Empowerment",health,,,2023-02-19T09:59:58,TRUE,
900506d04c0b405f2e90774ca97e8639,BR/2024/0415818,AADHIRA SWAWLAMBI ASSOCIATION,Section 8 Company,U88900BR2024NPL068679,MADHUBANI,Bihar,ANDHRATHARHI,"VILL TOLA-MAINI, ANDHRA, MADNA, ANDHRATHARHI, MADHUBANI BIHAR 847401",847401,"Art & Culture, Children, Civic Issues, Education & Literacy, Health & Family Welfare, Human Rights, Information & Communication Technology, Labour & Employment, Legal Awareness & Aid, Right to Information & Advocacy, Science & Technology, Scientific & Industrial Research, Skill Development, Sports, Urban Development & Poverty Alleviation, Vocational Training, Women's Development & Empowerment, Youth Affairs",health,,,2024-05-14T13:25:43,TRUE,
80170640020d407d81310c86f3d76207,BR/2026/0818367,AADHYAAADHVI FOUNDATION,Section 8 Company,U85499BR2025NPL078228,MUZAFFARPUR,Bihar,Kanti,"Ward No-12, Khata-892, Khesra-3653, Anchal Kanti, P.kolhua, Muzaffarpur, Kanti, Bihar, India, 843108.",843108,"Agriculture, Art & Culture, Children, Drinking Water, Health & Family Welfare",health,,,2026-01-11T12:53:12,FALSE,
70d20960b40240510bb3700261b20435,BR/2016/0101711,AADISHAKTI SEVA SANSTHAN,Society,245,NALANDA,Bihar,NALANDA,"KAUSHALYA BHAWAN, MOH. KAMRUDDINGANJ, BEHIND VANDANA CINEMA, POST P.S. BIHARSHARIF, PIN-803101",803101,"Art & Culture, Children, Environment & Forests, Health & Family Welfare, Human Rights, Vocational Training, Women's Development & Empowerment, Youth Affairs",health,,,,TRUE,
e0b10b906003401c9d22b96642086ec5,BR/2025/0926265,AADITYA HEALTH FOUNDATION,Section 8 Company,U86100BR2025NPL080670,SARAN,Bihar,Chapra,"AT- SAKADDI BAZAR, PO-SAKADDI, VIA-JALALPUR BAZAR, DIST-SARAN CHAPRA, STATE-BIHAR, PINCODE-841412",841412,Health & Family Welfare,health,,,2025-12-17T07:04:19,FALSE,
a0b609509b05408b2e613455636b2831,BR/2024/0402455,AADITYA JAI PRAKASH CHARITABLE FOUNDATION,Section 8 Company,U85490BR2024NPL068320,PURBI CHAMPARAN,Bihar,GOVINDPUR,"C/O JAI PRAKASH ,VILL-GOBINDPUR ,TOLA-GOBINDPUR, PANCH-GHIWADHARH,BLOCK-HARSIDHI,GOVINDPUR,EAST CHAMPARAN,BIHAR-845411",845411,"Agriculture, Education & Literacy, Health & Family Welfare, Scientific & Industrial Research, Skill Development",health,,,2024-04-10T15:50:41,TRUE,
009906a0880540a203f1f451b9a95cb1,BR/2015/0086532,AADITYA SEWA SANSTHAN TELDIHA,Society,168,AURANGABAD,Bihar,AURANGABAD,"VILL. P.O.- TELDIHA, P.S.- MADANPUR, DISTT.- AURANGABAD",824103,"Agriculture, Animal Husbandry,  Dairying & Fisheries, Art & Culture, Biotechnology, Children, Education & Literacy, Environment & Forests, Food Processing, Health & Family Welfare, HIV/AIDS, Information & Communication Technology, Labour & Employment, Micro Finance (SHGs), Micro Small & Medium Enterprises, Panchayati Raj, Rural Development & Poverty Alleviation, Sports, Tribal Affairs, Urban Development & Poverty Alleviation, Vocational Training, Water Resources, Women's Development & Empowerment, Youth Affairs",health,,,,TRUE,
807a0830570040fd1145081b14d996d9,BR/2022/0331008,AADIWASI SANTHAL MANJHI PARGANA SAMITI,Society,69,BANKA,Bihar,BANKA,SHITLA ASTHAN WARD NO-20 PO-VIJAY NAGAR DISTT-BANKA BIHAR,813102,"Art & Culture, Children, Dalit Upliftment, Education & Literacy, Environment & Forests, Minority Issues, Panchayati Raj, Rural Development & Poverty Alleviation, Skill Development, Vocational Training, Women's Development & Empowerment, Youth Affairs",environment,,,2022-12-30T22:53:35,TRUE,
20450d20610240d31dc5f82224e81d64,BR/2022/0331295,AADIYOGI EDUCATIONAL & WELLFAIR ASSOCIATION,Section 8 Company,U80902BR2022NPL058756,GOPALGANJ,Bihar,Gopalganj,AADIYOGI EDUCATIONAL,841428,"Agriculture, Education & Literacy, Environment & Forests, Health & Family Welfare, Rural Development & Poverty Alleviation, Skill Development, Urban Development & Poverty Alleviation, Women's Development & Empowerment",health,,,2022-12-03T13:07:42,TRUE,
c0600130fc03400754c80a6a215f5414,BR/2025/0586154,AADIYOGI WELFARE FOUNDATION,Section 8 Company,U88900BR2025NPL074246,MUNGER,Bihar,Munger,"C/O AJAY KUMAR FARDA, HOUSE CHOTTIKELABARI, Munger, Munger, Munger- 811201, Bihar",811201,"Agriculture, Art & Culture, Children, Civic Issues, Differently Abled, Disaster Management, Drinking Water, Education & Literacy, Environment & Forests, Food Processing, Human Rights, Information & Communication Technology, Labour & Employment, Legal Awareness & Aid, Micro Small & Medium Enterprises, Right to Information & Advocacy, Rural Development & Poverty Alleviation, Skill Development, Women's Development & Empowerment, Youth Affairs",environment,25.37571,86.474373,2025-04-03T15:38:45,FALSE,
e0c50a40dc0c408f90a80c12e2313d11,BR/2026/0981231,AADYA ANANTA LALIMA SOCIAL & EDUCATIONAL TRUST,Trust,57,PATNA,Bihar,Dinapur-Cum-Khagaul,"Ramjeechak Digha, P.O.- Bataganj, P.S.- Digha, Distt.-Patna",800018,"Agriculture, Art & Culture, Children, Disaster Management, Drinking Water, Education & Literacy, Environment & Forests, Health & Family Welfare, Human Rights, Information & Communication Technology, Legal Awareness & Aid, Micro Small & Medium Enterprises, Panchayati Raj, Rural Development & Poverty Alleviation, Skill Development, Vocational Training, Women's Development & Empowerment, Youth Affairs",health,,,2026-02-03T15:03:46,FALSE,
30e30880080e409728318e38392b1a32,BR/2023/0377415,AADYA FOUNDATION,Society,S000196,PATNA,Bihar,Patna,PATNA BIHAR,800030,"Animal Husbandry,  Dairying & Fisheries, Art & Culture, Biotechnology, Children, Disaster Management, Drinking Water, Education & Literacy, Environment & Forests, Food Processing, Health & Family Welfare, HIV/AIDS, Information & Communication Technology, Labour & Employment, Micro Finance (SHGs), Micro Small & Medium Enterprises, Panchayati Raj, Rural Development & Poverty Alleviation, Science & Technology, Skill Development, Urban Development & Poverty Alleviation, Water Resources, Women's Development & Empowerment, Youth Affairs",health,,,2023-12-19T14:13:11,TRUE,
e0a50ea0fa0c40d431c05b3568fb9258,BR/2025/0502167,AAF EDUCATION MEMORIAL TRUST,Trust,139/2019,SIWAN,Bihar,Siwan,"Village- chanp, post thane saharan Dist-Siwan Bihar-841241",841241,,other,,,2025-01-28T19:15:07,TRUE,
205d0ca05a0940b62de39e1b658f28a4,BR/2024/0408059,AAFTR2285R,Trust,26,KAIMUR (BHABUA),Bihar,Bhabua,Ward no 04 patel chowk po bhabua thana bhabua distt kaimur bihar 821101,821101,,other,,,2024-05-07T16:48:58,TRUE,
40b20c60c008408a2349237500573166,BR/2025/0498850,AAGAAZ INDIA FOUNDATION,Section 8 Company,U93090BR2017NPL036187,PATNA,Bihar,PATNA,"H NO 22 CDA COLONY NORTH SHASTRI NAGAR, , PATNA,BIHAR,INDIA- 800023.",800023,"Children, Dalit Upliftment, Differently Abled, Education & Literacy, Labour & Employment, Skill Development, Youth Affairs",social_welfare,,,2025-02-08T12:42:17,TRUE,
209207804f0f40db19c29a9c49711ba4,BR/2020/0260968,Aagaj Foundation,Trust,759445,PATNA,Bihar,PATNA,VILL- BHUPATIPUR SURBHI VIHAR NEAR KRISHI ANUSANDHAN KENDRA PATNA,800020,"Animal Husbandry,  Dairying & Fisheries, Children, Dalit Upliftment, Education & Literacy, Food Processing, Health & Family Welfare, Human Rights, Information & Communication Technology, Rural Development & Poverty Alleviation, Skill Development, Urban Development & Poverty Alleviation",health,,,2020-08-08T11:50:03,TRUE,
90500910cb0640762698ac55d0491412,BR/2024/0457692,AAGAZ AN INITIATIVE EDUCATIONAL & WALEFARE TRUST,Trust,6,KISHANGANJ,Bihar,KISHANGANJ,"Ground Floor,Anas Rahmani Aasyana,Ruidhasa Khanqua KishanganjPin -855107",855107,"Animal Husbandry,  Dairying & Fisheries, Disaster Management, Education & Literacy, Environment & Forests, Health & Family Welfare, Micro Small & Medium Enterprises, Skill Development, Vocational Training, Women's Development & Empowerment, Youth Affairs",health,,,2024-10-16T13:38:35,TRUE,
a0780070860740129666071ad8eb75e9,BR/2026/0961879,AAGHAAZ FOUNDATION,Trust,Dec-25,DARBHANGA,Bihar,Darbhanga,"BHAPURA, BHAWANIPUR,BHARWARA,DARBHANGA,BIHAR",847104,"Education & Literacy, Health & Family Welfare, Human Rights",health,,,2026-02-05T11:39:23,FALSE,
f0260540c40d403906072c0408641b03,BR/2018/0194048,AAGHAZ,Society,815/2002-03,PATNA,Bihar,PATNA,"ROOM NO-405-406, VERMA CENTRE, BORING ROAD CROSSING, P.O.- GPO, PATNA",800001,"Agriculture, Animal Husbandry,  Dairying & Fisheries, Art & Culture, Biotechnology, Children, Civic Issues, Dalit Upliftment, Differently Abled, Disaster Management, Drinking Water, Education & Literacy, Environment & Forests, Food Processing, Health & Family Welfare, HIV/AIDS, Housing, Human Rights, Information & Communication Technology, Labour & Employment, Legal Awareness & Aid, Micro Finance (SHGs), Micro Small & Medium Enterprises, Minority Issues, New & Renewable Energy, Panchayati Raj, Right to Information & Advocacy, Rural Development & Poverty Alleviation, Science & Technology, Scientific & Industrial Research, Sports, Tribal Affairs, Urban Development & Poverty Alleviation, Vocational Training, Water Resources, Women's Development & Empowerment, Youth Affairs",health,,,2018-04-18T13:38:11,TRUE,
50250b70910640ed0e62a06af40e6784,BR/2017/0173306,AAGILE BUSINESS ASSOCIATES PRIVATED LIMITED,Trust,U51109BR2008PTC013949,PATNA,Bihar,PATNA,519 HARNIWAS COMPLEX DAKBANGLOW PATNA 800001,800001,Education & Literacy,social_welfare,,,2017-12-08T15:58:15,TRUE,
b0c30700340a409f3e830a48289d2dd3,BR/2025/0538704,AAHANA EDUCATIONAL TRUST,Trust,DEED NO.- 383,GAYA,Bihar,GAYA,"TAJ COLONY, PANCHAYATIA AKHARA, P.O.- H.O. GAYA, P.S.- KOTWALI",823001,"Art & Culture, Education & Literacy, Environment & Forests, Vocational Training",environment,,,2025-03-04T11:39:09,TRUE,
901f00f0870f40ac0d07590e015057b8,BR/2019/0222792,aahar mahila  sansthan,Society,1172,DARBHANGA,Bihar,Darbhanga,Hanumanganj mishratola Darbhanga,846004,"Animal Husbandry,  Dairying & Fisheries, Art & Culture, Children, Civic Issues, Differently Abled, Drinking Water, Health & Family Welfare, HIV/AIDS, Panchayati Raj, Sports, Vocational Training, Women's Development & Empowerment, Youth Affairs",health,,,2020-05-26T11:11:09,TRUE,
40cb06402109403a25d76e2bb6a61a44,BR/2024/0453977,AAINBALL ASSOCIATION BIHAR,Society,S21114,MUZAFFARPUR,Bihar,GAYGHAT,VILL RAGHOPUR NEAR DURGA MANDIR PO HARKHAULI PS GAYGHAT MUZAFFARPUR BIHAR843321,843321,"Sports, Women's Development & Empowerment",social_welfare,,,2024-10-12T22:20:07,TRUE,
b0b900e0fd0040411e96ad37787a46d9,BR/2022/0319663,AAISA SILK KHADI SAMITI,Society,S000201,BHAGALPUR,Bihar,BHAGALPUR,"AT.- SAJAUR, P.O. P.S.- SAJAUR, BHAGALPUR",812006,"Minority Issues, Skill Development, Vocational Training",other,,,2022-07-14T10:53:11,TRUE,
401e04808806409c10a41051147c3953,BR/2022/0307130,AAISHAH SIDDEEQUEAH EDUCATIONAL & WELFARE TRUST,Trust,IV143,ARARIA,Bihar,BIHAR,BIRNAGAR BISHARIYA AT PO-AKARTHAPA PS-BHARGAMA DIST-ARARIA,854102,"Agriculture, Art & Culture, Skill Development, Vocational Training",other,,,2022-02-23T17:31:40,TRUE,
106a00909508404614f7a151e51b9270,BR/2023/0354905,AAJIVIKA WELFARE TRUST,Trust,M.M-89,PURNIA,Bihar,purnia,Abdulla Nagar Ghoshpara khuskibagh purnia sadar,854305,"Agriculture, Children, Education & Literacy, Food Processing, Health & Family Welfare, Skill Development, Sports, Women's Development & Empowerment",health,,,2023-08-28T18:56:10,TRUE,
20d90870ce0340ce3ff12307f51c9285,BR/2025/0493570,AAKANKSHA EDUCATIONAL TRUST,Trust,AALTA0625Q,SARAN,Bihar,CHAPRA,"MOHABBAT PARSA, REVELGANJ CHAPRA SARAN BIHAR 841305",841305,,other,,,2025-01-12T13:21:37,TRUE,
40ef07708e0540373f621e6a428c5133,BR/2025/0526766,AAKANKSHA INSTITUTE FOR MENTALLY HANDICAPPED,Society,54 - 1998/99,GAYA,Bihar,GAYA,"BHADANI NURSING HOME
FATEH BAHADUR SHIVALA ROAD, GAYA",823001,Education & Literacy,social_welfare,,,2025-02-17T19:31:33,TRUE,
70830730930a409d0d42bd8a180787f8,BR/2016/0100721,aakankshit,Society,497/2002-2003,PATNA,Bihar,Patna,"Aarya Samaj Mandir Road, (S.K. Puram), Lane No-20, Danapur Patna, Bihar- 801503",,,other,,,2019-10-21T14:16:41,TRUE,
709b00c03808409d00e0e244568e80b6,BR/2012/0051085,AAKASH GANGA RANG CHAUPAL ASSOCIATION,Society,59903,BEGUSARAI,Bihar,BEGUSARI,"AT CHAKIYA, POST VTPS, DISTT-BEGUSARAI, BIHAR",851116,"Aged/Elderly, Agriculture, Art & Culture, Children, Education & Literacy",elderly_care,,,,TRUE,
40710b808d0940d92870f47c704105a5,CH/2024/0399661,3B GROUP FOUNDATION,Trust,3295,CHANDIGARH,Chandigarh,CHANDIGARH,HNO 1299 SECTOR 15B CHANDIGARH,160015,"Aged/Elderly, Children, Education & Literacy",elderly_care,,,2024-12-02T10:35:40,TRUE,
80d40940550240ed2f491565f23c8d64,CH/2024/0460867,51A WILDLIFE CONSERVATION & RESEARCH FOUNDATION,Section 8 Company,U85300CH2021NPL044104,CHANDIGARH,Chandigarh,Chandigarh,"House no. 2808, sector 25, chandigarh160015",160015,,other,,,2024-10-24T12:59:52,TRUE,
003f01e0e30b40b394420f2628748279,CH/2025/0922889,A REASON FOR SMILE,Society,DC-RIA-RS/2025/00062,CHANDIGARH,Chandigarh,Chandigarh,#168 sector 25 chandigarh,160014,"Dalit Upliftment, Education & Literacy, Legal Awareness & Aid, Women's Development & Empowerment",social_welfare,,,2025-12-13T13:10:59,FALSE,
c0dc07106d07407b68a3e46bb68b0b85,CH/2025/0636605,AAB BIENNIUM FOUNDATION,Trust,IN-CH21770438994001S,CHANDIGARH,Chandigarh,Chandigarh,House No-226 9-C Chandigarh-160009,160009,"Art & Culture, Drinking Water, Skill Development, Water Resources",other,,,2025-05-16T16:08:10,FALSE,
b0870e80fd0140f607289413f2e960e7,CH/2019/0237979,AADESH DIGITAL SOLUTIONS PRIVATE LIMITED,Section 8 Company,U72900CH2019PTC042415,CHANDIGARH,Chandigarh,chandigarh,"sco 188-190, sector 354-a",160034,,other,,,2019-07-26T15:08:40,TRUE,
c0840700d50240262b05016d85717fc0,CH/2024/0448669,AANCHAL EDUCATIONAL SOCIETY,Society,2301 OF 1994,CHANDIGARH,Chandigarh,CHANDIGARH,"REGD. OFFICE :- AANCHAL INTERNATIONAL SCHOOL, SECTOR 41 D, CHANDIGARH",160036,,other,,,2024-09-09T18:29:27,TRUE,
c08002c0460840782861996f622216c2,CH/2024/0386520,AARAY FOUNDATION,Section 8 Company,152781,CHANDIGARH,Chandigarh,CHANDIGARH,"HOUSE NO. 5227 A, SECTOR 38 WEST, CHANDIGARH",160036,,other,,,2024-02-01T10:46:11,TRUE,
e0db0c80960540c52b96467110510af5,CH/2024/0452223,AASHITA CANCER CARE TRUST,Trust,330/CHANDIGARH/2024-25,CHANDIGARH,Chandigarh,CHANDIGARH,"HOUSE NO. 96-D, SECTOR 51-A, CHANDIGARH",160047,Health & Family Welfare,health,,,2024-09-23T17:00:34,TRUE,
00f200e0db0440229179242291e676c5,CH/2026/0992175,AASTHA DHAM TRUST,Trust,2025-26/1/IV/675,CHANDIGARH,Chandigarh,Chandigarh,"# 303 A, Sector 51 A, Chandigarh",160047,Religious,other,,,2026-02-12T11:55:38,FALSE,
c0ab00101c0c40c60466882a974a4db3,CH/2018/0191211,AAZAAD Foundation,Trust,4902,CHANDIGARH,Chandigarh,CHANDIGARH,"116, SECTOR 27A, chandigarh, CHANDIGARH, 160019, CHANDIGARH",160019,"Children, Education & Literacy, Skill Development",social_welfare,,,2024-10-05T17:58:26,TRUE,
701e09c0030e40ab84165310a54806c7,CH/2025/0861507,ABC MONTESSORI,Trust,Q-2985/15,CHANDIGARH,Chandigarh,Chandigarh,"SCO 19 2ND FLOOR SECTOR 26
MAIN ROAD MADHAYA MARG",160019,"Children, Health & Family Welfare",health,,,2025-11-13T10:58:22,FALSE,
b0970970b20640fb5eb5273f02580772,CH/2025/0553202,ACADEMY OF NATIONAL LITERATURE AND CULTURE,Society,3215,CHANDIGARH,Chandigarh,Chandigarh,"HOUSE NUMBER 108, DADDU MAJRA COLONY, SECTOR - 38 WEST, CHANDIGARH, POST OFFICE - SECTOR -14, DISTRICT -CHANDIAGRH, PIN CODE - 160014",160014,"Art & Culture, Dalit Upliftment, Education & Literacy",social_welfare,30.7552,76.79,2025-03-12T11:59:15,FALSE,
a0420110560a40ce07616a4186bd5d34,CH/2010/0031437,Acharyakul Chandigarh,Society,4293 of 2013,CHANDIGARH,Chandigarh,Chandigarh,"Acharyakul ChandigarhGandhi Smarak Bhawan, Sector16-A, Chandigarh (U.T.) 160015",160015,"Art & Culture, Children, Environment & Forests, Health & Family Welfare, Legal Awareness & Aid, Vocational Training, Women's Development & Empowerment, Youth Affairs",health,,,,TRUE,
50c10200110a40a67726a56187e499b7,CH/2025/0766797,ADHISHRIHAAN FOUNDATION,Section 8 Company,U88100CH2025NPL046356,CHANDIGARH,Chandigarh,Chandigarh,"HOUSE NO 1530, Second Floor Sector 36 D Chandigarh",160036,"Aged/Elderly, Animal Welfare, Children, Civic Issues, Differently Abled, Drinking Water, Education & Literacy, Environment & Forests, Nutrition, Rural Development & Poverty Alleviation, Water Resources, Women's Development & Empowerment",environment,,,2025-08-07T19:11:29,FALSE,
e0610850100f409e2737f14cd4d60147,CH/2024/0468392,AEREN FOUNDATION,Section 8 Company,U85300CH2021NPL043591,CHANDIGARH,Chandigarh,CHANDIGARH,"PLOT NO 14, GROUND FLOOR, RAJIV GANDHI CHANDIGARH TECHNOLOGY PARK, CHANDIGARH
-160101",160101,"Information & Communication Technology, Right to Information & Advocacy, Scientific & Industrial Research",other,,,2024-11-22T16:16:55,TRUE,
30380f10a20a40532e98308408df6bb7,CH/2024/0458832,AGGARWAL PARIWAR SANGTHAN,Society,3580/2003,CHANDIGARH,Chandigarh,Chandigarh,"3544 Sector 38 D,Chandigarh",160036,Art & Culture,other,,,2024-10-23T12:49:25,TRUE,
20eb01803a0d40c691951e63b80e5205,CH/2026/0956855,AGRO PROGRESSIVE ASSOCIATION,Section 8 Company,U88900CH2026NPL046691,CHANDIGARH,Chandigarh,Chandigarh,"HOUSE 809, SECTOR 38/A CHANDIGARH, SECTOR 14 DISTRICT CHANDIGARH",160014,"Agriculture, Food Processing",other,,,2026-01-12T16:32:54,FALSE,
509b08c0010941f20740ce5ff12f98f5,CH/2026/1005195,AHINSA CHARITABLE SEWA SAMITI,Society,4805,CHANDIGARH,Chandigarh,Chandigarh,"HOUSE NO 5552, SECTOR 38 WEST",160015,Religious,other,,,2026-03-18T19:41:08,FALSE,
809d0940860840330819e82213387464,CH/2019/0241488,AHSAS: Association For Health Systems Analysis & Strengthening,Society,4748 of 2018,CHANDIGARH,Chandigarh,Chandigarh,"Department of Community Medicine, School of Public Health, PGIMER, Chandigarh",160012,Health & Family Welfare,health,,,2019-09-04T11:07:56,TRUE,
300307809a07406f9733687dd08e6a53,CH/2025/0937063,AIKKAA PUNJ AAB FOUNDATION,Section 8 Company,U88900CH2025NPL046669,CHANDIGARH,Chandigarh,Chandigarh,"HNO-3526 NEAR KHUKHRAIN, BHAWAN SEC-35D, Sector 36 Chandigarh, Chandigarh, Chandigarh- 160036,
Chandigarh",160036,"Aged/Elderly, Agriculture, Animal Husbandry,  Dairying & Fisheries, Animal Welfare, Art & Culture, Biotechnology, Children, Civic Issues, Dalit Upliftment, Differently Abled, Disaster Management, Drinking Water, Education & Literacy, Environment & Forests, Food Processing, Health & Family Welfare, HIV/AIDS, Housing, Human Rights, Information & Communication Technology, Labour & Employment, Land Resources, Legal Awareness & Aid, Micro Finance (SHGs), Micro Small & Medium Enterprises, Minority Issues, New & Renewable Energy, Nutrition, Panchayati Raj, Prisoner's Issues, Religious, Right to Information & Advocacy, Rural Development & Poverty Alleviation, Science & Technology, Scientific & Industrial Research, Skill Development, Sports, Tourism, Tribal Affairs, Urban Development & Poverty Alleviation, Vocational Training, Water Resources, Women's Development & Empowerment, Youth Affairs",health,,,2025-12-31T10:39:35,FALSE,
00d603603005418f09d3f49a87394b77,CH/2026/1039747,Ajay Memorial educational society,Society,405 of 1984-85,CHANDIGARH,Chandigarh,Chandigarh,sector 7 panchkula,160022,"Education & Literacy, Skill Development",social_welfare,,,2026-03-24T16:52:55,FALSE,
50810db0bd0b40580f22124113978222,CH/2017/0118618,AKAAL AASRA TRUST,Trust,1965/4,CHANDIGARH,Chandigarh,Chandigarh,"GUR AASRA TRUST (Regd.), Gurdwara complex, Village- Palsora, Sector-55, Chandigarh (U.T) Pin code-160055",,Children,social_welfare,,,,TRUE,
40660bb04e08419209f2fe6fe79414b3,CH/2026/1026713,AKAAL PURKH KI FAUJ CHARITABLE SOCIETY,Society,NO 150 OF 17-18,CHANDIGARH,Chandigarh,Chandigarh,akaal house roop nagar bhagtanwala amritsar,143001,"Education & Literacy, Health & Family Welfare, Religious, Urban Development & Poverty Alleviation",health,,,2026-03-16T12:23:35,FALSE,
80d90820c30540528e37330d88293841,CH/2025/0870831,AKHIL BHARTIYA AGGARWAL SAMELAN ( CHANDIGARH PARDESH),Trust,5385,CHANDIGARH,Chandigarh,Chandigarh,H.No. 1391 Sector 34C,160022,"Nutrition, Religious",other,,,2025-11-03T18:17:15,FALSE,
30400c00fa0240688e00c104e66e0b81,CH/2025/0800601,AKHIL BHARTIYA MAHAJAN JANDIAL BARADRI,Society,20/1988-89,CHANDIGARH,Chandigarh,Chandigarh,OFFICE OF REGISTERAR OF FIRMS AND SOCIETIES SECTOR 17 CHANDIGARH -160001,160001,Religious,other,,,2025-09-02T15:20:17,FALSE,
708c0220e10c40df6855a038d7333567,CH/2025/0653737,AKSHAY MATHUR WELLFARE TRUST,Trust,9436,CHANDIGARH,Chandigarh,Chandigarh,"H.NO. 1512, SECTOR- 43 B, CHANDIGARH",160043,"Differently Abled, Education & Literacy",social_welfare,,,2025-05-28T13:42:59,FALSE,
a03909200c06400c00856435217c2d48,CH/2018/0188212,Alankartheatrechd,Society,4225,CHANDIGARH,Chandigarh,Chandigarh,"4th Room, 2nd Floor, Indian Red Cross Society, Chandigarh Union Territory Branch, Karuna Sadan Building, Sector-11B",160011,"Agriculture, Art & Culture, Children, Education & Literacy, Human Rights, Labour & Employment, Panchayati Raj, Urban Development & Poverty Alleviation, Women's Development & Empowerment",social_welfare,,,2018-02-27T11:36:41,TRUE,
e0f50de07d0440bd3e31a11d01272bb2,CH/2025/0508001,ALLENGERS CARE FOUNDATION,Trust,AADTA8698RE20211,CHANDIGARH,Chandigarh,CHANDIGARH,"SCO 212-214,
SECTOR-34-A,
CHANDIGARH",160022,,other,,,2025-03-06T19:34:09,TRUE,
106a0190180a403f0506f27a57807cf9,CH/2018/0222155,ALLIANCE FRANCAISE LE CORBUSIER DE CHANDIGARH,Society,1146,CHANDIGARH,Chandigarh,CHANDIGARH,"NEXT TO HIBISCUS GARDEN , SECTOR-36 A CHANDIGARH",160036,"Art & Culture, Civic Issues, Education & Literacy",social_welfare,,,2018-12-31T09:39:03,TRUE,
d0500ca0260a40152343ca1df11d1782,CH/2024/0407921,ALTERNATIVE DEVELOPMENT INITIATIVES,Society,262 of 1997-98,CHANDIGARH,Chandigarh,Chandigarh,"Flat No GF 277, Omaxe Silver Birch, New Chandigarh, Mullanpur, SAS Nagar Mohali, Punjab",140901,"Agriculture, Environment & Forests, Land Resources, Micro Finance (SHGs), Rural Development & Poverty Alleviation, Skill Development, Vocational Training, Water Resources, Women's Development & Empowerment",environment,,,2024-05-03T12:35:26,TRUE,
b01d05c00e0e407829118574812a27c0,CH/2024/0403006,ALUMNI ASSOCIATION OF INSTITUTE FOR THE BLIND,Trust,U88900PB2023NPL059753,CHANDIGARH,Chandigarh,CHANDIGARH,H.NO 1554 Sector 38 Chandigarh (160036),160036,,other,,,2024-04-02T16:12:21,TRUE,
90f20070b704416205e66d6e18022e61,CH/2026/1066821,AMIT KUMAR MODI FAMILY TRUST,Trust,2025-26/1/IV/776,CHANDIGARH,Chandigarh,Chandigarh,"SCO 140-141, SECTOR 34A CHANDIGARH",160022,Health & Family Welfare,health,,,2026-04-25T10:51:34,FALSE,
00880f50db0940570b07e65c22361c03,CH/2019/0224203,AMRIT CANCER FOUNDATION,Trust,2374,CHANDIGARH,Chandigarh,CHANDIGARH,353 SECTOR 44-A,160047,Health & Family Welfare,health,,,2019-02-19T12:48:47,TRUE,
a0480940f40440092698d02a902e4cd3,CH/2024/0470634,AMRUT RESIDENT WELFARE ASSOCIATION SECTOR 22,Trust,4869,CHANDIGARH,Chandigarh,CHANDIGARH,"HOUSE NO 2350, SECTOR 22 C",160022,,other,,,2024-12-12T14:34:54,TRUE,
30f804a0bb09416900f46d4096b42f59,CH/2026/1044629,ANAESTHESIA EDUCATION SOCIETY CHANDIGARH,Society,4268,CHANDIGARH,Chandigarh,Chandigarh,"DEPARTMENT OF ANAESTHESIA AND INTENSIVE CARE,LEVEL-V,BLOCK -D,GOVERNMENT MEDICAL COLLEGE AND HOSPITAL,SECTOR 32,CHANDIGARH",160030,"Education & Literacy, Skill Development",social_welfare,,,2026-04-29T11:15:21,FALSE,
f0fe0d80e60d41cd0b56685874bb0de9,CH/2026/1065409,ANAHATHA NOBLE FOUNDATION,Trust,889/112/03,CHANDIGARH,Chandigarh,Chandigarh,house no 1351 .dadu majra colony sector 38 west,160014,"Education & Literacy, Environment & Forests, Science & Technology, Scientific & Industrial Research, Skill Development, Vocational Training",environment,,,2026-04-23T14:21:49,FALSE,
106803002d0c41de0ae2a341b5228521,CH/2026/1024581,ANDALE EDUCATIONAL SOCIETY,Society,337 OF 1977-78,CHANDIGARH,Chandigarh,Chandigarh,2104 sector 21 chandigarh,160022,"Children, Education & Literacy",social_welfare,,,2026-03-11T12:04:14,FALSE,
40a206305706402a1ef17e52d7ff2714,CH/2021/0298195,Angel Smayra care Foundation,Section 8 Company,124250,CHANDIGARH,Chandigarh,chandigarh,"133/1, Khuda jassu, Chandigarh",160014,"Differently Abled, Education & Literacy",social_welfare,,,2022-08-24T14:22:29,TRUE,
c06a0750e208419f00717a5ea0851315,CH/2026/1015015,ANGLICIAN CHURCH WELFARE SOCIETY,Society,2596,CHANDIGARH,Chandigarh,Chandigarh,"#2489, Sector 40-C",160036,Religious,other,,,2026-03-16T10:45:25,FALSE,
d09d00f09b06401c63b5421dd47604c5,CH/2025/0651405,ANIMAL LOVERS ASSOCIATION,Society,3307 of 2002,CHANDIGARH,Chandigarh,Chandigarh,"House No. 198, Sector 16-A, Chandigarh, India",160015,Animal Welfare,other,,,2025-05-25T15:54:33,FALSE,
206f02c01e0240a223e63536d5ac24a7,CH/2024/0451152,ANISHA BATRA FAMILY PRIVATE TRUST,Trust,410,CHANDIGARH,Chandigarh,Chandigarh,"SCO 106108, Batra Building, Sector-17D, Chandigarh - 160017",160017,,other,,,2024-10-09T17:01:02,TRUE,
502b0970c90540c220300858297e18e5,CH/2024/0399156,ANJUM SINGH EDUCATIONAL CHARITABLE TRUST,Trust,3266,CHANDIGARH,Chandigarh,Chandigarh,"H.no. 2173, Sector 15C, Chandigarh, 160015",160015,"Education & Literacy, Skill Development",social_welfare,,,2024-05-06T16:26:06,TRUE,
40eb03b0d10e400b23b10790d2d62620,CH/2024/0419981,ANJUMAN ISLAMIA RAJA E MUSTAFA WELFARE ASSOCIATION,Society,4306 of 2013,CHANDIGARH,Chandigarh,Chandigarh,Mauli jagran colony UT Chandigarh,160102,,other,,,2024-05-31T19:47:48,TRUE,
20c10c304f0d405f26f8ad31371b79d9,CH/2024/0457326,ANKUR BATRA FAMILY PRIVATE TRUST,Trust,412,CHANDIGARH,Chandigarh,CHANDIGARH,SCO 106-108 SECTOR 17 D,160017,,other,,,2024-10-11T15:22:48,TRUE,
b0110f40790040258c575f3b195e8045,CH/2025/0873985,Anonymous Hope,Society,084 of 20245-2025,CHANDIGARH,Chandigarh,Chandigarh,KHUDA LAHORA COLONY PART 2 CHAANDIGARH 160014,160014,"Aged/Elderly, Art & Culture, Children, Disaster Management, Environment & Forests, Food Processing, Health & Family Welfare, Housing, Human Rights, Legal Awareness & Aid, Women's Development & Empowerment",health,,,2025-11-06T17:51:46,FALSE,
e00301208d03400758e6a62bf0305fb3,CH/2025/0562053,ANU PREM HARI KRISHNA CANCER FOUNDATION,Section 8 Company,63376,CHANDIGARH,Chandigarh,Chandigarh,"456, Sector 63, Chandigarh Sector 62, Rupnagar, S.A.S.Nagar Mohali, Punjab, India, 160062",160062,"Animal Welfare, Children, Education & Literacy, Health & Family Welfare, Urban Development & Poverty Alleviation, Women's Development & Empowerment",health,30.6951,76.7355,2025-03-20T14:35:58,FALSE,
d0130370cd0440427c30697500671661,CH/2025/0707011,ANUBHAV GARG CHARITABLE TRUST,Trust,5444,CHANDIGARH,Chandigarh,Chandigarh,"PLOT NO. 99, INDUSTRIAL AREA,PHASE 2, CHANDIGARH",160002,"Art & Culture, Education & Literacy",social_welfare,,,2025-07-04T16:07:08,FALSE,
204a0290960f40d48702a12ff7dd1dc3,CH/2025/0822713,ANUVRAT SAMITI,Society,474,CHANDIGARH,Chandigarh,Chandigarh,H.No. 1517 Sector 11-D Chandigarh,160024,"Civic Issues, Drinking Water, Education & Literacy, Health & Family Welfare, Religious, Water Resources",health,,,2025-09-25T15:51:05,FALSE,
40cb0910380740a02ac5cc1232943971,CH/2024/0446792,APOORVA PANDE FOUNDATION,Trust,389138,CHANDIGARH,Chandigarh,CHANDIGARH,"5729, SECTOR 38 WEST, CHANDIGARH, 160014, CHANDIGARH",160014,"Education & Literacy, Nutrition",social_welfare,,,2024-09-06T12:34:37,TRUE,
c0c70950850d408e97507e5660f63f77,CH/2025/0905037,Apostal Prophets Christ Doctrate Award Council,Section 8 Company,U86100CH2025NPL046616,CHANDIGARH,Chandigarh,Chandigarh,"#680, Sector 40A, Chandigarh",160036,"Education & Literacy, Skill Development",social_welfare,,,2025-11-28T20:26:42,FALSE,
30650080dd0240d52c76777af3204f46,CH/2024/0466190,APOSTOLIC CARMEL EDUCATIONAL SOCIETY OF CARMEL CONVENT,Society,63 OF 1961-62,CHANDIGARH,Chandigarh,CHANDIGARH,"CARMEL CONVENT, SECTOR-9B, CHANDIGARH-160009",160009,,other,,,2025-01-10T17:16:24,TRUE,
a00e0fb0c00540190b75f007e1415fa0,CH/2018/0203179,Appworx IT Solutions Private Limited,Section 8 Company,U72900CH2012PTC033966,CHANDIGARH,Chandigarh,Chandigarh,"Netsmartz House, Plot Number 10, Rajiv Gandhi Technology Park, Chandigarh-160101",160101,,other,,,2018-07-23T10:58:04,TRUE,
50940ba0960b41cb03103c82711a2723,CH/2026/1008123,AR MELODIES ASSOCIATION,Section 8 Company,U85100PB2014NPL039053,CHANDIGARH,Chandigarh,Chandigarh,# 271 evergreen tower desu majra kharar distt. mohali punjab INDIA,140301,Art & Culture,other,,,2026-02-28T16:01:35,FALSE,
407302504803403f2423cd5d089e26e3,CH/2024/0392380,ARDASTV PUNJABI CHANNEL FOUNDATION,Section 8 Company,U85300CH2020NPL043020,CHANDIGARH,Chandigarh,CHANDIGARH,"SCO 18-19, 2ND FLOOR, MADHYA MARG, SECTOR 9D",160017,,other,,,2024-02-21T14:43:27,TRUE,
40a00190b60f401d29050b1e39433456,CH/2024/0462093,ARKAY LGBT POWER UPLIFTMENT FOUNDATION,Section 8 Company,U88900CH2024NPL045928,CHANDIGARH,Chandigarh,Chandigarh,SEC-22A H NO-336 H NO-336 Sector 22 (Chandigarh) Chandigarh Chandigarh CH 160022,160022,"Environment & Forests, Rural Development & Poverty Alleviation, Skill Development, Urban Development & Poverty Alleviation",environment,,,2024-11-01T16:22:42,TRUE,
e0f00be0910b40500c509343f21674e8,CH/2017/0156589,Armaan Foundation Chandigarh,Society,4291,CHANDIGARH,Chandigarh,Chandigarh,"Office 2682, Sector 40 C, Chandigarh, India",160036,"Aged/Elderly, Art & Culture, Children, Education & Literacy, Sports, Tourism, Urban Development & Poverty Alleviation, Vocational Training, Women's Development & Empowerment",elderly_care,,,2017-06-22T14:28:53,TRUE,
e0800950ab0040df5de73396b6da5530,CH/2025/0579650,ARPAN,Trust,923,CHANDIGARH,Chandigarh,Chandigarh,"SCO 63, First Floor, Cabin, Sector 20-C, Chandigarh, 160020",160020,"Drinking Water, Education & Literacy, Environment & Forests, Health & Family Welfare, Sports, Vocational Training",health,30.716341,76.777654,2025-03-29T15:01:12,FALSE,
907106b03a0d40cc03773093e47e5d92,CH/2018/0196869,ARRIVE SAFE SOCIETY OF CHANDIGARH,Society,3862,CHANDIGARH,Chandigarh,Chandigarh,"Plot No 268
Sector 21A",160022,"Children, Civic Issues, Differently Abled, Education & Literacy, Health & Family Welfare, Urban Development & Poverty Alleviation",health,,,2021-03-25T21:07:27,TRUE,
309106506c0c410906f5965fd65b2199,CH/2026/1055629,ARTIFICIAL INTELLIGENCE EXPLORATION FOUNDATION,Trust,2025-26/1/IV/903,CHANDIGARH,Chandigarh,Chandigarh,House Number 637 Sector 36 B,160036,Health & Family Welfare,health,,,2026-04-16T15:27:36,FALSE,
50510c80bc0f405989646b27f39f7509,CH/2025/0842379,Artist Welfare Group,Society,DC-RIA-RS/2025/00019,CHANDIGARH,Chandigarh,Chandigarh,"House No.305
Sector 41 A
Chandiarh UT",160036,"Art & Culture, Civic Issues, Environment & Forests, Health & Family Welfare, Women's Development & Empowerment, Youth Affairs",health,,,2025-10-07T19:50:02,FALSE,
e0aa0830cb0c405501507365942f5c36,CH/2013/0056119,Artscapes,Society,4215 of 2012,CHANDIGARH,Chandigarh,Chandigarh,"Artscapes
SCO 7 II Floor
Sector 30 D",160030,Art & Culture,other,,,,TRUE,
303c0110f70e40da00c6835147318730,CH/2018/0221578,Aruna Asaf Ali Memorial Trust,Trust,2120,CHANDIGARH,Chandigarh,CHANDIGARH,"ARUNA ASAF ALI BHAWAN
SECTOR 44-A
CHANDIGARH",160047,"Children, Civic Issues, Vocational Training, Women's Development & Empowerment",social_welfare,,,2018-12-31T16:51:47,TRUE,
602b0280b00840a954c9557bc8bf9795,CH/2025/0597895,Arvind Mehta Memorial Trust,Trust,2286,CHANDIGARH,Chandigarh,Chandigarh,"House No. 300, Sector 15A, Chandigarh",160015,"Aged/Elderly, Art & Culture, Children, Civic Issues, Education & Literacy, Environment & Forests, Health & Family Welfare, Information & Communication Technology, Micro Finance (SHGs), Skill Development, Vocational Training, Women's Development & Empowerment, Youth Affairs",health,30.7553997,76.7743147,2025-11-05T17:58:11,FALSE,
c0ec0250ce0d40858fb6185c49db8f63,CH/2025/0865983,ARYA ISTRI SAMAJ,Society,56-A,CHANDIGARH,Chandigarh,Chandigarh,Aarya samaj mandir sec 19- c chandigarh,160019,"Human Rights, Religious",social_welfare,,,2025-10-30T13:32:37,FALSE,
d0540fa0aa04401273353c6db1353365,CH/2025/0756135,Arya National Educational Society,Society,435,CHANDIGARH,Chandigarh,Chandigarh,"Arya Public High School
Arya National Educational Society
Sabji Mandi Phillaur
Distt Jalandhar",160017,"Children, Education & Literacy",social_welfare,,,2025-08-12T13:26:08,FALSE,
70a50a20e10b40239452fa48b5834c33,CH/2025/0924543,Arya samaj,Trust,3938of2008,CHANDIGARH,Chandigarh,Chandigarh,"Arya samaj, sector 22A, chandigarh",160022,Religious,other,,,2025-12-17T13:47:17,FALSE,
30f00660eb0a402f9a181a85836d1471,CH/2026/0988311,Arya Samaj Mandir,Society,2797,CHANDIGARH,Chandigarh,Chandigarh,"Arya Samaj Mandir, Sector 27-C, Chandigarh",160019,Religious,other,,,2026-02-18T09:55:41,FALSE,
00d103902a0e41150d70b93c44482b25,CH/2026/1003425,ARYA SAMAJ MANDIR,Society,DC-RIA-RS/2023/00001,CHANDIGARH,Chandigarh,Chandigarh,"ARYA SAMAJ MANDIR , SECTOR 19C",160019,"Education & Literacy, Religious",social_welfare,,,2026-02-27T17:35:23,FALSE,
201f0a208c0240c51e082b9d01514cb4,CH/2023/0369862,ARYA SAMAJ MANDIR SECTOR 19 CHANDIGARH,Society,DC-RIA-RS/2023/00001,CHANDIGARH,Chandigarh,CHANDIGARH,"ARYA SAMAJ MANDIR, SECTOR 19C",160019,,other,,,2023-11-15T13:55:59,TRUE,
807b0c106904405b80324f6a68be05e7,CH/2025/0826807,ARYA SAMAJ MODEL TOWN,Society,588,CHANDIGARH,Chandigarh,Chandigarh,ARYA SAMAJ MODEL TOWN GURUGRAM,160017,"Children, Education & Literacy",social_welfare,,,2025-11-24T12:23:40,FALSE,
a05206d0bf06403b2ab2df5847e25017,CH/2024/0406033,ARYAVART MARITIME AND EDUCATIONAL TRUST,Trust,2536,CHANDIGARH,Chandigarh,CHANDIGARH,SCO 373 SECTOR 37 D CHANDIGARH,160036,"Disaster Management, Education & Literacy, Skill Development, Vocational Training, Women's Development & Empowerment, Youth Affairs",social_welfare,,,2024-06-28T07:19:16,TRUE,
f07e02b0d90740fc13c64c7aa45f9780,CH/2023/0363409,ASANKH YUG FOUNDATION,Section 8 Company,U93120CH2023NPL044998,CHANDIGARH,Chandigarh,Chandigarh,"3rd and 4th floor, SCO 54-55-56, SECTOR 17 A Chandigarh",160017,"Art & Culture, Education & Literacy, Sports, Tourism, Youth Affairs",social_welfare,,,2023-10-11T15:19:04,TRUE,
40940af01c01404c1409596ba9f76131,CH/2023/0362091,ASHIANA EDUCATIONAL SOCIETY,Trust,1661,CHANDIGARH,Chandigarh,Chandigarh,House no. 350 sector 9d chandigarh,160009,,other,,,2023-10-19T09:47:42,TRUE,
a0930000ab0b402e5168c826e2e159b8,CH/2025/0582258,ASHWANI GUPTA MEMORIAL EDUCATIONAL SPORTS AND CHARITABLE TRUST,Trust,1289,CHANDIGARH,Chandigarh,Chandigarh,"SCO 77, SECTOR 30-C",160030,"Education & Literacy, Health & Family Welfare, Sports",health,30.715163,76.787682,2025-03-29T17:13:40,FALSE,
809a0a30db02409a0601d161c8253ed0,CH/2017/0161414,Asian Education Society,Society,1457,CHANDIGARH,Chandigarh,chandigarh,"House no.2044, sector15. C, Chandigarh
",171015,,other,,,2018-01-04T16:25:44,TRUE,
b06f0610c000406f0d34dc14e9fb1e33,CH/2018/0185150,Assembly of Believers Trust,Trust,4636,CHANDIGARH,Chandigarh,Chandigarh,"2288 Astha Apartments,
Sector 48 C",160047,"Aged/Elderly, Art & Culture, Children, Civic Issues, Differently Abled, Disaster Management, Drinking Water, Education & Literacy, Environment & Forests, Health & Family Welfare, HIV/AIDS, Human Rights, Legal Awareness & Aid, Minority Issues, Nutrition, Science & Technology, Sports, Urban Development & Poverty Alleviation, Water Resources",health,,,2018-01-31T21:14:42,TRUE,
208500a0a00440b103635039d6291bd8,CH/2016/0103919,Association For Social Health in India Punjab State Branch,Society,403 of 1979-80,CHANDIGARH,Chandigarh,Chandigarh,"C/o The New Public School, Sector 18-B, Chandigarh, 160018",,"Children, Women's Development & Empowerment",social_welfare,,,,TRUE,
50e20f50430e40b800029b45720d20f2,CH/2017/0163923,ASSOCIATION For SOCIAL HEALTH of India,Society,2558,CHANDIGARH,Chandigarh,CHANDIGARH,"ASSOCIATION FOR SOCIAL HEALTH IN INDIA, HARYANA STATE BRANCH, ASHIANA CHILDREN HOME, SECTOR-16, PANCHKULA -134109 (HARYANA)",160017,Children,social_welfare,,,2017-10-12T16:21:34,TRUE,
500d0ff0ff08406d7fc9b63ca0d55287,CH/2025/0793057,ASSOCIATION OF PRIVATE SECURITY INDUSTRIES,Society,171,CHANDIGARH,Chandigarh,Chandigarh,SCF-135 DANA MANDI NEAR SBI JALANDHAR BYE-PASS LUDHIANA,141008,Human Rights,social_welfare,,,2025-08-28T13:10:00,FALSE,
50f800c0910340280c011b5403646f07,CH/2014/0085255,ASSOCIATION OF PROFESSIONAL SOCIAL WORKERS AND DEVELOPMENT PRACTITIONERS,Society,4428/2014,CHANDIGARH,Chandigarh,CHANDIGARH,"Office Address- c/o Varma Day Care Center, H. No. 232 ,1st and 2nd Floor, Old Ambala Road Sector-13, Manimajra-160101, Chandigarh.
",160011,"Children, Differently Abled, HIV/AIDS, Legal Awareness & Aid, Nutrition, Skill Development, Sports, Urban Development & Poverty Alleviation, Vocational Training, Women's Development & Empowerment, Youth Affairs",social_welfare,,,,TRUE,
b05408f04106406886b77242828961d7,CH/2026/0874267,ATHAQALA FOUNDATION,Section 8 Company,U88900CH2023NPL045014,CHANDIGARH,Chandigarh,Chandigarh,"F-504, AASTHA APARTMENTS,NEAR HIGHLAND MARG, PHABAT, ZIRAKPUR,Aerodrome,",160003,"Children, Education & Literacy, Prisoner's Issues, Skill Development, Women's Development & Empowerment",social_welfare,,,2026-01-02T13:37:16,FALSE,
f0ac0540110740f73620155ee5ef9575,CH/2024/0477458,ATHENA EDUCATIONAL TRUST,Trust,"4429, BOOK NO 1, VOL NO 182",CHANDIGARH,Chandigarh,CHANDIGARH,"HOUSE NO 82, SECTOR 2, CHANDIGARH -160011",160011,Education & Literacy,social_welfare,,,2024-12-20T18:23:34,TRUE,
b0c30420e30e40c25157c05754f85468,CH/2025/0575458,ATMA VISHWAS INSTRUCTIONAL SOCIETY,Society,1529,CHANDIGARH,Chandigarh,Chandigarh,"Tender Heart High School House number 670, Sector 33B, Sector 33, Chandigarh, 160020",160020,Education & Literacy,social_welfare,,,2025-03-24T13:33:25,FALSE,
408f08f0fd0d40c96c46929289ac03d5,CH/2025/0669905,ATOP GRATUITY TRUST,Trust,4084/1/246,CHANDIGARH,Chandigarh,Chandigarh,Plot No 181 Industrial area phase 2 Chandigarh,160002,"Aged/Elderly, Labour & Employment",elderly_care,,,2025-06-09T12:05:41,FALSE,
207000b0be0c402314819b4966410e80,CH/2021/0286747,AUXILIUM LIFE SOCIAL INITIATIVE,Trust,978,CHANDIGARH,Chandigarh,Chandigarh,"80/3, first floor, opposite sarangpur gurudwara, sarangpur",160014,"Education & Literacy, Health & Family Welfare",health,,,2021-06-30T16:03:18,TRUE,
80bd07209104409475586458a07e8f23,CH/2025/0785083,B R JAIN EDUCATION AND MEDICAL TRUST,Trust,7048,CHANDIGARH,Chandigarh,Chandigarh,"Plot No.167, Main Road, Palsora",160055,"Children, Education & Literacy",social_welfare,,,2025-08-21T18:38:03,FALSE,
80560dc0df0940d51e738b96e8379042,CH/2021/0294986,Baba Deep Singh Educational Trust,Trust,5648,CHANDIGARH,Chandigarh,Chandigarh,"Quiet Office No.3, FF, Sector 35A, Chandigarh",160022,"Aged/Elderly, Differently Abled, Education & Literacy, Human Rights, Information & Communication Technology, Legal Awareness & Aid, Nutrition, Skill Development, Vocational Training, Women's Development & Empowerment, Youth Affairs",elderly_care,,,2021-09-29T16:42:04,TRUE,
70520d20890340167528185f44096df9,CH/2025/0785469,BABA HANDU THAKAR DAWARA,Society,283,CHANDIGARH,Chandigarh,Chandigarh,"VILLAGE CHAK KATARU, P.O.BARIAN KALAN, DISTT-HOSHIARPUR",160047,Religious,other,,,2025-08-22T12:23:11,FALSE,
c0890f502b0f406a1663c16607f36eb8,CH/2021/0294098,BABA MAKHAN SHAH LOBANA FOUNDATION REGISTERED,Trust,218,CHANDIGARH,Chandigarh,Chandigarh,Sector 30A Near CBI Office,160030,,other,,,2021-10-04T15:19:08,TRUE,
80fa0400540240ab04c5d95e39191475,CH/2018/0219044,BABA NANAK EDUCATIONAL SOCIETY,Society,3260,CHANDIGARH,Chandigarh,Chandigarh,"House No 1501, Sector 36 D",160036,Education & Literacy,social_welfare,,,2018-12-28T16:13:55,TRUE,
40eb0390eb0840a20735916214b19ba9,CH/2018/0189110,Bahra Educational & Charitable Society,Society,54,CHANDIGARH,Chandigarh,Mohali,"House No. 3024, Phase-VII, Mohali",160055,,other,,,2018-02-28T16:37:34,TRUE,
b0bf03b0f40840a62a01335ad3635ac3,CH/2024/0402476,BAL NIKETAN MODEL SCHOOL SOCIETY,Trust,27 of 1968-69,CHANDIGARH,Chandigarh,Chandigarh,"Bal Niketan Model School Society. Campus: Bal Niketan Model Sr. Sec. School, Sector- 37A, Chandigarh.Presently running this educational school only.",160036,Education & Literacy,social_welfare,,,2024-06-02T18:18:20,TRUE,
603309f0f90a40422ee5f46724bf5308,CH/2024/0439500,BAL VEDA SPORTS FOUNDATION,Section 8 Company,U88900CH2024NPL045821,CHANDIGARH,Chandigarh,Chandigarh,"CABIN 17, SCO-224, LEVEL 1 SECTOR 37-C/D, Sector 36(Chandigarh), Chandigarh, Chandigarh, Chandigarh, India,160036",160036,"Education & Literacy, Health & Family Welfare, Labour & Employment, Nutrition, Skill Development, Sports, Women's Development & Empowerment, Youth Affairs",health,,,2024-08-06T15:06:57,TRUE,
00210330cc0040001565b632116c4d82,CH/2022/0316098,Bala Ji Achievement Charitable Society,Society,4856,CHANDIGARH,Chandigarh,Chandigarh,House no 1651 Sector 40 B Chandigarh,160036,"Education & Literacy, Health & Family Welfare, Urban Development & Poverty Alleviation, Vocational Training, Women's Development & Empowerment",health,,,2022-06-01T13:23:32,TRUE,
f0cc0f00580240c62758c406f8357800,CH/2024/0485267,BALMIKI KALYAN COMMITTEE MANI MAJRA,Society,294,CHANDIGARH,Chandigarh,chandigarh,"Balmiki Dharmshala, near Children park, housing board chowk, manimajra, chandigarh-160101",160101,,other,,,2024-12-31T12:11:08,TRUE,
b0690710b90c40a75117815f085e0702,CH/2025/0575802,BALRAMJI DASS TANDON CHARITABLE FOUNDATION,Trust,4803/2018,CHANDIGARH,Chandigarh,Chandigarh,"HOUSE NO. 1636, SECTOR 18-D,CHANDIGARH,CHANDIGARH,160018",160018,"Aged/Elderly, Art & Culture, Children, Differently Abled, Disaster Management, Education & Literacy, Health & Family Welfare, Nutrition, Skill Development",health,30.53899,75.95503,2025-03-25T10:39:57,FALSE,
60330960580c40612e276d7ea0c245a5,CH/2024/0445437,BAMOLA JAN KALYAN FOUNDATION,Section 8 Company,U88900CH2024NPL045862,CHANDIGARH,Chandigarh,Chandigarh,"264 kishangarh Chandigarh , 160101 , chandigarh",160101,,other,,,2024-08-30T08:21:46,TRUE,
40390a301606404f92132324486f0ea7,CH/2026/0932807,Bangiya Sanskritik Sammilani,Society,164 of 1973-74,CHANDIGARH,Chandigarh,Chandigarh,"Banga Bhawan ,
Sector 35C ,Chandigarh-160022",160022,Art & Culture,other,,,2026-01-27T14:58:33,FALSE,
c03e0960fc0e40ea2c899823056b02d3,CH/2024/0459765,BATRA CHARITABLE TRUST,Trust,24659,CHANDIGARH,Chandigarh,Chandigarh,SCO 106-108 SECTOR 17 D CHANDIGARH,160017,Children,social_welfare,,,2024-10-23T13:31:39,TRUE,
b0520210e10241e70256f818533c3419,CH/2026/1061339,BE VENLIG FOUNDATION,Section 8 Company,U86900CH2026NPL046880,CHANDIGARH,Chandigarh,Chandigarh,339-40 35b SCO SECTOR NO-35CHANDIGARH-160022,160022,"Aged/Elderly, Animal Welfare, Children, Differently Abled, Education & Literacy, Environment & Forests, Health & Family Welfare, Human Rights, Information & Communication Technology, Women's Development & Empowerment",health,,,2026-04-20T12:01:39,FALSE,
d07007301f0e40ae29a9494d74a321a7,CG/2025/0489009,1008 SHRI PUSHPDANT NATH DIGAMBER JAIN SEWA SAMITI,Society,1.22202E+11,RAIPUR,Chhattisgarh,RAIPUR,"C/O RAJEEV JAIN, FOOD FLIX RESTUARANT, SCIENCE CENTRE ROAD, SADDU",492001,,other,,,2025-01-06T13:43:03,TRUE,
205b07b01109408a0d193d2711664b84,CG/2019/0241405,21ST CENTURY EDUCATION SOCIETY,Society,XXI OF 1860 REGD NO 31903,JANJGIR-CHAMPA,Chhattisgarh,JANJGIR,BRILLIANT PUBLIC SCHOOLAKALTARA ROADJANJGIR,495668,Education & Literacy,social_welfare,,,2019-09-30T11:46:12,TRUE,
90f10930c10940af2424972784e42d39,CG/2024/0411668,A AZAD WELFARE FOUNDATION,Society,1.22202E+11,RAIPUR,Chhattisgarh,Raipur,"C/o Sazid Ali Hashmi, House No. 17/440, Ward No. 36, Abdul Hamid Ward, Moudhapara, Raipur, Chhattisgarh",492001,"Children, Education & Literacy, Health & Family Welfare, Human Rights, Minority Issues, Vocational Training, Youth Affairs",health,,,2024-06-10T15:25:29,TRUE,
00b007b0e80940d58092898061e400c3,CG/2025/0828103,A B SUNEHRI KIRAN,Trust,475,RAIPUR,Chhattisgarh,Raipur,"119/A, Sec-3, Geetanjali Nagar",492001,"Education & Literacy, Health & Family Welfare, Nutrition, Science & Technology, Scientific & Industrial Research, Skill Development, Vocational Training, Youth Affairs",health,,,2025-09-22T21:03:14,FALSE,
702e0fd0c60f40590499672b95201e34,CG/2019/0229620,A K VIKASSHEEL SHIKSHAN SANSTHAN,Society,27693,KORBA,Chhattisgarh,KORBA,HOUSE NO-675 AARAMASHIN NEW KASHI NAGAR NIHARIKA KORBA CHHATTISGARH,495677,"Art & Culture, Dalit Upliftment, Education & Literacy, Human Rights, Information & Communication Technology, Legal Awareness & Aid, Rural Development & Poverty Alleviation, Science & Technology, Skill Development, Vocational Training, Women's Development & Empowerment",social_welfare,,,2019-03-22T21:03:08,TRUE,
50e907503a05407314d51379e7cc4619,CG/2022/0311095,A NEW HOPE AND STRENGTH FOUNDATION,Society,1.22202E+11,RAIPUR,Chhattisgarh,Surajpur,"HIG-406, SECTOR-27, NAYA RAIPUR",497229,"Aged/Elderly, Animal Husbandry,  Dairying & Fisheries, Art & Culture, Children, Dalit Upliftment, Differently Abled, Drinking Water, Education & Literacy, Environment & Forests, Health & Family Welfare, Information & Communication Technology, Labour & Employment, Micro Small & Medium Enterprises, Minority Issues, New & Renewable Energy, Panchayati Raj, Rural Development & Poverty Alleviation, Scientific & Industrial Research, Sports, Tribal Affairs, Urban Development & Poverty Alleviation, Vocational Training",health,,,2022-04-07T11:38:28,TRUE,
802108803f0440d83c912c63b90a7e73,CG/2025/0515075,A NEW HOPE WELFARE FOUNDATION,Society,1.22202E+11,BALODABAZAR-BHATAPARA,Chhattisgarh,RAIPUR,AT.NAGARDA PO.NAGARDA TAHSHILBILAIGARH DISTSARANGARHBILAIGARH (CG),493338,"Aged/Elderly, Agriculture, Animal Husbandry,  Dairying & Fisheries, Art & Culture, Children, Dalit Upliftment, Disaster Management, Drinking Water, Education & Literacy, Environment & Forests, Food Processing, Health & Family Welfare, HIV/AIDS, Human Rights, Labour & Employment, Minority Issues, Rural Development & Poverty Alleviation, Sports, Tribal Affairs, Urban Development & Poverty Alleviation, Vocational Training, Women's Development & Empowerment",health,,,2025-02-08T09:34:45,TRUE,
403107a07c0640441cb5432ab9b327b6,CG/2022/0315995,A New Path of Life Foundation,Society,1.22202E+11,JANJGIR-CHAMPA,Chhattisgarh,RAIPUR,"250/1 RAMPARA WARD NO. 16, PAMGARH, MEHANDI, JANJGIR-CHAMPA, STATE CHHATTISGARH, INDIA, PIN- 495556",495556,"Agriculture, Animal Husbandry,  Dairying & Fisheries, Art & Culture, Biotechnology, Children, Civic Issues, Dalit Upliftment, Disaster Management, Drinking Water, Education & Literacy, Environment & Forests, Food Processing, Health & Family Welfare, HIV/AIDS, Human Rights, Legal Awareness & Aid, Micro Finance (SHGs)",health,,,2022-05-30T13:25:41,TRUE,
40ef0cd0b60640040fd5164dd75d6b04,CG/2018/0204605,A S B S FOUNDATION,Society,31668,DURG,Chhattisgarh,BHILAI,"SHAKUNTALA VIDHYALAY ROAD, GAYATRI MANDIR WARD NO 13, RAMNAGAR BHILAI, DIST- DURG",490023,"Vocational Training, Women's Development & Empowerment",social_welfare,,,2018-08-08T19:47:53,TRUE,
007200a0270740e003350810a8af19b7,CG/2018/0203764,A Society for education welfare and ability,Society,6130,DURG,Chhattisgarh,Bhilai,"LIG 149 OLD DEENDAYAL COLONY JUNWANI ROAD BHILAI BHILAI
CHHATISHGARH490020",490020,"Education & Literacy, Health & Family Welfare, Information & Communication Technology, Vocational Training",health,,,2018-07-27T10:23:38,TRUE,
c0420e20170f409017f31e89b7da6e75,CG/2022/0305071,AABHAR GREEN ENERGY & TRIBAL DEVELOPMENT FOUNDATION,Section 8 Company,U85190CT2022NPL012635,BILASPUR,Chhattisgarh,BILASPUR,CLC PLAZA Shop No.FS31 Mangla,495001,"Agriculture, Art & Culture, Disaster Management, Drinking Water, Education & Literacy, Environment & Forests, Human Rights, Minority Issues, Tribal Affairs, Vocational Training",environment,,,2022-02-10T11:48:47,TRUE,
e04704b05204409c0e03e45eb5d04ad1,CG/2017/0176114,AACHALMAHILA SWA SAHAYATA SAMUH,Society,31229,KABEERDHAM,Chhattisgarh,Kawardha,"Ward No.16, Near Holicrass School, Shankar Ghat, Kawardha, District-Kabirdham (Chhattisgarh)",491995,"Food Processing, Health & Family Welfare, HIV/AIDS, Human Rights, Urban Development & Poverty Alleviation, Women's Development & Empowerment",health,,,2019-02-04T17:48:41,TRUE,
606f0a30e90f403d0fe52d7fc97c3382,CG/2018/0183144,AADARSH CHHABBINATH DUBEY SHIKSHAN SAMITI,Society,461,SURAJPUR,Chhattisgarh,SURAJPUR,"NEAR SHANKAR MANDIR KETKA ROAD, MANPUR DIST.-SURAJPUR",497229,Agriculture,other,,,2018-03-08T16:58:29,TRUE,
70e10550b80540d865340d7da9933431,CG/2025/0647931,AADARSH DULAR SATAN SHIKSHAN SAMITI KOTALBHATTi,Society,1.22202E+11,UTTAR BASTAR KANKER,Chhattisgarh,Narharpur,VILL-PO-KOTALBHATTI,494335,"Education & Literacy, Health & Family Welfare",health,,,2025-05-22T17:27:34,FALSE,
40b60a20610e409c1563cf6de6bb0ce6,CG/2020/0262995,Aadarsh Foundation,Trust,IN-DL53953647265344S,JASHPUR,Chhattisgarh,jashpur,"Head Office : Palace Road, Banki Toli Jashpur Nagar, District-Jashpur",496225,,other,,,2020-08-28T15:45:03,TRUE,
20920b409c0640227f56c34d58e78767,CG/2025/0764887,AADARSH GRAM VIKASH SEWA SAMITI,Society,1.22202E+11,MAHASAMUND,Chhattisgarh,Mahasamund,"AT- BADETEMRI, PO/VIA- BASNA",493554,"Micro Finance (SHGs), Women's Development & Empowerment",social_welfare,,,2025-08-07T16:57:59,FALSE,
50470e809c0440f31531b08e93ee9b35,CG/2020/0257602,AADARSH SHIKSHA SAMITI,Society,2638,DURG,Chhattisgarh,Bhilai,"Indira Gandhi Higher Secondary School, Ramnagar, Bhilai, Distt. Durg,Chhattisgarh, 490023",490023,,other,,,2020-06-12T15:24:04,TRUE,
a0b408f0ae0140c50510f392e73909a3,CG/2017/0158657,AADARSHWADI JANSHAKTI SANGH,Society,5934,DURG,Chhattisgarh,Bhilai,"947/1, Hind Nagar, Risali Bhilai",490006,"Aged/Elderly, Agriculture, Animal Husbandry,  Dairying & Fisheries, Art & Culture, Children, Disaster Management, Drinking Water, Education & Literacy, Environment & Forests, Food Processing, Health & Family Welfare, Human Rights, Information & Communication Technology, Labour & Employment, Land Resources, Micro Small & Medium Enterprises, Nutrition, Right to Information & Advocacy, Rural Development & Poverty Alleviation, Science & Technology, Tourism, Tribal Affairs, Vocational Training, Water Resources, Women's Development & Empowerment, Youth Affairs",health,,,2019-03-13T13:09:41,TRUE,
20050f00960440d13b91a55556d57457,CG/2025/0513507,AADHAR EDUCATION SOCIETY,Trust,1.22202E+11,RAIPUR,Chhattisgarh,RAIPUR,"HOUSE NO 6 C, MANDIRA JAYSHREE MERLIN, MANDI ROAD, RAIPUR",492004,"Children, Education & Literacy",social_welfare,,,2025-02-03T19:19:43,TRUE,
10b30830190b409b0985e096a84447e6,CG/2018/0220043,AADHAR SEVA SAMITI,Society,4329,RAIPUR,Chhattisgarh,RAIPUR,"FLAT NO. 132 BLOCK 9 AAKASH NAGAR, HOUSING BAORD COLONY, RAIPUR CG",492007,"Aged/Elderly, Agriculture, Animal Husbandry,  Dairying & Fisheries, Art & Culture, Biotechnology, Children, Dalit Upliftment, Differently Abled, Disaster Management, Drinking Water, Education & Literacy, Environment & Forests, Food Processing, Health & Family Welfare, HIV/AIDS, Housing, Human Rights, Information & Communication Technology, Labour & Employment, Land Resources, Legal Awareness & Aid, Micro Finance (SHGs), Micro Small & Medium Enterprises, Minority Issues, New & Renewable Energy, Nutrition, Panchayati Raj, Right to Information & Advocacy, Road Safety, Rural Development & Poverty Alleviation, Science & Technology, Skill Development, Sports, Tourism, Tribal Affairs, Urban Development & Poverty Alleviation, Vocational Training, Water Resources, Women's Development & Empowerment, Youth Affairs",health,,,2018-12-21T18:28:18,TRUE,
f0ea09109d0640e39e423e07e8e501d5,CG/2025/0920805,AADHARSHEIILA ASSOCIATION,Section 8 Company,U72200CT2025NPL019147,DURG,Chhattisgarh,Durg,"House No 484 , Maharana, Pratap Magar, Durg, Chattisgarh 491001",491001,"Art & Culture, Education & Literacy",social_welfare,,,2025-12-11T16:54:43,FALSE,
b0cf03806302415307d64c8ad66125b1,CG/2026/1068621,AADHYA HUMANITY FIRST FOUNDATION,Section 8 Company,U88900CT2026NPL020218,RAIPUR,Chhattisgarh,Raipur,"MIG 2 17, PHASE-1, KABIR NAGAR, RAIPUR, CHHATTISGARH- 492099, INDIA",492099,"Agriculture, Animal Husbandry,  Dairying & Fisheries, Animal Welfare, Children, Disaster Management, Drinking Water, Education & Literacy, Food Processing, Health & Family Welfare, Human Rights, Information & Communication Technology, Labour & Employment, Legal Awareness & Aid, Right to Information & Advocacy, Skill Development, Urban Development & Poverty Alleviation, Vocational Training, Water Resources, Women's Development & Empowerment, Youth Affairs",health,,,2026-04-27T16:49:36,FALSE,
00500e90ed0e40740c48bf4d97920767,CG/2018/0198394,AADI EDUCATION SOCIETY,Society,29364,RAIGARH,Chhattisgarh,RAIGARH,"SUNITA NIWAS, PLOT NO. 42, PRACHI VIHAR, BADE ATTARMUDA, RAIGARH",496001,"Education & Literacy, Information & Communication Technology, Nutrition, Sports, Tourism, Vocational Training",social_welfare,,,2018-05-29T11:41:24,TRUE,
70d90f20ff03407c74c0898203166b75,CG/2025/0708365,AADI SHAKTI WELFARE FOUNDATION,Society,1.22202E+11,BILASPUR,Chhattisgarh,Bilaspur,"HN 40, WARD NUMBER 38, VAISHALI NAGAR",495001,"Aged/Elderly, Agriculture, Animal Husbandry,  Dairying & Fisheries, Animal Welfare, Art & Culture, Biotechnology, Children, Civic Issues, Dalit Upliftment, Differently Abled, Disaster Management, Drinking Water, Education & Literacy, Environment & Forests, Food Processing, Health & Family Welfare, HIV/AIDS, Housing, Human Rights, Information & Communication Technology, Labour & Employment, Land Resources, Legal Awareness & Aid, Micro Finance (SHGs), Minority Issues, New & Renewable Energy, Nutrition, Panchayati Raj, Prisoner's Issues, Religious, Right to Information & Advocacy, Rural Development & Poverty Alleviation, Science & Technology, Scientific & Industrial Research, Skill Development, Sports, Tourism, Tribal Affairs, Urban Development & Poverty Alleviation, Vocational Training, Water Resources, Women's Development & Empowerment, Youth Affairs",health,,,2025-07-28T23:07:35,FALSE,
609f0dd0dd09400a7337c63e142f5e23,CG/2025/0773453,AADIM JATI SEWA SAHAKARI SAMITI KHAMTARAI,Society,337,BALOD,Chhattisgarh,Marri Bangla(Deori),VILLEGE - KHAMTARAI,491661,"Agriculture, Animal Husbandry,  Dairying & Fisheries, Animal Welfare, Food Processing, Panchayati Raj",other,,,2025-09-11T15:23:02,FALSE,
10ae01203a07402c1613062e57197ff2,CG/2020/0261852,AADITEE SAMITI,Society,30479,KORBA,Chhattisgarh,KORBA,"PURANI BASTI KOHADIYA, KORBA",495677,"Rural Development & Poverty Alleviation, Vocational Training",other,,,2020-08-26T21:20:05,TRUE,
607e05007b0040331e67eb25a9804541,CG/2023/0354013,AADIVASI SHIKSHAN AVN SAMAJ KALYAN SAMITI,Society,2193680415,KORBA,Chhattisgarh,KORBA,Ward No.23 House No.15 MIG 2 Pandit Ravishankar Nagar District Korba,495677,,other,,,2024-08-01T13:10:21,TRUE,
a0d30ff0cd01405a1e19211cd5bf86d9,CG/2023/0343527,AADIWASI AKSHAR UTTHAN SAMITI,Society,3088278595,BILASPUR,Chhattisgarh,Birkona,"Office Address C/O Anita Gond House 260, Kundrapara Ward No. 64, Mahamaya Nagar Birkona Post Koni Police Station Koni, Tehsil",495009,"Agriculture, Art & Culture, Children, Drinking Water, Education & Literacy, Environment & Forests, Health & Family Welfare, HIV/AIDS, Labour & Employment, Legal Awareness & Aid, Rural Development & Poverty Alleviation",health,,,2023-05-11T16:54:39,TRUE,
c08c0a80850040a80815878408ff6c36,CG/2018/0189986,AADIWASI JANJAGRITI VIKAS SANSTHA SAMITI JAKADBANDHA,Society,1433,MUNGELI,Chhattisgarh,Lormi,"Village Jakadbhandha, Post- Surhi
Thana- Lormi, Dist.- Mungeli (C.G.)
Pin- 495115",495115,"Animal Husbandry,  Dairying & Fisheries, Education & Literacy, Labour & Employment, Rural Development & Poverty Alleviation",social_welfare,,,2018-03-09T15:28:10,TRUE,
d04005804900406e08f7e24175105b33,CG/2019/0224046,AADIWASI MAHILA SWA SAHAYTA SAMUH,Society,6764,NARAYANPUR,Chhattisgarh,Narayanpur,Vard No-01 Nayapara Narayanpur Teh. Narayanpur District Narayanpur,494661,Food Processing,other,,,2019-01-15T12:27:41,TRUE,
80a003d01a0d401e67a1ad52666c88a3,CG/2025/0615683,AADIWASI SEVA KALYAN SAMITI,Society,1.22202E+11,BALRAMPUR-RAMANUJGANJ,Chhattisgarh,Balrampur,"C/o Anand Kumar, Village Manpur, Tah- Wadrafnagar, Balrampur, C.G.",497223,"Environment & Forests, Human Rights, Information & Communication Technology, Legal Awareness & Aid, Nutrition, Panchayati Raj, Prisoner's Issues, Religious, Right to Information & Advocacy, Rural Development & Poverty Alleviation, Skill Development, Tourism, Tribal Affairs, Urban Development & Poverty Alleviation, Women's Development & Empowerment, Youth Affairs",environment,24.7053322,83.3452321,2025-05-03T22:04:58,FALSE,
004905a0410740066293a35d30f19871,CG/2025/0635091,AADIWASI YUVA CHHATRA SANGATHAN CHHATTISGARH,Society,5463,UTTAR BASTAR KANKER,Chhattisgarh,Kanker,"H. NO.127, WARD NO.12, BARDEBHATA, TEH.- KANKER",494334,"Agriculture, Education & Literacy",social_welfare,,,2025-05-19T06:55:47,FALSE,
20e70e20930c41be02b37c4f06fa34b5,CG/2026/1034635,aadya shree jee godham,Society,1,BILASPUR,Chhattisgarh,Takhatpur,Village lakhasar post kathakoni dhan mandi k samne,495001,"Animal Husbandry,  Dairying & Fisheries",other,,,2026-03-19T13:46:24,FALSE,
40310120260240006bc1832d57167037,CG/2025/0612777,AADYALAXMI PRASHIKSHAN SANSTHAN,Society,CGR-5772,RAIPUR,Chhattisgarh,Raipur,DDU Nagar Raipur,492001,"Drinking Water, Education & Literacy, Skill Development, Vocational Training",social_welfare,21.240251,81.595695,2025-04-30T11:56:02,FALSE,
401009c00100402d3020ee9fa4308dc8,CG/2025/0506358,AAGAZ EK NAYI PAHAL SANSTHA SOCIETY,Society,1.22202E+11,RAIGARH,Chhattisgarh,RAIGARH,"WARD NO. 02, HOUSE NO.74, POST-JURDA TEHSIL-RAIGARH DIST.-RAIGARH CHHATTISGRAH PIN CODE-496001",496001,,other,,,2025-01-27T20:29:07,TRUE,
703b0d20aa0540ae15354098462759b6,CG/2022/0333418,AAGAZ NAV YUVA MANDAL,Society,1.22202E+11,RAIPUR,Chhattisgarh,RAIPUR,"H NO. 480 KH, AYODHYA NAGAR, WARD NO. 67 CHANGORABHATA RAIPUR CHHATISHGARG",492001,"Aged/Elderly, Agriculture, Art & Culture, Children, Education & Literacy, Environment & Forests, Health & Family Welfare, Human Rights, Skill Development, Tribal Affairs",health,,,2024-05-22T17:09:07,TRUE,
001c0090e50f40b62fd7fc9f09fe1de1,CG/2025/0493707,AAGHAAZ EDUCATION AND SOCIAL HELP ORGANIZATION,Society,1.22202E+11,BILASPUR,Chhattisgarh,BILASPUR,"BEHIND HUSSAINI MASJID, AFSAR MANZIL, TAIBA CHOWK TALAPARA BILASPUR (C.G.) 495001",495001,,other,,,2025-01-13T13:27:13,TRUE,
10100980240e407b2c92c20107fc1f53,CG/2024/0388010,AAJNIYA JEEVIKA FOUNDATION,Trust,2844591079,SURGUJA,Chhattisgarh,Ambikapur,New Building Angel Heart Mission School Mahuapara Fundurdihari,497001,"Children, Education & Literacy, Health & Family Welfare, Nutrition, Rural Development & Poverty Alleviation, Urban Development & Poverty Alleviation",health,,,2024-02-15T11:28:45,TRUE,
00fb05d0bd0c417b0981ba8b26129d65,CG/2026/1018695,AAKANKSHA EDUCATIONAL AND WELFARE SOCIETY,Society,2624067526,DURG,Chhattisgarh,Durg,"B/9 , ward n.o 5, new nehru nager, umerpoti, durg, chhattisharh",491107,"Aged/Elderly, Children, Civic Issues, Education & Literacy, Health & Family Welfare, Human Rights, Rural Development & Poverty Alleviation, Urban Development & Poverty Alleviation, Women's Development & Empowerment",health,,,2026-03-07T15:02:21,FALSE,
800e0380a30240aa06472075392b61a9,CG/2019/0236847,AAKAR AAKRITI SAMAJ SEWI SANSTHA,Society,3429,DAKSHIN BASTAR DANTEWADA,Chhattisgarh,GEEDAM,H. NO. 506 LOKENDRA GUPTA KA NIWAS NAKAPARA WARD NO 1 INFRONT OF POST OFFICE GEEDAM DISTRICT- DANTEWADA CHATTISGARH 494441,494441,Vocational Training,other,,,2019-10-04T11:10:14,TRUE,
90c50ae0450440252697871e882583d8,CG/2024/0443895,AAKRITI CHILD DEVELOPMENT AND LEARNING SOCIETY,Society,1.22202E+11,RAIPUR,Chhattisgarh,Raipur,"H.N. J00122 Ganpati Vahar new changorabhata kushalpur, Raipur. Chhattisharh, Pin 492013",492013,"Children, Education & Literacy, Health & Family Welfare, Vocational Training",health,,,2024-08-27T17:00:37,TRUE,
90a10cf00d0040b00ba15784823b4b67,CG/2017/0116005,AAMIN EDUCATION AND WELFARE FOUNDATION,Society,21552,DURG,Chhattisgarh,BHILAI,NEAR GAFFAR BUILDING CHHAWANI CHOWK BHILAI POST - I.E. DIST - DURG CHHATTISGARH PIN CODE - 490026,,"Education & Literacy, Information & Communication Technology, Labour & Employment, Vocational Training",social_welfare,,,2018-07-31T16:21:23,TRUE,
703a0d20000640ec04b7ac8d31b39664,CG/2018/0211850,AANCHALIK SAMACHAR PATRA SANGRAHALAYA EVAM SHODH SANSTHAN,Society,1356,BASTAR,Chhattisgarh,JAGDALPUR,"HOUSING BOARD COLONY
CIVIL LINE
LALBAGH",494001,"Education & Literacy, Tribal Affairs",social_welfare,,,2018-10-16T17:30:46,TRUE,
f0360300740541770557a230d7e21da3,CG/2026/1073713,AANKUR EDUCATION & TECHNOLOGY MANAGEMENT FOUNDATION,Section 8 Company,20208,BIJAPUR,Chhattisgarh,Bijapur,"Depopara Hospital Road, Bijapur Chhattisgarh - 494444",494444,"Education & Literacy, Environment & Forests, Health & Family Welfare, Information & Communication Technology, Micro Small & Medium Enterprises, Rural Development & Poverty Alleviation, Science & Technology, Skill Development",health,,,2026-05-04T15:20:55,FALSE,
30910f50540140ef1fb40e1a68df5452,CG/2020/0264631,Aanya Jankalyan Samiti,Society,26304,DURG,Chhattisgarh,BHILAI,"J-28, PARVATI COMPLEX, RUNGTA COLLEGE ROAD, SHANTI NAGAR",490023,"Children, Civic Issues, Education & Literacy, Food Processing, Health & Family Welfare, Human Rights, Legal Awareness & Aid, Micro Finance (SHGs), Nutrition, Women's Development & Empowerment",health,,,2020-12-02T03:59:57,TRUE,
103c0840a70a40401781b705962f5c49,CG/2020/0271719,AAO HAATH BADHAYEN SHAIKSHANIK WA SAMAJIK SANSTHA,Society,191,UTTAR BASTAR KANKER,Chhattisgarh,Kanker,"near LICoffice ,collectorate chowk tikarapara kanker 494334 ,chhattisgarh ,",494334,"Agriculture, Children, Education & Literacy, Environment & Forests, Rural Development & Poverty Alleviation, Skill Development, Tribal Affairs, Water Resources, Women's Development & Empowerment",environment,,,2021-07-22T16:00:10,TRUE,
b07a0670050440ff12758724a20913c2,CG/2023/0346891,AAPKA AASRA JAN KALYAN SAMITI,Society,78989,RAIPUR,Chhattisgarh,Raipur,"B-107, Avanti Tower Saddu Kachna Road Raipur Chhattisgarh",492001,,other,,,2024-01-12T10:50:49,TRUE,
a08b00d0570340381400cc2363f291c6,CG/2020/0252145,Aaradhna Manav Vikas samiti,Society,11293,KORBA,Chhattisgarh,korba,DARRI ROAD RAM SAGAR PARA KORBA (C. G.),495677,"Aged/Elderly, Art & Culture, Children, Dalit Upliftment, Disaster Management, Drinking Water, Education & Literacy, Environment & Forests, Food Processing, Health & Family Welfare, HIV/AIDS, Human Rights, Labour & Employment, Minority Issues, New & Renewable Energy, Nutrition, Rural Development & Poverty Alleviation, Science & Technology, Scientific & Industrial Research, Tribal Affairs, Urban Development & Poverty Alleviation, Vocational Training, Water Resources, Women's Development & Empowerment, Youth Affairs",health,,,2020-02-20T22:13:46,TRUE,
40650a30d80a40291f47a58d91bb6e99,CG/2022/0324136,Aaradhya Foundation,Society,1.22202E+11,BILASPUR,Chhattisgarh,LINGIYADIH,"WARD NO 5 PURANI BASTI LINGIYADIH
BILASPUR
TAHSIL BILASPUR",495006,,other,,,2022-09-06T11:29:05,TRUE,
b0300d20ab0040bb2245a84a059e7c52,CG/2024/0477891,AARADHYA JAN SWASTHYA SEVA SAMITI CHHATTISGARH,Society,6256,BILASPUR,Chhattisgarh,BILASPUR,Aaradhya Jan Swasthya Seva Gitanjali city phase 2 makan no 363 secl bahtarai road tehsil bilaspur dist bilaspur chhattisgah,495001,Health & Family Welfare,health,,,2025-01-06T18:31:52,TRUE,
d0e50250320b40fa17789c9ba85e6e07,CG/2023/0359676,AARAMBH WELFARE FOUNDATION,Society,1.22202E+11,RAIPUR,Chhattisgarh,RAIPUR,"NEAR GURU SHAKTI SHADAN, CHAUBE COLONY GEETA NAGAR RAIPUR C.G. 492001",492001,"Agriculture, Animal Husbandry,  Dairying & Fisheries, Art & Culture, Children, Dalit Upliftment, Disaster Management, Drinking Water, Education & Literacy, Environment & Forests, Food Processing, Health & Family Welfare, HIV/AIDS, Human Rights, Labour & Employment, Legal Awareness & Aid, Micro Small & Medium Enterprises, Nutrition, Panchayati Raj, Rural Development & Poverty Alleviation, Skill Development, Sports, Tourism, Tribal Affairs, Vocational Training, Water Resources",health,,,2023-09-22T13:50:47,TRUE,
e04109f0e80940930011904b64515605,CG/2017/0160482,Aarav Institute of Medical Science,Trust,U85300CT2015NPL001763,DURG,Chhattisgarh,Bhilai,"31,COMMERCIAL COMPLEX, M. L. NEHRU NAGAR (EAST), BHILAI DIST.- DURG (C.G.) 490020
",490020,Education & Literacy,social_welfare,,,2017-08-17T14:41:48,TRUE,
f07a04d02201400301104267d7bf0df5,CG/2017/0157597,Aarav Medishine Private Limited,Section 8 Company,U85300CT2014NPL001340 ,DURG,Chhattisgarh,BHILAI,"RASTOGI COMPLEX,31 COMMERCIAL COMPLEX, NEHRU NAGAR, BHILAI DIST.-DURG (C.G.)",490020,Education & Literacy,social_welfare,,,2017-07-06T12:31:28,TRUE,
d0b00900f40440322d594a93144f8b51,CG/2024/0475701,AARNA FOUNDATION,Society,1.22202E+11,RAIPUR,Chhattisgarh,RAIPUR,"B BLOCK, FLAT NO 602, 6TH FLOOR, HIMALAYA COURTYARD GREENS, DEVPURI, RAIPUR",492001,,other,,,2024-12-13T13:42:18,TRUE,
a03909003d0d404f63c4a85939d038c9,CG/2025/0645939,AARNA FOUNDATION,Society,35957,RAIPUR,Chhattisgarh,Raipur,"Plot no 9, Central Avenue, Choubey Colony , Raipur Chhattisgarh",492001,"Agriculture, Art & Culture, Children, Differently Abled, Education & Literacy, Environment & Forests, Rural Development & Poverty Alleviation, Skill Development, Vocational Training, Women's Development & Empowerment",environment,,,2025-05-22T12:08:33,FALSE,
30ce0340bf08403415170860112991d7,CG/2023/0355193,AAROGYA EDUCATION AND RESEARCH SOCIETY CHHATTISGARH,Society,c.g.state 6031,RAIPUR,Chhattisgarh,Raipur,aarogya hospital shankar nagar raipur,492001,,other,,,2025-01-02T18:17:06,TRUE,
90060500e90440c19488357319097b75,CG/2026/0987975,AAROHAN ABHIPSA ATAL PRAN,Society,29786,BILASPUR,Chhattisgarh,Bilaspur,"1/22, CHANDAN AWAS, RAJKISHOR NAGAR, BILASPUR, CHHATTISGARH - 495006",495006,"Art & Culture, Children, Education & Literacy, Skill Development, Vocational Training",social_welfare,,,2026-02-08T14:43:25,FALSE,
909e0dc08c0e415200717d8483740579,CG/2026/1018309,AAROHNEXT FOUNDATION,Section 8 Company,U85500CT2026NPL019718,RAJNANDGAON,Chhattisgarh,Rajnandgaon,Shikshak Nager Station Para,491441,"Agriculture, Children, Education & Literacy, Health & Family Welfare, Skill Development, Women's Development & Empowerment",health,,,2026-03-05T23:05:20,FALSE,
a0a50f20670e406215911d9b10e45823,CG/2021/0274613,AARSHA JYOTI SEWA SANSTHAN KOSRANGI,Society,31822,MAHASAMUND,Chhattisgarh,mahasamund,"aarsh jyoti gurukul ashram,kosrangi post pacheda ,mahasamund",493445,"Aged/Elderly, Animal Husbandry,  Dairying & Fisheries, Art & Culture, Children, Education & Literacy, Environment & Forests, Information & Communication Technology, Sports, Tribal Affairs",environment,,,2021-02-10T08:44:09,TRUE,
d0900080c60740480518166a03cf6538,CG/2019/0239560,AARTHO WELFARE FOUNDATION,Society,S.S.160,KOREA,Chhattisgarh,BAIKUNTHPUR,WARD NO 06 KHUTHANPARA BAIKUNTHPUR,497335,"Aged/Elderly, Agriculture, Animal Husbandry,  Dairying & Fisheries, Art & Culture, Children, Disaster Management, Drinking Water, Education & Literacy, Environment & Forests, Health & Family Welfare, HIV/AIDS, Housing, Nutrition, Science & Technology, Skill Development, Sports, Tribal Affairs, Urban Development & Poverty Alleviation, Vocational Training, Women's Development & Empowerment, Youth Affairs",health,,,2019-08-21T18:42:34,TRUE,
d0930b90eb09409329771871534b7c98,CG/2024/0455354,AARUG SHIKSHAN SAMITI BIRRA,Society,29959/2016,JANJGIR-CHAMPA,Chhattisgarh,BIRRA,"VILL- BIRRA, DIST- JANJGIR CHAMPA CG 495661",495661,Education & Literacy,social_welfare,,,2024-10-07T15:21:34,TRUE,
f0010eb0170e41540e77fa5571d00fe9,CG/2026/1075109,AARVIYA MICRO GROWTH FEDERATION,Section 8 Company,20241,DURG,Chhattisgarh,Durg,"2/2 Shop No. 211, 1st Fl., Khichariya Complex Bhilai, S A F Lines Bhilai,",490022,"Animal Husbandry,  Dairying & Fisheries, Animal Welfare, Art & Culture, Children, Drinking Water, Education & Literacy, Environment & Forests, Food Processing, Health & Family Welfare, Human Rights, Micro Finance (SHGs), Micro Small & Medium Enterprises, Nutrition, Skill Development, Sports, Tourism, Vocational Training, Water Resources, Women's Development & Empowerment, Youth Affairs",health,,,2026-05-05T10:59:17,FALSE,
107b0130b301409221b1a925249d98b0,CG/2023/0376927,AARYA SIKSHA SAMITI,Society,3009,DURG,Chhattisgarh,DURG,MATHPARA DURG ARYA SAMAJ BHAVAN DIST DURG CHHATTISGARH,491001,,other,,,2023-12-19T09:57:51,TRUE,
50110230390840be74b4b49f67048e89,CG/2025/0749789,AARYA SPECIAL EDUCATION CENTER,Trust,CG-2025-26-113-4-519,DURG,Chhattisgarh,Durg,"Plot No 10, Roshan Vihar, Next to Hanuman Temple, Opposite of Bharat gas Godown, Dhanora Chowk, Dhanora, Bhilai, Durg",491001,"Art & Culture, Children, Differently Abled, Education & Literacy, Environment & Forests, Skill Development, Vocational Training",environment,,,2025-07-29T23:08:25,FALSE,
701e02004604406964a27b34040555d9,CG/2025/0623459,AARYABHATT EDUCATIONAL AND WELFARE SOCIETY,Society,1.22202E+11,BILASPUR,Chhattisgarh,Bilaspur,C/O ANITA CHANDRA H NO H 01 WARD NO 52 ATAL AWAS LINGYADIH BILASPUR DIST BILASPUR CHHATTISGARH 495006,495006,"Children, Education & Literacy, Youth Affairs",social_welfare,22.084718,82.18074,2025-05-06T12:34:10,FALSE,
205d0860830240130b379399c81609f2,CG/2018/0212338,AARYANS SEVA SANSTHAN,Society,9907,BALOD,Chhattisgarh,DALLI RAJHARA,"VILLAGEKUSUMKASA
TAHSILDONDI",491228,"Agriculture, Animal Husbandry,  Dairying & Fisheries, Education & Literacy, Environment & Forests, Food Processing, Health & Family Welfare, HIV/AIDS, Tribal Affairs, Vocational Training, Women's Development & Empowerment",health,,,2018-11-02T20:48:07,TRUE,
50e803105d0140ad2d880c23a6f25934,CG/2024/0470807,AARYAVART BAL KALYAN SIKSHA SAMITI LAGRA,Trust,4531,MUNGELI,Chhattisgarh,LORMI,"VILL.-LAGRA, POST-LAGRA, TEH.-LORMI, DIST.-MUNGELI",495115,,other,,,2024-12-04T10:44:49,TRUE,
e0b608d0850b40f20a19cd43021b3d83,CG/2019/0230257,AASARA FOUNDATION,Society,6343,MAHASAMUND,Chhattisgarh,SIRPUR,"H.O. :- AASARA FOUNDATION, SIRPURA, CHATTISGARH. KU. ISHA TADON, WARD NO. -06, MAKAN NO- 80, GRAM, SIRPUR, POST- SIRPUR, TEH. MAHASAMUND, CHATIISGRAH.
Office Adress :- Imali Bhatha Word No. 2 ganesh Atta Chaki ke pass Pragya Kunj, mahsamund (C.G.)
Contec No. :- 6261975706",493445,"Education & Literacy, Women's Development & Empowerment",social_welfare,,,2019-03-28T15:51:36,TRUE,
80a60ce0410040d426e0033868ff5ea6,CG/2024/0398656,AASARA WELFARE FOUNDATION,Society,1.22202E+11,BILASPUR,Chhattisgarh,BILASPUR,House number 533 ward number 20 tilak nagar gram chautona post- hirarri minsh,495001,,other,,,2024-08-27T18:40:24,TRUE,
60b704406b0140750f64157e508850b5,CG/2018/0186391,AASH EDUCATIONAL & WELFARE SOCIETY,Society,18515,BILASPUR,Chhattisgarh,Bilaspur,"Madhya Nagri Chowk, Near Radha Krishna Mandir, Bilaspur",495001,"Agriculture, Art & Culture, Education & Literacy, Food Processing, Health & Family Welfare, Legal Awareness & Aid, Minority Issues, Vocational Training",health,,,2018-02-05T16:59:12,TRUE,
d0880190ec0b402810f68e6b89d167e7,CG/2022/0320567,Aasha Ek Ummid Ki Kiran Mahila Sashaktikaran Sanstha,Society,1.22202E+11,KONDAGAON,Chhattisgarh,kondagaon,mahatma gandhi ward kondagaon distt kondagaon,494226,,other,,,2022-08-02T13:17:27,TRUE,
601402e0f406402f1450bb9d34077a30,CG/2019/0247071,Aashaon Ki Udaan,Society,1.22202E+11,RAIGARH,Chhattisgarh,Raigarh,"Ward No. 15, Civil Line, Darogapara Raigarh (C.G.)",496001,"Art & Culture, Children, Education & Literacy, Environment & Forests, Health & Family Welfare, Micro Finance (SHGs), Panchayati Raj, Sports, Women's Development & Empowerment, Youth Affairs",health,,,2019-11-29T14:44:45,TRUE,
f0dc0ce0050b405e27f3fd89850e2e49,CG/2024/0393257,AASHIRWAD JAN KALYAN SEWA SAMITI,Society,5584,RAIPUR,Chhattisgarh,RAIPUR,AASHIRWAD JAN KALYAN SEVA SAMITI HNO S-5 RAJIV NAGAR RAIPUR TAHSIL DIST RAIPUR C. G. 492007,492007,Health & Family Welfare,health,,,2024-02-28T18:39:17,TRUE,
50bf03507108409b37a0ba1c42062863,CG/2024/0476215,AASHIRWAD KIDZEE,Society,1.22202E+11,BILASPUR,Chhattisgarh,BILASPUR,HN 38/01 Ward Number 45 Ashirwad Bhawan Near Over Bridge Hemunagar,495001,,other,,,2024-12-18T13:51:42,TRUE,
30180a10730a412607913d8938451055,CG/2026/1018815,AASHKA FOUNDATION,Section 8 Company,U88900CT2026NPL019674,SURGUJA,Chhattisgarh,Lakhanpur,UDAIPUR LAKHANPUR,497116,"Agriculture, Animal Husbandry,  Dairying & Fisheries, Animal Welfare, Children, Civic Issues",social_welfare,,,2026-03-07T12:27:20,FALSE,
60b00440580c40670a03ea8f22313890,CG/2017/0177048,AASHRAY MAHILA KALYAN SAMITI,Trust,4978,RAJNANDGAON,Chhattisgarh,Rajnandgaon,"Smt Suman Sahu, House No 23 Aabadi Para Pendri, Ward No 20 Rajnandgaon",491441,,other,,,2017-12-15T16:41:35,TRUE,
702d0920070e40d616704e5b38f030e1,CG/2020/0253501,AASHRAY VRIDHJAN SEWA SAMITI RAIPUR,Society,CG-2690,RAIPUR,Chhattisgarh,RAIPUR,AASHRAY VRIDHJAN SEWA SAMITI RAIPUR C/O SMT. SARIKA VERMA OFFICE NO 105 HANUMAN MARKET RAMSAGAR PARARAIPUR CHHATTISGARH,492001,"Aged/Elderly, Art & Culture, Children, Differently Abled, Drinking Water, Education & Literacy, Environment & Forests, Food Processing, Health & Family Welfare, HIV/AIDS, Human Rights, Right to Information & Advocacy, Tribal Affairs, Women's Development & Empowerment",health,,,2020-03-07T11:48:36,TRUE,
804002d02d0340e62a434c82b8b22c95,CG/2024/0410340,AASHRAYNISHTHA WELFARE SOCIETY,Society,1.22202E+11,BILASPUR,Chhattisgarh,BILASPUR,WARD NO-47 NAYA SARKANDA CHATTARGI GALI,495001,"Aged/Elderly, Children, Differently Abled, Drinking Water, Education & Literacy",elderly_care,,,2024-05-10T13:22:43,TRUE,
b0e308708e0040d28032f94d38200589,CG/2025/0824809,AASHRIT HELPLINE ASSOCIATION,Society,1053,SURGUJA,Chhattisgarh,Ambikapur,DUTTA COLONY VIDYA NAGAR SECTOR 4 AMBIKAPUR BLOCK TEHSIL AMBIKAPUR DISTRICT SURGUJA CG 497001,497001,"Education & Literacy, Health & Family Welfare, Water Resources",health,,,2025-09-20T19:57:01,FALSE,
409e0a80c90e40fa9a529459408580c7,CG/2025/0925087,AASMITA ASSOCIATION,Section 8 Company,U88900CT2025NPL019236,DURG,Chhattisgarh,Durg,"House No 154 Akriti Niwas, Pragati Nagar Risali, Civic Centre Bhilai",490006,"Aged/Elderly, Animal Welfare, Art & Culture, Differently Abled, Education & Literacy, Environment & Forests, Health & Family Welfare, New & Renewable Energy, Rural Development & Poverty Alleviation, Skill Development, Sports, Vocational Training, Women's Development & Empowerment",health,,,2025-12-15T18:37:24,FALSE,
e0b90ab08905407206c5dd1b31608dd6,CG/2017/0181106,aasra educational society,Society,1117,SURGUJA,Chhattisgarh,AMBIKAPUR,NEAR INDIAN GAS GODAM CHANDANI CHOUK AMBIKAPUR SARGUJA,497101,,other,,,2018-03-19T10:35:39,TRUE,
90e20c80fd0040c91f518308119e47d6,CG/2020/0271469,AASRA MANCH,Society,331,BASTAR,Chhattisgarh,bhanpuri,gram post bhanpuri jagdalpur,494224,,other,,,2020-12-23T12:28:42,TRUE,
c0480610e20040d50d46473bf63e6f32,CG/2018/0191657,AASTHA BAHUDDESHIYA KALYAN SANSTHAN,Society,4030,DURG,Chhattisgarh,Bhilai Nagar,"Qr. No. 23A, AvenueC, Sector2, Bhilai Nagar,
Distt. Durg - 490001 (C.G.)",490001,"Aged/Elderly, Differently Abled, Drinking Water, Health & Family Welfare, Micro Small & Medium Enterprises, Women's Development & Empowerment",health,,,2018-08-17T14:06:16,TRUE,
60bd0600460c403a1449ff30a3f71961,CG/2023/0344053,AASTHA EDUCATIONAL & WELFARE SOCIETY,Society,1.22202E+11,DHAMTARI,Chhattisgarh,Dhamtari,"VillageBodra, Ward no. 13, PostSambalpur,
DistDhamtari, C.G.",493773,"Education & Literacy, Information & Communication Technology, Science & Technology, Skill Development",social_welfare,,,2023-04-20T23:57:15,TRUE,
a09b08f02c0040f70c148f23c95b46e4,CG/2018/0185291,aastha foundation,Society,4245,RAIPUR,Chhattisgarh,raipur,south avenu chowbe colony raipur,492002,"Children, Dalit Upliftment, Education & Literacy, Environment & Forests, HIV/AIDS, Vocational Training, Women's Development & Empowerment",environment,,,2018-03-07T00:25:22,TRUE,
70650e60fe0440d81584ce92f3312ae3,CG/2023/0345949,AASTHA GURUKUL SAMAJ SEVI SANSTHA,Society,3965,BALRAMPUR-RAMANUJGANJ,Chhattisgarh,RAJPUR,RAVI DAS WARD KHUTANPARA PO RAJPUR TEH RAJPUR,497118,"Education & Literacy, Health & Family Welfare, Skill Development, Tribal Affairs",health,,,2023-05-17T17:41:23,TRUE,
a08502b04f0c41d10b838b38840711b7,CG/2026/1033417,AASTHA SAMAJ SEVI SANSTHA,Society,4526,RAJNANDGAON,Chhattisgarh,Rajnandgaon,83 MAHESH NAGAR RAJNANDGAON JILA RAJNANDGAON CHHATTISGARH 83 MAHESH NAGAR RAJNANDGAON JILA RAJNANDGAON CHHATTISGARH 83 MAHESH NAGAR RAJNANDGAON 491441,491441,"Education & Literacy, Skill Development",social_welfare,,,2026-03-18T14:59:18,FALSE,
201909c0ea01406e80141691d9633989,CG/2025/0849939,AASTHA SANKUL SANGATHAN SONESARAR,Society,1.22202E+11,DURG,Chhattisgarh,Durg,HOUSE NO 195 VILLAGE SONESARAR TEHSIL DONGARGAON DISTRICT RAJNANDGAON CHHATTISGARH,491441,"Agriculture, Children, Civic Issues, Dalit Upliftment, Education & Literacy, Human Rights, Micro Finance (SHGs), Nutrition, Rural Development & Poverty Alleviation, Skill Development",social_welfare,,,2025-10-11T18:29:04,FALSE,
c0390140cc0a40e132506a9e45ec4e06,CG/2025/0506419,AATMA KI PUKAR CHRISTIAN WELFARE AND CHARITABLE SOCIETY,Society,2714,RAIPUR,Chhattisgarh,Raipur,"Mr. Sunil Kumar John
Plot No. 1035/2, Ward no. 42, Near Little Flower School, Kotora Talab, Civil Line, Raipur",492001,"Agriculture, Art & Culture, Children, Education & Literacy, Food Processing, Sports",social_welfare,,,2025-01-28T19:31:36,TRUE,
70d40420430540d800e9533b801c84a2,CG/2020/0266106,AAWRAN URJA FOUNDATION,Section 8 Company,U85300CT2020NPL010412,RAIPUR,Chhattisgarh,Raipur,"Office No 9, Second Floor, Shristi Garden Complex, Behind Hotel Inn, Telibanda, Raipur, Chhattisgarh",492001,"Agriculture, Biotechnology, Children, Drinking Water, Education & Literacy, Environment & Forests, Food Processing, Health & Family Welfare, HIV/AIDS, Human Rights, Labour & Employment, New & Renewable Energy, Panchayati Raj, Right to Information & Advocacy, Rural Development & Poverty Alleviation, Sports, Tourism, Tribal Affairs, Urban Development & Poverty Alleviation",health,21.2372255,81.6689237,2020-10-05T15:17:44,TRUE,
90020aa0a50040770e36b16652dd2617,CG/2019/0232441,Aayucare rehabilitation society,Society,5569,RAIPUR,Chhattisgarh,RAIPUR,"AAYUCARE REHABILIATION SOCIETY
138, FIRST FLOOR , SAMTA ARCADE, SAMTA COLONY RAIPUR",492001,"Aged/Elderly, Children, Environment & Forests, Health & Family Welfare, Human Rights, Women's Development & Empowerment",health,,,2019-05-04T13:53:00,TRUE,
00720ed0c703401d15f78e98081c71e7,CG/2023/0367010,AAYUSH EDUCATIONAL & WELFARE SOCIETY,Society,31772,DHAMTARI,Chhattisgarh,MAGARLOD DHAMTARI,"C/O EXPERT COMPUTER CENTER , MAGARLOD , NEAR TAHSEEL OFFICE, MAGARLOD, DIST DHAMTARI",493662,"Art & Culture, Environment & Forests, Food Processing, Skill Development",environment,,,2023-10-30T12:11:18,TRUE,
e04e0de0020f405b07890d9bd2457729,CG/2019/0243807,AAYUSH SHIKSHA SAMITI RAIGARH,Society,762/23/6/04,RAIGARH,Chhattisgarh,RAIGARH,"WARD NO. 07, INDRA NAGAR, RAIGARH",496001,"Agriculture, Children, Drinking Water, Education & Literacy, Environment & Forests, Health & Family Welfare, HIV/AIDS, Human Rights, Information & Communication Technology, Labour & Employment, Legal Awareness & Aid, Micro Small & Medium Enterprises, Science & Technology, Skill Development, Sports, Tribal Affairs, Urban Development & Poverty Alleviation, Vocational Training, Water Resources, Women's Development & Empowerment, Youth Affairs",health,,,2019-10-14T11:51:45,TRUE,
a0780dd0160540bc03f2b378182700b8,CG/2017/0120283,Aayushman Samiti,Society,CG-1024,RAIPUR,Chhattisgarh,Raipur,"Flat No 4, 2nd Floor, Krishna Plaza, Ashwani Nagar - 492013",492013,"Agriculture, Art & Culture, Children, Disaster Management, Education & Literacy, Health & Family Welfare, Labour & Employment, Panchayati Raj, Sports, Vocational Training",health,,,,TRUE,
e0db0c40980f40e926d89484e8083602,CG/2024/0458823,ABC EDUCATIONAL WELFARE SOCIRTY,Society,22690,RAIPUR,Chhattisgarh,Raipur,"D-16, SHIVAJI PARK, VIDHAN SABHA ROAD,SADDU, RAIPUR , CHATTISGARH-492014",492014,Education & Literacy,social_welfare,,,2024-10-22T12:56:57,TRUE,
f0c40970dc0f402c0502d23667a53b16,CG/2016/0098601,ABHASH SHIKSHAN AVM  SAMAJIK KALYAN SANSTHAN,Society,5334,RAIPUR,Chhattisgarh,RAIPUR,"C-6,MITTAN VIHAR, WARD-27, DALDAL SEONI RAIPUR, 492007",,"Drinking Water, Education & Literacy, Environment & Forests, Health & Family Welfare, HIV/AIDS, Micro Finance (SHGs), Micro Small & Medium Enterprises, Nutrition, Tribal Affairs, Vocational Training, Women's Development & Empowerment",health,,,,TRUE,
80420aa0110b40c99ad35336347a49c7,CG/2025/0933447,ABHAY JAN SEVA FOUNDATION,Society,1.22203E+11,BEMETARA,Chhattisgarh,Saja,"Ward 03 Than Khamariya, Tehsil Than Khamariya Jila Bemetara C.g. -491338",491338,"Children, Education & Literacy, Human Rights, Information & Communication Technology, Skill Development, Vocational Training, Youth Affairs",social_welfare,,,2025-12-22T15:03:15,FALSE,
b08f0b50b20340f36c98be7dc8634573,CG/2025/0687843,Abhi Shikshan Aur Prashikshan Sansthan Dongargarh,Society,16351,RAJNANDGAON,Chhattisgarh,Dongargarh,kalkapara ward no.7,491445,"Aged/Elderly, Agriculture, Animal Husbandry,  Dairying & Fisheries, Art & Culture, Children, Environment & Forests, Health & Family Welfare, Human Rights, Legal Awareness & Aid, Rural Development & Poverty Alleviation, Sports, Tourism, Women's Development & Empowerment",health,,,2025-06-21T13:30:19,FALSE,
f0c208903703404a09e3839585979286,CG/2017/0153899,ABHIJEET LOKSANSKRATI SANSTHAN,Society,C.G. STATE - 517,RAIGARH,Chhattisgarh,RAIGARAH,"HOUSE OF DINESH KUMAR KHUTE VILLAGEAURDA, POST AURDA TEHSIL KHARSIYA, DISTRICTRAIGARH (C.G)",496661,,other,,,,TRUE,
50100990690c40bc6598cf5273ec5d13,CG/2025/0685353,ABHIKALP FOUNDATION,Society,1.22202E+11,RAIPUR,Chhattisgarh,Arang,"MOTHERS PRIDE SCHOOL CAMPUS, OPP. COMMUNITY HALL, MAIN ROAD, ARANG",493441,Education & Literacy,social_welfare,,,2025-06-18T18:42:27,FALSE,
605200307907409410832409660d79e2,DL/2021/0278241,"	ASSOCIATION FOR INDIA INTERNATIONAL MEDIATION AND ARBITRATION SERVICES",Section 8 Company,U85300DL2020NPL366426,SOUTH,Delhi,SOUTH DELHI,"F-2 BASEMENT, KAILASH COLONY, DELHI South Delhi DL 110048",110048,,other,,,2021-03-22T16:57:06,TRUE,
b01d03f0e30240340592778873de69f1,DL/2017/0165260,"	ASSOCIATION FOR SOCIAL SERVICE AND REHABILITATION OF THE AGED ASSRA",Society,42540 OF 2002,NEW DELHI,Delhi,New Delhi,"BB-9-G, DDA FLATS, Munirka, Third Floor",110067,"Aged/Elderly, Differently Abled, Education & Literacy, Environment & Forests, Health & Family Welfare, Rural Development & Poverty Alleviation, Tribal Affairs, Vocational Training, Women's Development & Empowerment",health,,,2017-10-21T12:35:31,TRUE,
b04102301c0140db2e77ee8fc77998c4,DL/2024/0484699,"	FRANSALIAN EDUCATION SOCIETY",Society,S/10054 OF 1979,WEST,Delhi,NEW DELHI,"A-4C, ST. FRANCIS DE SALES SCHOOL, JANAKPURI",110058,,other,,,2024-12-30T11:45:42,TRUE,
808307608308408a10b8ae6842536035,DL/2023/0341773,"	IABT FOUNDATION",Section 8 Company,U80301DL2018NPL341251,NEW DELHI,Delhi,New Delhi,"A-38, NEW FRIENDS COLONY, NEW DELHI",110065,"Education & Literacy, Health & Family Welfare",health,,,2023-03-23T12:50:34,TRUE,
d0210f10c50840121c84a25fd4092764,DL/2021/0296645,"	KAIVALYA PLAYS FOUNDATION",Section 8 Company,"	U85300DL2021NPL377030",EAST,Delhi,DELHI,"A-41, IFS APARTMENTS, PHASE-I MAYUR VIHAR -I DELHI -110091",110091,Art & Culture,other,,,2021-10-28T11:24:39,TRUE,
00920eb08d01401b10d86c8aa79d5682,DL/2023/0359295,"	OLDSTER AARAM FOUNDATION	",Section 8 Company,417459,SOUTH WEST,Delhi,DELHI,"H NO-33, KH NO -22/1, AMBEDKER PALACE Baprola New Delhi South West Delhi DL 110043 IN
",110043,,other,,,2023-10-03T13:33:22,TRUE,
b08b0c50ed03407711e45c4fa4899c65,DL/2021/0296388,"	RAKSHAK FOR HUMAN ALLIANCE FOUNDATION",Section 8 Company,"	276977",CENTRAL,Delhi,Delhi,"HOUSE NO 8646 GROUND FLOOR GAUSHALLA ROAD LANDMARK GALI GOPAL WALI, NEW ROHTAK ROAD, KAROL BAGH NEW DELHI Central Delhi DL 110005 IN",110005,"Aged/Elderly, Children, Education & Literacy, Vocational Training, Women's Development & Empowerment",elderly_care,,,2021-10-28T15:26:38,TRUE,
b01c0d80a80b40ef1d90b345c06c8b49,DL/2021/0283608,"	SHREEDHARA HUMAN WELFARE FOUNDATION",Section 8 Company,U85300DL2019NPL348962,SOUTH WEST,Delhi,Dwarka,"RZ F-760/64 Raj Nagar, PALAM COLONY, NEW DELHI South West Delhi DL 110077",110077,"Drinking Water, Education & Literacy, Environment & Forests, Food Processing, Labour & Employment, Women's Development & Empowerment",environment,,,2021-05-21T13:11:49,TRUE,
70ad0410a508402f10f21219e00e1b87,DL/2021/0288757,"	SOCIAL RESPONSIBILITY COUNCIL",Section 8 Company,U93000DL2015NPL278072,CENTRAL,Delhi,New Delhi,"114F/F,PRATAP BHAWAN,BAHADURSHAH ZAFAR MARG, NEAR PYARY LAL BHAWAN DELHI Central Delhi 110002",110002,"Disaster Management, Drinking Water, Education & Literacy, Environment & Forests, Health & Family Welfare, Human Rights, Information & Communication Technology, Labour & Employment, Minority Issues, Panchayati Raj, Rural Development & Poverty Alleviation, Science & Technology, Skill Development, Tribal Affairs, Urban Development & Poverty Alleviation, Vocational Training, Water Resources, Women's Development & Empowerment, Youth Affairs",health,,,2021-07-16T12:25:24,TRUE,
60140ee0660b407d2df7401406cb6d70,DL/2024/0482775,"	VRINDA'S FORUM FOR KRISHNA CONSCIOUSNESS",Section 8 Company,U85300DL2018NPL341489,NORTH WEST,Delhi,DELHI,"HOUSE NO 258-259 2ND FLOOR PKT-8 SEC-23 ROHINI, North West, DELHI, Delhi, India, 110085",110085,"Art & Culture, Education & Literacy, Environment & Forests, Micro Small & Medium Enterprises, Skill Development",environment,,,2024-12-26T13:38:56,TRUE,
606109602604404f1ab5979634050e93,DL/2022/0318230,"	YATHARTHBODH FOUNDATION",Section 8 Company,U85300DL2022NPL400259,EAST,Delhi,NAND NAGRI,490 1ST FLOOR JANTA FLAT GTB ENCLAVE NAND NAGRI DELHI EAST DELHI-110093,110093,"Agriculture, Art & Culture, Children, Education & Literacy, Health & Family Welfare, Labour & Employment, Rural Development & Poverty Alleviation, Skill Development, Women's Development & Empowerment",health,,,2022-06-29T12:34:15,TRUE,
d0a309404e0240cf22c3d690f2fa2dc2,DL/2024/0410539,: NOBLE ACADEMY OF SOCIAL ACCOLADES TRUST,Trust,2024/7/3051,NORTH EAST,Delhi,DILSHAD GARDEN,D-117POCKET D,110095,,other,,,2024-05-10T12:57:32,TRUE,
506c0690af0b40e97a698082b6207773,DL/2025/0798673,"""THE COMMITTEE FOR THE INTL. CONF. ON L.H.V.E S (CIGRE) INDIA""",Society,S/22062,NEW DELHI,Delhi,Chanakya Puri,"Malcha Marg, Chanakyapuri, New Delhi-110021",110021,"Education & Literacy, Information & Communication Technology, Science & Technology",social_welfare,,,2025-09-02T13:09:20,FALSE,
402801406201402069d64683841d0b25,DL/2025/0668405,(PRAN) Promoting Cancer Research and Awareness Nationwide,Trust,2024/7/IV/1560,SOUTH,Delhi,Hauz Khas,"P - 41,
South Extension Part 2,
NDSE II,
Delhi 110049",110049,Health & Family Welfare,health,,,2025-06-05T13:31:28,FALSE,
e0990bc0590d40407f27ad8cd86e7be9,DL/2025/0778879,1 GOAL FOUNDATION,Trust,REGISTRATION NO 6101 BOOK NO 4 VOLUME NO 3416,SOUTH,Delhi,Hauz Khas,"A-1/6 BASEMENT, PANCHSHEEL ENCLAVE-1, NEW DELHI-110017",110017,"Aged/Elderly, Children, Education & Literacy, Health & Family Welfare, Nutrition, Religious, Rural Development & Poverty Alleviation, Skill Development, Urban Development & Poverty Alleviation, Women's Development & Empowerment, Youth Affairs",health,,,2025-08-18T17:33:03,FALSE,
104d05b04b0f40687ea3038105602817,DL/2025/0738527,108 foot sankat mochan dham sidh hanuman mandir,Society,S/ND/34/2025,NEW DELHI,Delhi,Delhi Cantonment,F4/34 JJ COLONY INDERPURI NEW DELHI-110012,110012,Religious,other,,,2025-07-22T13:40:55,FALSE,
505f0440950f40cb5ab6a11807fb6ef5,DL/2025/0561765,108 Foot Shree Shankat Mochan Dham,Society,79,CENTRAL,Delhi,Karol Bagh,"LINK ROAD, BHULI BHATIYARI",110001,"Aged/Elderly, Art & Culture, Children, Education & Literacy, Environment & Forests, Health & Family Welfare, Human Rights, Skill Development, Vocational Training, Women's Development & Empowerment",health,28.66005,77.17129,2025-03-20T12:11:17,FALSE,
f0d20d30280340e561222557430550f9,DL/2025/0625359,1111 SANT ISHER SINGH JI RARE WALE HAPUR DUKH NIWARN TRUST,Trust,386,SOUTH,Delhi,Hauz Khas,ATW-5/22LANE W5 OLD NO. F-209/B-4 WESTERN AVENUE SAINIK FARM NEW DELHI,110062,"Agriculture, Children, Education & Literacy, Environment & Forests, Health & Family Welfare, Religious, Sports, Women's Development & Empowerment",health,28.549507,77.203613,2025-05-08T09:45:31,FALSE,
f07f0710960d40dd8ef36f31909c56c1,DL/2025/0833051,11TH INTERNATIONAL CONGRESS OF ESSENTIAL OILS FRAGRANCES & FLAVOURS,Society,S-18884/1988,CENTRAL,Delhi,Civil Lines,"305/4832/24 3rd FLOOR, ANSARI ROAD DARYAGANJ NEW DELHI - 110002",110002,Scientific & Industrial Research,other,,,2025-09-25T19:32:58,FALSE,
d0ae0030470a40cc2f48fe5295807aa9,DL/2024/0457856,13 AASAA WELFARE TRUST,Trust,2106,NORTH,Delhi,DELHI,HOUSE NO NEW-1015/8-1 1543 DELHI-110015,110015,,other,,,2025-02-24T10:27:49,TRUE,
70350220600e40c79755b56456014b61,DL/2026/0956641,180-INDUSTRIAL WORK SPACE WELFARE ASSOCIATION MANGOL PURI,Society,S-55468,NORTH WEST,Delhi,Rohini,"Y-4, DSIIDC INDUSTRIAL COMPLEX OUTER RING ROAD, MANGOL PURI, DELHI",110083,"Art & Culture, Disaster Management, Housing, Legal Awareness & Aid, Nutrition, Rural Development & Poverty Alleviation, Skill Development, Vocational Training, Women's Development & Empowerment",social_welfare,,,2026-01-12T13:57:04,FALSE,
10c80f909e0c40bd11992d21215090b0,DL/2023/0370803,2 ROTI BANK FOUNDATION,Society,1839,SOUTH EAST,Delhi,DELHI,"FLAT ON TOP FLOOR, KH NO.204 OF PROPERTY NO. R-48 B/3, JOGA BAI EXTENSION JAMIA NAGAR, OKHLA, NEW DELHI-110025",110025,"Aged/Elderly, Agriculture, Animal Husbandry,  Dairying & Fisheries, Animal Welfare, Art & Culture, Biotechnology, Children, Civic Issues, Dalit Upliftment, Differently Abled, Disaster Management, Drinking Water, Education & Literacy, Environment & Forests, Food Processing, Health & Family Welfare, HIV/AIDS, Housing, Human Rights, Information & Communication Technology, Labour & Employment, Land Resources, Legal Awareness & Aid, Micro Finance (SHGs), Micro Small & Medium Enterprises, Minority Issues, New & Renewable Energy, Nutrition, Panchayati Raj, Prisoner's Issues, Right to Information & Advocacy, Rural Development & Poverty Alleviation, Science & Technology, Scientific & Industrial Research, Skill Development, Sports, Tourism, Tribal Affairs, Urban Development & Poverty Alleviation, Vocational Training, Water Resources, Women's Development & Empowerment, Youth Affairs",health,,,2023-11-30T19:43:30,TRUE,
002f0360840740981644bd1345166a30,DL/2020/0264501,21VI Sadi Shiksha Trust,Trust,1418,NORTH WEST,Delhi,Delhi,"BH-207, Ground Floor, East Shalimar Bagh, Delhi-110088",110088,"Agriculture, Animal Husbandry,  Dairying & Fisheries, Art & Culture, Dalit Upliftment, Differently Abled, Disaster Management, Education & Literacy, Environment & Forests, Health & Family Welfare, HIV/AIDS, Human Rights, Information & Communication Technology, Minority Issues, Rural Development & Poverty Alleviation, Women's Development & Empowerment, Youth Affairs",health,,,2020-09-24T10:31:56,TRUE,
200e0770c80a40a19350858833cb5cd7,DL/2025/0908357,"22-BLOCK RESIDENTS WELFARE ASSOCIATION, WEST PATEL NAGAR, NEW DELHI",Society,59061/2007,WEST,Delhi,Patel Nagar,"22/71-72, West Patel Nagar- Delhi- 110008",110008,"Civic Issues, Disaster Management, Drinking Water, Water Resources, Women's Development & Empowerment",social_welfare,,,2025-12-02T13:17:24,FALSE,
c05d07609809405d0667790889d66395,DL/2019/0223052,24X7 Care Foundation,Society,S/2286/SDM/NW/2015,NORTH WEST,Delhi,NEW DELHI,"H.No-69, 1 st Floor, Block-B, Pocket-5, Sector-4, Rohini, Delhi-110085",110085,"Aged/Elderly, Children, Health & Family Welfare, Women's Development & Empowerment",health,,,2019-01-16T18:47:13,TRUE,
805104409f0140d31747858ac2af8930,DL/2023/0355728,3 GEN EDUCATION FOUNDATION,Section 8 Company,AACCZ1924HF20211,SOUTH WEST,Delhi,DELHI,"H.no RZ-14, S/Floor, Gali no -3, Kh No-11/18/1 Sita Puri N Palam Village New Delhi South West Delhi DL 110045",110045,,other,,,2023-09-16T13:30:42,TRUE,
00b90620420840f30824a30c23f180f0,DL/2017/0168727,321 Education Foundation,Trust,2415,SOUTH,Delhi,Saket,"H-294, Plot 2A, First Floor, Kehar Singh Estate, Saidulajab, Lane No. 2, Saket, New Delhi",110030,"Children, Education & Literacy, Skill Development",social_welfare,,,2019-01-16T16:13:36,TRUE,
c0ec0790e001407317705459c5c518c5,DL/2019/0245814,365 SECURITY AND SERVICES PRIVATE LIMITED,Section 8 Company,U74999DL2014PTC271125,EAST,Delhi,EAST DELHI,"1/5536, BALBIR NAGAR EXTN, LANE NO. 6, SHAHDRA EAST DELHI-110032",110032,,other,,,2019-11-11T12:56:34,TRUE,
d03c0e00a601400f7481eb20f3101e03,DL/2025/0712313,3D PRINTING ASSOCIATION OF INDIA,Section 8 Company,U74999DL2016NPL299436,SOUTH,Delhi,Saket,"A-43A, SHOP NO. 3, PANCHSHEEL VIHAR MALVIYA NAGAR, NEW DELHI - 110017",110017,Science & Technology,other,,,2025-07-07T12:10:58,FALSE,
c00308c05905404e8170096494961a53,DL/2025/0806413,3E ADVISORS EMPLOYEE WELFARE TRUST,Trust,1225,SOUTH EAST,Delhi,Sarita Vihar,"3E ADVISORS EMPLOYEE WELFARE TRUST AT C-183, SECOND
FLOOR SARVODAYA ENCLAVE NEW DELHI-110017",110017,Labour & Employment,other,,,2025-09-06T16:53:21,FALSE,
305e07303f0540a36b45742e968a4711,DL/2025/0652641,3I CARE FOUNDATION,Section 8 Company,U85300DL2020NPL364099,NEW DELHI,Delhi,Vasant Vihar,"H No.-D-2/375 Hari Nagar Extension, Jaitpur, Badarpur, Delhi, South Delhi,",110044,"Children, Rural Development & Poverty Alleviation, Women's Development & Empowerment",social_welfare,,,2025-05-26T17:55:21,FALSE,
c0590e206c0540ef1022d207b0ac7c19,DL/2021/0299398,3O LIFE FOUNDATION,Section 8 Company,U85300DL2019NPL356534,WEST,Delhi,NEW DELHI,"SATYA NARAIN SHOP NO. 7, PLOT NO. A-5, DEEPAK VIHAR, VIKAS NAGAR, UTTAM NAGAR",110059,"Aged/Elderly, Animal Husbandry,  Dairying & Fisheries, Children, Civic Issues, Environment & Forests",environment,,,2022-02-14T16:34:32,TRUE,
00820bb0680640581ff18b2f296844d6,DL/2020/0255724,3rd eye foundation,Trust,339/DEL/2012,EAST,Delhi,GHAZIPUR,"B-220, 1st FLOOR, 7th BLOCK, FRUIT AND VEGETABLE MARKET, GHAZIPUR, DELHI-110096",110096,"Aged/Elderly, Agriculture, Animal Husbandry,  Dairying & Fisheries, Children, Civic Issues, Drinking Water, Education & Literacy, Environment & Forests, Food Processing, HIV/AIDS, Housing, Human Rights, Information & Communication Technology, Labour & Employment, Legal Awareness & Aid, Nutrition, Right to Information & Advocacy, Rural Development & Poverty Alleviation, Scientific & Industrial Research, Tourism, Tribal Affairs, Vocational Training, Water Resources, Women's Development & Empowerment",environment,,,2020-04-23T20:16:43,TRUE,
50240250fa0940a03ce1ac29591e8e67,DL/2025/0510285,41 CLUB OF INDIA AREA 5,Trust,AABAZ1041Q,NEW DELHI,Delhi,DELHI,"10 SA, ASHOKA APARTMENT, 7, RAJPUR ROAD, DELHI-110054",110054,,other,,,2025-02-19T19:38:37,TRUE,
a08409b0650c404e03a0149e096b3f19,DL/2017/0158688,4B foundation,Trust,971,SOUTH WEST,Delhi,New Delhi,"B/221, Kusumpur Pahari, Vasant Vihar, New Delhi110057",110075,"Art & Culture, Children, Civic Issues, Dalit Upliftment, Differently Abled, Drinking Water, Education & Literacy, Health & Family Welfare, Human Rights, Labour & Employment, Legal Awareness & Aid, Micro Finance (SHGs), Micro Small & Medium Enterprises, Nutrition, Rural Development & Poverty Alleviation, Skill Development, Women's Development & Empowerment, Youth Affairs",health,,,2021-07-08T16:36:34,TRUE,
60560350820940401241b45207971595,DL/2020/0256657,4GROUP SAFEGAURD AND SECURITY SERVICES PRIVATE LIMITED,Section 8 Company,U74930DL2015PTC276720,SOUTH,Delhi,NEW DELHI,"LOWER GROUND FLOOR, 15/01, NEW DELHI, SHITLA MATA MANDIR, CHIRAG DELHI, DELHI, South Delhi, Delhi, 110017",110017,"Art & Culture, Children, Health & Family Welfare, Human Rights, New & Renewable Energy, Urban Development & Poverty Alleviation, Vocational Training, Women's Development & Empowerment, Youth Affairs",health,,,2020-05-26T16:41:29,TRUE,
b04106d0a502403a5d455715e93b24a4,DL/2025/0551924,5 ANSARI ROAD VIKAS SAMITI,Society,S/59027/2007,CENTRAL,Delhi,Civil Lines,"FLAT NO. 4A, PARKASH APPARTMENT, 4405/5 ANSARI ROAD, DARYAGANJ, DELHI - 110002",110002,"Civic Issues, Health & Family Welfare, Human Rights, Labour & Employment",health,28.6448,77.2404,2025-03-10T16:38:35,FALSE,
804000a05609409f9104410796fc60f1,DL/2025/0940661,5 PUSA ROAD OFFICE OWNERS WELFARE ASSOCIATION,Society,2548/2025,CENTRAL,Delhi,Karol Bagh,"5 pusa road ground floor, WEA Karol bagh new Delhi 110005",110005,"Housing, Water Resources",other,,,2025-12-30T12:37:32,FALSE,
40bb0550650140719cc51a4f28a802f1,DL/2026/0954801,5A Block Tilak Nagar Welfare Association,Society,Society/West/2025/8902866,WEST,Delhi,Rajouri Garden,5A/9 Tilak Nagar,110018,"Aged/Elderly, Biotechnology, Civic Issues, Education & Literacy, Health & Family Welfare, Human Rights, Right to Information & Advocacy, Urban Development & Poverty Alleviation",health,,,2026-01-13T17:57:51,FALSE,
50fd09c0860540ec16c9d872525d0334,DL/2023/0345399,6TH BLOCK SOUTH PATEL NAGAR & STREET NO 13 RANJEET NAGAR FRONT SIDE,Society,8902671,CENTRAL,Delhi,Central Delhi,2747/1 Basement Floor Gali no 13 South Patel Nagar Ranjeet Nagar New Delhi - 110008,110008,"Children, Education & Literacy, Health & Family Welfare, Legal Awareness & Aid",health,,,2023-05-12T17:24:44,TRUE,
704708b00e0140e708e8d91af85e1716,DL/2018/0212899,7 HEXAGON TECH LABS PRIVATE LIMITED,Society,U72300DL2014PTC272263,NEW DELHI,Delhi,MUKHARJEE NAGAR,"B-203, 2ND FLOOR, SIGNATURE VIEW APPARTMENTS, MUKHARJEE NAGAR, NEW DELHI- 110009",110009,,other,,,2018-10-29T11:15:14,TRUE,
d0710c60dd0740152d22f12103660d26,DL/2024/0420816,7SIGHT FOUNDATION,Trust,626,CENTRAL,Delhi,New Delhi,"7SIGHT FOUNDATION, 4813/24, MATHUR LANE, DARYA GANJ, NEW DELHI",110002,,other,,,2024-06-03T18:28:28,TRUE,
202b0ba0140b40de16787605086b8fa0,DL/2022/0324905,90 Minutes Football Club,Trust,30/Book4/vol738/2017,SHAHDARA,Delhi,Delhi,122A Pocket F GTB Enclave Delhi-93,110093,"Children, Dalit Upliftment, Differently Abled, Health & Family Welfare, Nutrition, Skill Development, Sports, Women's Development & Empowerment, Youth Affairs",health,,,2022-09-16T16:00:18,TRUE,
30d104702807407692e3016ea0033dc1,DL/2025/0936031,91 REFORMS FOUNDATION,Section 8 Company,U94990DL2023NPL416874,CENTRAL,Delhi,Civil Lines,"203,2A/3, Kundan Mention, AsafAli Road Turkman Gate, Darya Ganj, Central Delhi, New Delhi, Delhi, India, 110002",110002,"Education & Literacy, Health & Family Welfare, Micro Small & Medium Enterprises, Right to Information & Advocacy, Rural Development & Poverty Alleviation, Skill Development",health,,,2025-12-29T16:06:38,FALSE,
b0ef0fb0fe0840b52d70f22780bc7e95,DL/2023/0373570,99 ALGORITHMS EMPLOYEES TRUST,Trust,2117/4,SOUTH,Delhi,Delhi,"125, Shahpur Jat 2nd floorNew Delhi 110049",110049,,other,,,2023-12-02T12:21:02,TRUE,
60370fc0fe00401617f8493e84f13b34,DL/2023/0357401,A & P GREEN FOUNDATION,Section 8 Company,U85500DL2023NPL414603,SOUTH WEST,Delhi,New delhi,"Plot 16, Sector 5,253,Jaimaa Apartments,Dwarka Sec-6,New Delhi,South West Delhi-110075,Delhi",110075,"Education & Literacy, Environment & Forests, Skill Development, Women's Development & Empowerment",environment,,,2023-09-25T10:27:11,TRUE,
d0ce0d508c0740dd2c42fe9e132f6bf6,DL/2024/0423045,A B MAHESHWARI EDUCATIONAL TRUST,Trust,667,NORTH WEST,Delhi,Delhi,"COTTAGE NO 22, BALRAJ KHANNA MARG, WEST PATEL NAGAR NEW DELHI -110008",110009,"Education & Literacy, Skill Development",social_welfare,,,2024-06-26T17:52:40,TRUE,
10ae0110380e408d3f41982c15ee0461,DL/2025/0509708,A B S S J S S SAMITI,Society,69391/2010,NORTH WEST,Delhi,Delhi,"F/320, ONKAR DHAM ROAD, SECTOR-39, RAMA VIHAR, VILLAGE MAJRI",110081,"Dalit Upliftment, Education & Literacy",social_welfare,,,2025-02-08T13:55:45,TRUE,
60190d809902403307b6a349364f12f7,DL/2018/0191805,a billion dreams foundation,Society,s/1966/Distt.South/2016,SOUTH,Delhi,Delhi,"A-1/44, GF, Freedom Fighter Enclave, Neb Sarai",110030,Education & Literacy,social_welfare,,,2024-11-28T12:40:28,TRUE,
e08f0850990340ab0a01b32f93ab7979,DL/2014/0074954,A Giggles Welfare Organisation,Society,59154,NEW DELHI,Delhi,Delhi,"C63, Basement,South Extension Part -2
New Delhi - 110049",110049,"Children, Differently Abled, Education & Literacy, Health & Family Welfare, HIV/AIDS, Human Rights, Vocational Training, Women's Development & Empowerment",health,,,,TRUE,
10ad0fc0aa0a405c01e91091e37a60d8,DL/2020/0251434,A HELPING HEART,Society,281/2019,NEW DELHI,Delhi,DELHI,"HOUSE NO-24, BLOCK-A, PKT-8, SEC-
15, LANDMARK NEAR SENT ANGEL HOUSE,ROHINI, NEW DELHI- 110085
",110085,"Aged/Elderly, Agriculture, Animal Husbandry,  Dairying & Fisheries, Art & Culture, Biotechnology, Children, Civic Issues, Dalit Upliftment, Differently Abled, Disaster Management, Drinking Water, Education & Literacy, Environment & Forests, Food Processing, Health & Family Welfare, HIV/AIDS, Housing, Human Rights, Information & Communication Technology, Labour & Employment, Land Resources, Legal Awareness & Aid, Micro Finance (SHGs), Micro Small & Medium Enterprises, Minority Issues, New & Renewable Energy, Nutrition, Panchayati Raj, Prisoner's Issues, Right to Information & Advocacy, Rural Development & Poverty Alleviation, Science & Technology, Scientific & Industrial Research, Sports, Tourism, Tribal Affairs, Urban Development & Poverty Alleviation, Vocational Training, Water Resources, Women's Development & Empowerment",health,,,2020-02-12T21:50:52,TRUE,
b0c90ae0690a40e17948a23c664d1529,DL/2025/0783619,A J BAL SHIKSHA SAMITI,Society,S/16617,EAST,Delhi,Preet Vihar,A-5 NEW GOBINDPURA DELHI-110051,110051,"Education & Literacy, Religious",social_welfare,,,2025-08-21T17:14:59,FALSE,
703e0ca0a20e40453cb2472423078cd7,DL/2025/0521676,A LEAF FOUNDATION,Trust,2488,NEW DELHI,Delhi,New Delhi,"177/F-12 KH No-1667, Near Hanuman Mandir Pole No-165 Garwal Colony Mehrauli New Delhi – 110030
",110030,"Art & Culture, Education & Literacy, Environment & Forests, Health & Family Welfare, Information & Communication Technology, Skill Development",health,,,2025-02-12T14:41:50,TRUE,
70420da05d0c40ee5857eb3770f482f3,DL/2025/0573083,A M GLOBAL TRUST,Trust,2025/9/IV/1050,SOUTH EAST,Delhi,Defence Colony,"R-229, 1ST FLOOR CORNER SIDE, FLAT NO-A-1, GALI NO-2, JOGA BAI EXTN., JAMIA NAGAR, NEW DELHI",110025,"Education & Literacy, Health & Family Welfare, Minority Issues, Women's Development & Empowerment",health,28.5674,77.2843,2025-03-21T17:19:54,FALSE,
70cf0580ba0640412868738f21101ba5,DL/2024/0458629,A M JAIPURIA PUBLIC CHARITABLE TRUST,Trust,AAATA1532FE20217,NEW DELHI,Delhi,Delhi,"A 9/24 ,VASANT VIHAR ,Vasant Vihar-1,SOUTH WEST DELHI",110057,,other,,,2024-10-18T15:49:49,TRUE,
d0f60a907d0c40d71c51a20a718097d3,DL/2019/0247436,A N Foundation,Trust,611/4,SOUTH EAST,Delhi,New Delhi,"C 138, Second Floor, Taiyab Lane, Shaheen Bagh, Jamia Nagar, New Delhi 110025",110025,"Art & Culture, Children, Civic Issues, Dalit Upliftment, Education & Literacy, Health & Family Welfare",health,,,2019-12-12T13:31:06,TRUE,
30550420c90940450827429dd6b33b56,DL/2018/0196923,A New Road,Trust,911,SOUTH WEST,Delhi,New Delhi,"C-32, Dwarkadheesh Apartments, Pkt-2, Sector-12
Dwarka, New Delhi-110078",110078,"Children, Education & Literacy, Youth Affairs",social_welfare,,,2018-05-17T20:34:28,TRUE,
d0930060500240652f77ba1186788a65,DL/2024/0453656,A NOBLE MISSION FOUNDATION,Trust,2024/5/IV/865,SOUTH EAST,Delhi,NEW DELHI,"J and k block, Laxmi nagar",110092,"Aged/Elderly, Animal Welfare, Children, Dalit Upliftment, Differently Abled, Disaster Management, Education & Literacy, Environment & Forests, Health & Family Welfare, Human Rights, Nutrition, Women's Development & Empowerment",health,,,2024-10-07T12:54:06,TRUE,
70160b002e0040d10723212cf2f10688,DL/2017/0175107,A P GOYAL CHARITABLE TRUST,Trust,4906,EAST,Delhi,DELHI,66 SHANKAR VIHAR VIKAS MARGNEAR NIRMAN VIHAR,110092,,other,,,2017-12-18T10:45:15,TRUE,
60ff0f80c803403617b4589912f92646,DL/2023/0345909,A R FOUNDATION,Trust,AAJTA9108N,NORTH WEST,Delhi,NEW DELHI,"55 BACKSIDE, RAMESHWAR NAGAR, MODEL TOWN -3, DR MUKHERJEE NAGAR, NORTH WEST DELHI",110009,"Agriculture, Animal Husbandry,  Dairying & Fisheries, Children, Education & Literacy, Women's Development & Empowerment",social_welfare,,,2023-06-01T16:19:53,TRUE,
908f0ab0dd0340096152cf6564a04b27,DL/2025/0626447,A RADHEY CHARITABLE TRUST,Trust,2025/7/IV/804,SOUTH,Delhi,Mehrauli,B-175 THIRD FLOOR JAWAHAR PARK KHANPUR NEW DELHI-110062,110062,"Art & Culture, Children, Education & Literacy, Environment & Forests, Food Processing, Health & Family Welfare",health,28.50748,77.23279,2025-05-07T17:58:29,FALSE,
407605a0190240c726a17f0fc2e56a47,DL/2023/0376307,A RIGHT WAY ORGANISATION,Society,S/00717NE/2012,NORTH,Delhi,Ghonda,"D399, Gali No. 6, Noorelahi, North Ghonda Delhi110053",110053,"Animal Husbandry,  Dairying & Fisheries, Animal Welfare, Art & Culture, Children, Human Rights, Labour & Employment, Rural Development & Poverty Alleviation, Skill Development, Sports, Youth Affairs",social_welfare,,,2023-12-15T10:33:58,TRUE,
00590770fa02406e3a61262af1856c10,DL/2025/0509214,A RISING SUN,Society,S/RS/SW-NG/0047/2017,SOUTH WEST,Delhi,NEW DELHI,"WZ-63,SHYAM ENCLAVE,GOPAL NAGAR EXT,NAJAFGARH ,DHANSHA MARG",110043,Children,social_welfare,,,2025-02-01T18:54:45,TRUE,
30eb02306c0b402461e88581e83569c1,DL/2025/0688861,A S H A FOUNDATION,Trust,512,EAST,Delhi,Mayur Vihar,"123, S/F, Dallupura, Behind Timber Store and Sani Mandir, Delhi -110096",110096,"Art & Culture, Education & Literacy, Sports",social_welfare,,,2025-06-20T17:45:31,FALSE,
a0b904a0ff03405c9369ce6964da1e63,DL/2026/0996413,A S HEALTHCARE FOUNDATION TRUST,Trust,2025/12/IV/2603,NORTH EAST,Delhi,Karawal Nagar,"A-429, 2/F, GALI NO. 6, PART - I, PUSTA - 1, SONIA VIHAR, DELHI - 110090.",110090,Health & Family Welfare,health,,,2026-02-18T16:02:32,FALSE,
a0ca05708e0d41db09e61f6c46923b39,DL/2026/1066639,A SAVIOUR FOUNDATION,Section 8 Company,U88900DL2026NPL465521,EAST,Delhi,Mayur Vihar,"-295 NEW ASHOK NAGAR, DELHI NEAR BY STAND APPT, East Delhi, East Delhi, East Delhi",110096,"Children, Education & Literacy, Environment & Forests, Food Processing, Health & Family Welfare, Housing, Human Rights, Skill Development, Sports, Youth Affairs",health,,,2026-04-24T16:50:51,FALSE,
301402504a0440011331e003e9db8e36,DL/2020/0255034,A scouts/Guides,Society,EAST/SOCIETY/3004/2018,NEW DELHI,Delhi,NEW ASHOK NAGAR,"B-231, S/F, FRONT SIDE, OLD NO. B-39, NEW ASHOK NAGAR, DELHI- 110096.",110096,"Aged/Elderly, Agriculture, Animal Husbandry,  Dairying & Fisheries, Biotechnology, Children, Civic Issues, Dalit Upliftment, Differently Abled, Disaster Management, Drinking Water, Education & Literacy, Environment & Forests, Health & Family Welfare, HIV/AIDS, Human Rights, Information & Communication Technology, Labour & Employment, Minority Issues, New & Renewable Energy, Nutrition, Panchayati Raj, Prisoner's Issues, Right to Information & Advocacy, Science & Technology, Tourism, Tribal Affairs, Women's Development & Empowerment",health,,,2021-09-13T18:40:17,TRUE,
90210ac09e0f40a362c05b0f496d9c93,DL/2025/0600993,A STARLINE EDUCATION TRUST,Trust,1933,NORTH EAST,Delhi,Karawal Nagar,"G-4/394, F/F, GALI NO.3 PUSTA-5, SONIA VIHAR, DELHI-110090",110090,"Children, Education & Literacy, Human Rights, Information & Communication Technology, Labour & Employment, Skill Development, Women's Development & Empowerment, Youth Affairs",social_welfare,28.67795,77.266738,2025-04-21T17:34:09,FALSE,
e07103c0d901406a27c25c51c9ff9245,DL/2024/0406090,A T C CHARITABLE TRUST,Trust,Not Registered,NORTH,Delhi,Delhi,"3981-83, Naya Bazar",110006,,other,,,2024-12-11T15:04:18,TRUE,
106b02f0d10240e11ba2909397b45655,DL/2020/0260904,A TO Z CRIME EAGLE BEAURO (NGO),Society,1539/NE/2014,NORTH EAST,Delhi,DELHI,"C129/12, GALI NO-12 KHAJOORI KHAS DELHI-110094",110094,"Children, Civic Issues, Disaster Management, Human Rights",social_welfare,,,2022-07-05T12:22:02,TRUE,
f00b09e06a0f408908416860446a9130,DL/2017/0115502,A to Z Foundation,Trust,DL50215748603185M,NEW DELHI,Delhi,NEW DELHI,36-B FIRST FLOOR KALKAJI NEW DELHI 110019,110019,"Aged/Elderly, Agriculture, Animal Husbandry,  Dairying & Fisheries, Art & Culture, Biotechnology, Children, Civic Issues, Dalit Upliftment, Differently Abled, Disaster Management, Drinking Water, Education & Literacy, Environment & Forests, Food Processing, Health & Family Welfare, HIV/AIDS, Housing, Human Rights, Information & Communication Technology, Labour & Employment, Land Resources, Legal Awareness & Aid, Micro Finance (SHGs), Micro Small & Medium Enterprises, Minority Issues",health,,,,TRUE,
80150110a20440e01282101b92644827,DL/2020/0258386,A TRUST TO REJUVENATE EARTH & ENVIRONMENT SYSTEMS,Trust,528,NEW DELHI,Delhi,DELHI,H.N. 105 STREET -1 VILLAGE WAZIRABAD NORTH DELHI DELHI 110084Head Office -32/1 south civil line arya samaj road Muzaffarnagar Pin Code251001,110084,"Agriculture, Drinking Water, Education & Literacy, Environment & Forests, Labour & Employment, Land Resources, Micro Finance (SHGs), Micro Small & Medium Enterprises, New & Renewable Energy, Rural Development & Poverty Alleviation, Urban Development & Poverty Alleviation, Water Resources",environment,,,2020-07-01T13:56:41,TRUE,
80280dd00e0840c33881bc25a2036db0,DL/2025/0509403,A V GLOBAL CHARITABLE TRUST,Trust,410,CENTRAL,Delhi,NEW DELHI,"201, NEW DELHI HOUSE BARAKHAMBA ROAD",110001,Skill Development,other,,,2025-01-30T20:59:38,TRUE,
004108603b0140fd1d29632915966e13,DL/2022/0328374,A V TECHNOLOGIES TRUST,Trust,669,SHAHDARA,Delhi,Delhi,"H. No. 217,S/F, Plot No. 8, Kh. No. 468 and 466, Gali No. 4, Durga Puri Extn. Near Gurudwara, Delhi-110093",110093,"Children, Education & Literacy, Food Processing, Health & Family Welfare, Skill Development, Vocational Training",health,,,2023-01-20T11:00:27,TRUE,
a0240f40b905408304b1858716c84189,DL/2017/0116152,A WAY OF HAPPINESS EDUCATIONAL SOCIETY,Society,2058,SOUTH,Delhi,new delhi,A-945 sangam vihar,,Education & Literacy,social_welfare,,,,TRUE,
d06b0560470e40d80f04c868624c8f63,DL/2018/0202013,A ZEPHYR OF GLOBAL AWARNESS AND MEANS AGGRANDIZEMENT,Society,East/society/977/2014,EAST,Delhi,East Delhi,"5/7/13, GEETA COLONY,DELHI",110031,"Agriculture, Animal Husbandry,  Dairying & Fisheries, Disaster Management, Education & Literacy, Environment & Forests, HIV/AIDS, Information & Communication Technology, Labour & Employment, Legal Awareness & Aid, Micro Finance (SHGs), Sports, Women's Development & Empowerment, Youth Affairs",environment,,,2019-02-09T18:40:04,TRUE,
c0c30660cd0d40905676350314230ff3,DL/2025/0560403,A-1-b krishna appartment residents welfare association,Society,SOCIETY/WEST/2018/8902338,NEW DELHI,Delhi,Delhi Cantonment,"guard room gate no 1 A-1-B krishna apartment
paschim vihar new delhi 110063",110063,"Housing, Youth Affairs",other,28.677085,77.1009263,2025-03-18T16:20:40,FALSE,
c06f0af0890b41fa0f021d71e9d26e89,DL/2026/1027969,A-2 Residents Welfare Association,Society,S/25386,NORTH WEST,Delhi,Rohini,"Sector-5, Rohini, Delhi - 110085",110085,Housing,other,,,2026-03-13T15:22:02,FALSE,
c05c0680e80c404537517042b79564b5,DL/2025/0512402,A-BLOCK FREEDOM FIGHTER ENCLAVE RESIDENT WELFARE ASSOCIATION,Society,S/4098/DISTT. SOUTH/2024,SOUTH,Delhi,DELHI,"A-68, LOWER GROUND FLOOR, A BLOCK, IGNOU ROAD, FREEDOM FIGHTER ENCLAVE, NEB SARAI",110068,"Aged/Elderly, Civic Issues, Drinking Water, Education & Literacy, Environment & Forests",environment,,,2025-02-02T12:03:45,TRUE,
b0690920340840702cf94f23030e7e61,DL/2024/0473674,A-P BLOCK  RESIDENTS WELFARE ASSOCIATION SHALIMAR BAGH DELHI-110088,Society,60738/2007,NORTH WEST,Delhi,DELHI,"A-P BLOCKRESIDENTS WELFARE ASSOCIATION SHALIMAR BAGH DELHI-110088
",110088,,other,,,2024-12-09T13:57:42,TRUE,
a0b20de01104407c2634db0be0136842,DL/2024/0434886,A. B. S. EDUCATIONAL SOCIETY,Society,S-1933/Distt. North-East/2019,NORTH EAST,Delhi,DELHI,"Khasra No. 351, Plot No. 852/75, Property No. 351/75, Gali No. 9, Old Mustafabad, Delhi-110094",110094,,other,,,2024-08-08T13:16:13,TRUE,
90a006a0850b40f48b387f93e9a89b65,DL/2025/0889995,A. S. CULTURAL WELFARE SOCIETY,Society,35561,NORTH WEST,Delhi,Rohini,PLOT NO FC-57 GROUND FLOOR L.S.C ROAD NO 43 H-4 AND H-5 POCKET - B PITAMPURA LANDMARK VARDMAN COMPLEX,110085,"Food Processing, Health & Family Welfare, Labour & Employment",health,,,2025-11-27T15:34:25,FALSE,
30110f30840040c804782950b55e4f62,DL/2019/0239207,A.B.C. BLOCK RESIDENT WELFARE ASSOCIATION,Society,S/1214/SDM/NW/2012,NORTH WEST,Delhi,NEW DELHI,PLOT NUMBER 423 BLOCK B-2 SULTAN PURI NEW DELHI 110086,110086,,other,,,2019-08-10T17:50:55,TRUE,
90a70310a30e40fa50f7db63817595a7,DL/2025/0576197,A.D. EDUCATION FOUNDATION,Section 8 Company,U80211DL2006NPL146869,SOUTH,Delhi,Hauz Khas,"156, KHIRKI VILLAGE, NEW DELHI-110017",110017,Education & Literacy,social_welfare,28.53127,77.2169,2025-03-24T19:40:14,FALSE,
b0460020be04403690924f67a40f5093,DL/2025/0926453,A.G. SHIKSHA FOUNDATION,Society,ROS/NORTH/SDM/NARELA/11/2016,NORTH,Delhi,Narela,2003/1 bawana road narela delhi 110040,110040,"Children, Disaster Management, Drinking Water, Education & Literacy, Environment & Forests, Skill Development, Sports, Vocational Training",environment,,,2025-12-16T17:09:07,FALSE,
70df00501f0740102b438e68033f5276,DL/2024/0392643,A.S. CARE CHARITABLE TRUST,Trust,879,CENTRAL,Delhi,Patel Nagar west,"H NO. 2363, PVT NO.1 BASEMENT FLOOR, MAIN PATEL ROADVILLAGE SHADI KHAMPUR, Patel nagar west, Patel nagar west,CENTRAL DELHI, Delhi, INDIA110008",110008,"Agriculture, Animal Welfare, Art & Culture, Dalit Upliftment, Drinking Water, Education & Literacy, Environment & Forests, Food Processing, Health & Family Welfare, Labour & Employment",health,,,2024-02-22T12:28:09,TRUE,
a0c50b10810241f600740009c2e10577,DL/2026/1040207,A+INSTITUTE OF EDUCATION TRUST,Trust,385,NORTH WEST,Delhi,Kanjhawala,"D-15, JAIN COLONY, NANESH ENCLAVE, BARWALA, DELHI",110039,"Differently Abled, Education & Literacy, Health & Family Welfare, Science & Technology, Skill Development, Vocational Training",health,,,2026-03-24T19:18:17,FALSE,
40fd0ad01105409a2ca5b19d72df6e97,DL/2024/0440245,A2F BLOCK APNA NIWAS RESIDENT WELFARE ASSOCIATION,Society,4042,SOUTH,Delhi,New Delhi,"173-A and 173, Ward no 3, Mehrauli, New Delhi-110030",110030,,other,,,2024-08-08T16:51:10,TRUE,
a0fb03b0f10640c807097e13d4853d89,DL/2019/0229255,A2N Project  Development & Research Foundation,Trust,1670,NORTH WEST,Delhi,New Delhi,New Delhi,110085,"Tribal Affairs, Vocational Training, Women's Development & Empowerment, Youth Affairs",social_welfare,,,2019-03-15T13:07:49,TRUE,
70980c70ed02400425267c2496528583,DL/2024/0441284,A4 SPORTS BHARAT ASSOCIATION,Section 8 Company,421444,NEW DELHI,Delhi,South,"507, Manjusha Building, 57 Nehru Place,South Delhi, New Delhi, Delhi, India, 110019",110019,,other,,,2024-10-12T15:36:08,TRUE,
60760890af0b412f07324c3f78ed3d77,DL/2026/1023837,A4ID FOUNDATION,Section 8 Company,U85300DL2022NPL401193,SOUTH,Delhi,Mehrauli,"S - 405 LGF Greater Kailash - II, New Delhi",110048,"Legal Awareness & Aid, Skill Development",other,,,2026-04-22T11:48:51,FALSE,
708f0730970540062af6764d516959e3,DL/2024/0465264,A6 BUILDING C. A. APARTMENTS FLAT OWNER'S WELFARE ASSOCIATION,Society,SOCIETY/WEST/2024/8902820,WEST,Delhi,DELHI,825 C A APARTMENTS PASCHIM VIHAR NEW DELHI,110063,,other,,,2024-11-13T10:39:20,TRUE,
90f20c707e0f409a0da7005624856e69,DL/2019/0235710,AAB-O-HAWA WELFARE SOCIETY,Society,1600,SOUTH EAST,Delhi,New Delhi,"F-86/A, Ground Floor, Abul Fazal Enclave-I, Jamia Nagar, New Delhi-110025",110025,"Education & Literacy, Environment & Forests, Health & Family Welfare, Labour & Employment, Legal Awareness & Aid, Micro Small & Medium Enterprises",health,,,2019-12-14T15:56:06,TRUE,
40e101d0220240e353e8171e510a7cf9,DL/2025/0581179,AABE KAUSAR FOUNDATION,Section 8 Company,U80902DL2020NPL370468,SOUTH EAST,Delhi,Sarita Vihar,"F-184, PEACE APARTMENT FLAT NO-402 SHAHEEN BAGH
JAMIA NAGAR DELHI",110025,"Children, Education & Literacy, Food Processing, Health & Family Welfare, Minority Issues, Skill Development, Women's Development & Empowerment, Youth Affairs",health,28.54655,77.29983,2025-03-28T16:02:29,FALSE,
006b0430b503402c0d674368c9a06c42,DL/2019/0236431,Aabha Aabhas,Trust,795,NEW DELHI,Delhi,DELHI,"FLAT NO-746, G/F, SECTOR-13,
PKT-B, DWARKA PH II, NEW DELHI-
110078",110078,Aged/Elderly,elderly_care,,,2019-10-11T11:07:38,TRUE,
008703e0b40a401e68030b76f2b07151,DL/2025/0637271,AABHAAR FOUNDATION,Trust,363,EAST,Delhi,Preet Vihar,"1/44, 1st Floor Lalita Park",110092,"Aged/Elderly, Agriculture, Animal Husbandry,  Dairying & Fisheries, Animal Welfare, Art & Culture, Biotechnology, Children, Civic Issues, Dalit Upliftment, Differently Abled, Disaster Management, Drinking Water, Education & Literacy, Environment & Forests, Food Processing, Health & Family Welfare, HIV/AIDS, Housing, Human Rights, Information & Communication Technology, Labour & Employment, Land Resources, Legal Awareness & Aid, Micro Finance (SHGs), Micro Small & Medium Enterprises, Minority Issues, New & Renewable Energy, Nutrition, Panchayati Raj, Prisoner's Issues, Religious, Right to Information & Advocacy, Rural Development & Poverty Alleviation, Science & Technology, Scientific & Industrial Research, Skill Development, Sports, Tourism, Tribal Affairs, Urban Development & Poverty Alleviation, Vocational Training, Water Resources, Women's Development & Empowerment, Youth Affairs",health,,,2025-05-19T11:55:49,FALSE,
d0220510c90440eb0c44b27785fc02e4,DL/2018/0202501,AABHAAR FOUNDATION,Trust,346,NEW DELHI,Delhi,Vasant Vihar,"130, VILLAGE-MOHAMMAD PUR, R.K PURAM, NEW DELHI-110066",110066,,other,,,2018-08-30T12:16:52,TRUE,
a0d801a0d901408d2f40936a62512ca3,DL/2024/0416143,AABHAAR FOUNDATION,Society,District East/Society/1534/201,EAST,Delhi,EAST DELHI,"S-432 B, GROUND FLOOR, SCHOOL BLOCK, SHAKARPUR, DELHI-110092",110092,"Children, Education & Literacy, Health & Family Welfare, Women's Development & Empowerment",health,,,2024-05-21T14:38:29,TRUE,
90d80900c90e40306cf3fe9f22a780d7,DL/2025/0639287,AABHAR,Society,3189/2019,EAST,Delhi,Preet Vihar,"S-551, SCHOOL BLOCK, SHAKARPUR",110092,"Art & Culture, Drinking Water, Education & Literacy, Environment & Forests, Rural Development & Poverty Alleviation, Skill Development, Vocational Training, Water Resources",environment,,,2025-05-17T15:26:19,FALSE,
405f0fe0a107404c2da4ab07487f1630,DL/2024/0394122,AABHARNAM FOUNDATION,Section 8 Company,310126,EAST,Delhi,DELHI,"103 F/F PLOT NO. 15, 103 NIPUN TOWER, KARKARDOOMA COMMUNITY CENTER, East Delhi, DELHI, Delhi, India, 110092",110092,,other,,,2024-02-27T13:48:50,TRUE,
809b00e02b0640f920f2ae9729439351,MP/2024/0432159,ARTI & VINEET MEHROTRA WELFARE FOUNDATION,Section 8 Company,U85300MP2022NPL061419,BHOPAL,Madhya Pradesh,BHOPAL,"417, 2C SAKET NAGAR, Bhopal, BHOPAL, Madhya Pradesh, India, 462024",462024,"Art & Culture, Education & Literacy, Rural Development & Poverty Alleviation, Sports",,,,2024-07-15T11:44:35,TRUE,1
00780970eb0641fb08d1226ef5a71e29,MP/2026/1016519,1008 BHAGWAN VASU PUJYA DIGAMBAR JAIN SEWA SAMITI,Society,01/01/01/29780/15,BHOPAL,Madhya Pradesh,Huzur,27 SOUTH CITY ENCLAVE EX PHASE 2 EXTENSION BABADIYAKALA TESHIL HUZUR DISTRICT BHOPAL MP 462039,462039,"Health & Family Welfare, Religious",,,,2026-03-03T22:12:39,FALSE,2
e0030510080640aa7b257f62a4036e43,MP/2025/0756463,1008 NAIMINATH DIGAMBER JAIN TRUST,Trust,0001 B/113,SAGAR,Madhya Pradesh,Sagar,259 bada bazar,470002,"Environment & Forests, Health & Family Welfare, Religious",,,,2025-08-02T12:51:31,FALSE,3
f01f0e90810e40fe2124dd9aa50f59f7,MP/2024/0437670,24 CARAT WELFARE SOCIETY,Society,03/27/01/25305/23,INDORE,Madhya Pradesh,Indore,29/30 AIRPORT ROAD PARIHAR COLONY INDORE ( M.P.) 452001,452001,,,,,2024-08-03T11:33:53,TRUE,4
e0d20120040d40f901d1454893c83cd6,MP/2017/0160378,3 STAR GOLTECK RURAL DEVELOPMENT AND WOMENWS WALFARE SOCIETY,Society,04/14/01/09111/06,JABALPUR,Madhya Pradesh,JABALPUR,H.NO. 2535 H TYPE COLONY MEDICAL COLLEGE JABALPUR (M.P.),482001,"Art & Culture, Children, Drinking Water, Education & Literacy",,,,2017-08-28T16:07:37,TRUE,5
809b00e02b0640f920f2ae9729439351,MP/2024/0432159,ARTI & VINEET MEHROTRA WELFARE FOUNDATION,Section 8 Company,U85300MP2022NPL061419,BHOPAL,Madhya Pradesh,BHOPAL,"417, 2C SAKET NAGAR, Bhopal, BHOPAL, Madhya Pradesh, India, 462024",462024,"Art & Culture, Education & Literacy, Rural Development & Poverty Alleviation, Sports",,,,2024-07-15T11:44:35,TRUE,6
00780970eb0641fb08d1226ef5a71e29,MP/2026/1016519,1008 BHAGWAN VASU PUJYA DIGAMBAR JAIN SEWA SAMITI,Society,01/01/01/29780/15,BHOPAL,Madhya Pradesh,Huzur,27 SOUTH CITY ENCLAVE EX PHASE 2 EXTENSION BABADIYAKALA TESHIL HUZUR DISTRICT BHOPAL MP 462039,462039,"Health & Family Welfare, Religious",,,,2026-03-03T22:12:39,FALSE,7
e0030510080640aa7b257f62a4036e43,MP/2025/0756463,1008 NAIMINATH DIGAMBER JAIN TRUST,Trust,0001 B/113,SAGAR,Madhya Pradesh,Sagar,259 bada bazar,470002,"Environment & Forests, Health & Family Welfare, Religious",,,,2025-08-02T12:51:31,FALSE,8
f01f0e90810e40fe2124dd9aa50f59f7,MP/2024/0437670,24 CARAT WELFARE SOCIETY,Society,03/27/01/25305/23,INDORE,Madhya Pradesh,Indore,29/30 AIRPORT ROAD PARIHAR COLONY INDORE ( M.P.) 452001,452001,,,,,2024-08-03T11:33:53,TRUE,9
e0d20120040d40f901d1454893c83cd6,MP/2017/0160378,3 STAR GOLTECK RURAL DEVELOPMENT AND WOMENWS WALFARE SOCIETY,Society,04/14/01/09111/06,JABALPUR,Madhya Pradesh,JABALPUR,H.NO. 2535 H TYPE COLONY MEDICAL COLLEGE JABALPUR (M.P.),482001,"Art & Culture, Children, Drinking Water, Education & Literacy",,,,2017-08-28T16:07:37,TRUE,10
809b00e02b0640f920f2ae9729439351,MP/2024/0432159,ARTI & VINEET MEHROTRA WELFARE FOUNDATION,Section 8 Company,U85300MP2022NPL061419,BHOPAL,Madhya Pradesh,BHOPAL,"417, 2C SAKET NAGAR, Bhopal, BHOPAL, Madhya Pradesh, India, 462024",462024,"Art & Culture, Education & Literacy, Rural Development & Poverty Alleviation, Sports",,,,2024-07-15T11:44:35,TRUE,11
00780970eb0641fb08d1226ef5a71e29,MP/2026/1016519,1008 BHAGWAN VASU PUJYA DIGAMBAR JAIN SEWA SAMITI,Society,01/01/01/29780/15,BHOPAL,Madhya Pradesh,Huzur,27 SOUTH CITY ENCLAVE EX PHASE 2 EXTENSION BABADIYAKALA TESHIL HUZUR DISTRICT BHOPAL MP 462039,462039,"Health & Family Welfare, Religious",,,,2026-03-03T22:12:39,FALSE,12
e0030510080640aa7b257f62a4036e43,MP/2025/0756463,1008 NAIMINATH DIGAMBER JAIN TRUST,Trust,0001 B/113,SAGAR,Madhya Pradesh,Sagar,259 bada bazar,470002,"Environment & Forests, Health & Family Welfare, Religious",,,,2025-08-02T12:51:31,FALSE,13
f01f0e90810e40fe2124dd9aa50f59f7,MP/2024/0437670,24 CARAT WELFARE SOCIETY,Society,03/27/01/25305/23,INDORE,Madhya Pradesh,Indore,29/30 AIRPORT ROAD PARIHAR COLONY INDORE ( M.P.) 452001,452001,,,,,2024-08-03T11:33:53,TRUE,14
e0d20120040d40f901d1454893c83cd6,MP/2017/0160378,3 STAR GOLTECK RURAL DEVELOPMENT AND WOMENWS WALFARE SOCIETY,Society,04/14/01/09111/06,JABALPUR,Madhya Pradesh,JABALPUR,H.NO. 2535 H TYPE COLONY MEDICAL COLLEGE JABALPUR (M.P.),482001,"Art & Culture, Children, Drinking Water, Education & Literacy",,,,2017-08-28T16:07:37,TRUE,15
809b00e02b0640f920f2ae9729439351,MP/2024/0432159,ARTI & VINEET MEHROTRA WELFARE FOUNDATION,Section 8 Company,U85300MP2022NPL061419,BHOPAL,Madhya Pradesh,BHOPAL,"417, 2C SAKET NAGAR, Bhopal, BHOPAL, Madhya Pradesh, India, 462024",462024,"Art & Culture, Education & Literacy, Rural Development & Poverty Alleviation, Sports",,,,2024-07-15T11:44:35,TRUE,16
00780970eb0641fb08d1226ef5a71e29,MP/2026/1016519,1008 BHAGWAN VASU PUJYA DIGAMBAR JAIN SEWA SAMITI,Society,01/01/01/29780/15,BHOPAL,Madhya Pradesh,Huzur,27 SOUTH CITY ENCLAVE EX PHASE 2 EXTENSION BABADIYAKALA TESHIL HUZUR DISTRICT BHOPAL MP 462039,462039,"Health & Family Welfare, Religious",,,,2026-03-03T22:12:39,FALSE,17
e0030510080640aa7b257f62a4036e43,MP/2025/0756463,1008 NAIMINATH DIGAMBER JAIN TRUST,Trust,0001 B/113,SAGAR,Madhya Pradesh,Sagar,259 bada bazar,470002,"Environment & Forests, Health & Family Welfare, Religious",,,,2025-08-02T12:51:31,FALSE,18
f01f0e90810e40fe2124dd9aa50f59f7,MP/2024/0437670,24 CARAT WELFARE SOCIETY,Society,03/27/01/25305/23,INDORE,Madhya Pradesh,Indore,29/30 AIRPORT ROAD PARIHAR COLONY INDORE ( M.P.) 452001,452001,,,,,2024-08-03T11:33:53,TRUE,19
e0d20120040d40f901d1454893c83cd6,MP/2017/0160378,3 STAR GOLTECK RURAL DEVELOPMENT AND WOMENWS WALFARE SOCIETY,Society,04/14/01/09111/06,JABALPUR,Madhya Pradesh,JABALPUR,H.NO. 2535 H TYPE COLONY MEDICAL COLLEGE JABALPUR (M.P.),482001,"Art & Culture, Children, Drinking Water, Education & Literacy",,,,2017-08-28T16:07:37,TRUE,20
809b00e02b0640f920f2ae9729439351,MP/2024/0432159,ARTI & VINEET MEHROTRA WELFARE FOUNDATION,Section 8 Company,U85300MP2022NPL061419,BHOPAL,Madhya Pradesh,BHOPAL,"417, 2C SAKET NAGAR, Bhopal, BHOPAL, Madhya Pradesh, India, 462024",462024,"Art & Culture, Education & Literacy, Rural Development & Poverty Alleviation, Sports",,,,2024-07-15T11:44:35,TRUE,21
00780970eb0641fb08d1226ef5a71e29,MP/2026/1016519,1008 BHAGWAN VASU PUJYA DIGAMBAR JAIN SEWA SAMITI,Society,01/01/01/29780/15,BHOPAL,Madhya Pradesh,Huzur,27 SOUTH CITY ENCLAVE EX PHASE 2 EXTENSION BABADIYAKALA TESHIL HUZUR DISTRICT BHOPAL MP 462039,462039,"Health & Family Welfare, Religious",,,,2026-03-03T22:12:39,FALSE,22
e0030510080640aa7b257f62a4036e43,MP/2025/0756463,1008 NAIMINATH DIGAMBER JAIN TRUST,Trust,0001 B/113,SAGAR,Madhya Pradesh,Sagar,259 bada bazar,470002,"Environment & Forests, Health & Family Welfare, Religious",,,,2025-08-02T12:51:31,FALSE,23
f01f0e90810e40fe2124dd9aa50f59f7,MP/2024/0437670,24 CARAT WELFARE SOCIETY,Society,03/27/01/25305/23,INDORE,Madhya Pradesh,Indore,29/30 AIRPORT ROAD PARIHAR COLONY INDORE ( M.P.) 452001,452001,,,,,2024-08-03T11:33:53,TRUE,24
e0d20120040d40f901d1454893c83cd6,MP/2017/0160378,3 STAR GOLTECK RURAL DEVELOPMENT AND WOMENWS WALFARE SOCIETY,Society,04/14/01/09111/06,JABALPUR,Madhya Pradesh,JABALPUR,H.NO. 2535 H TYPE COLONY MEDICAL COLLEGE JABALPUR (M.P.),482001,"Art & Culture, Children, Drinking Water, Education & Literacy",,,,2017-08-28T16:07:37,TRUE,25
809b00e02b0640f920f2ae9729439351,MP/2024/0432159,ARTI & VINEET MEHROTRA WELFARE FOUNDATION,Section 8 Company,U85300MP2022NPL061419,BHOPAL,Madhya Pradesh,BHOPAL,"417, 2C SAKET NAGAR, Bhopal, BHOPAL, Madhya Pradesh, India, 462024",462024,"Art & Culture, Education & Literacy, Rural Development & Poverty Alleviation, Sports",,,,2024-07-15T11:44:35,TRUE,26
00780970eb0641fb08d1226ef5a71e29,MP/2026/1016519,1008 BHAGWAN VASU PUJYA DIGAMBAR JAIN SEWA SAMITI,Society,01/01/01/29780/15,BHOPAL,Madhya Pradesh,Huzur,27 SOUTH CITY ENCLAVE EX PHASE 2 EXTENSION BABADIYAKALA TESHIL HUZUR DISTRICT BHOPAL MP 462039,462039,"Health & Family Welfare, Religious",,,,2026-03-03T22:12:39,FALSE,27
e0030510080640aa7b257f62a4036e43,MP/2025/0756463,1008 NAIMINATH DIGAMBER JAIN TRUST,Trust,0001 B/113,SAGAR,Madhya Pradesh,Sagar,259 bada bazar,470002,"Environment & Forests, Health & Family Welfare, Religious",,,,2025-08-02T12:51:31,FALSE,28
f01f0e90810e40fe2124dd9aa50f59f7,MP/2024/0437670,24 CARAT WELFARE SOCIETY,Society,03/27/01/25305/23,INDORE,Madhya Pradesh,Indore,29/30 AIRPORT ROAD PARIHAR COLONY INDORE ( M.P.) 452001,452001,,,,,2024-08-03T11:33:53,TRUE,29
e0d20120040d40f901d1454893c83cd6,MP/2017/0160378,3 STAR GOLTECK RURAL DEVELOPMENT AND WOMENWS WALFARE SOCIETY,Society,04/14/01/09111/06,JABALPUR,Madhya Pradesh,JABALPUR,H.NO. 2535 H TYPE COLONY MEDICAL COLLEGE JABALPUR (M.P.),482001,"Art & Culture, Children, Drinking Water, Education & Literacy",,,,2017-08-28T16:07:37,TRUE,30
809b00e02b0640f920f2ae9729439351,MP/2024/0432159,ARTI & VINEET MEHROTRA WELFARE FOUNDATION,Section 8 Company,U85300MP2022NPL061419,BHOPAL,Madhya Pradesh,BHOPAL,"417, 2C SAKET NAGAR, Bhopal, BHOPAL, Madhya Pradesh, India, 462024",462024,"Art & Culture, Education & Literacy, Rural Development & Poverty Alleviation, Sports",,,,2024-07-15T11:44:35,TRUE,31
00780970eb0641fb08d1226ef5a71e29,MP/2026/1016519,1008 BHAGWAN VASU PUJYA DIGAMBAR JAIN SEWA SAMITI,Society,01/01/01/29780/15,BHOPAL,Madhya Pradesh,Huzur,27 SOUTH CITY ENCLAVE EX PHASE 2 EXTENSION BABADIYAKALA TESHIL HUZUR DISTRICT BHOPAL MP 462039,462039,"Health & Family Welfare, Religious",,,,2026-03-03T22:12:39,FALSE,32
e0030510080640aa7b257f62a4036e43,MP/2025/0756463,1008 NAIMINATH DIGAMBER JAIN TRUST,Trust,0001 B/113,SAGAR,Madhya Pradesh,Sagar,259 bada bazar,470002,"Environment & Forests, Health & Family Welfare, Religious",,,,2025-08-02T12:51:31,FALSE,33
f01f0e90810e40fe2124dd9aa50f59f7,MP/2024/0437670,24 CARAT WELFARE SOCIETY,Society,03/27/01/25305/23,INDORE,Madhya Pradesh,Indore,29/30 AIRPORT ROAD PARIHAR COLONY INDORE ( M.P.) 452001,452001,,,,,2024-08-03T11:33:53,TRUE,34
e0d20120040d40f901d1454893c83cd6,MP/2017/0160378,3 STAR GOLTECK RURAL DEVELOPMENT AND WOMENWS WALFARE SOCIETY,Society,04/14/01/09111/06,JABALPUR,Madhya Pradesh,JABALPUR,H.NO. 2535 H TYPE COLONY MEDICAL COLLEGE JABALPUR (M.P.),482001,"Art & Culture, Children, Drinking Water, Education & Literacy",,,,2017-08-28T16:07:37,TRUE,35
809b00e02b0640f920f2ae9729439351,MP/2024/0432159,ARTI & VINEET MEHROTRA WELFARE FOUNDATION,Section 8 Company,U85300MP2022NPL061419,BHOPAL,Madhya Pradesh,BHOPAL,"417, 2C SAKET NAGAR, Bhopal, BHOPAL, Madhya Pradesh, India, 462024",462024,"Art & Culture, Education & Literacy, Rural Development & Poverty Alleviation, Sports",,,,2024-07-15T11:44:35,TRUE,36
00780970eb0641fb08d1226ef5a71e29,MP/2026/1016519,1008 BHAGWAN VASU PUJYA DIGAMBAR JAIN SEWA SAMITI,Society,01/01/01/29780/15,BHOPAL,Madhya Pradesh,Huzur,27 SOUTH CITY ENCLAVE EX PHASE 2 EXTENSION BABADIYAKALA TESHIL HUZUR DISTRICT BHOPAL MP 462039,462039,"Health & Family Welfare, Religious",,,,2026-03-03T22:12:39,FALSE,37
e0030510080640aa7b257f62a4036e43,MP/2025/0756463,1008 NAIMINATH DIGAMBER JAIN TRUST,Trust,0001 B/113,SAGAR,Madhya Pradesh,Sagar,259 bada bazar,470002,"Environment & Forests, Health & Family Welfare, Religious",,,,2025-08-02T12:51:31,FALSE,38
f01f0e90810e40fe2124dd9aa50f59f7,MP/2024/0437670,24 CARAT WELFARE SOCIETY,Society,03/27/01/25305/23,INDORE,Madhya Pradesh,Indore,29/30 AIRPORT ROAD PARIHAR COLONY INDORE ( M.P.) 452001,452001,,,,,2024-08-03T11:33:53,TRUE,39
e0d20120040d40f901d1454893c83cd6,MP/2017/0160378,3 STAR GOLTECK RURAL DEVELOPMENT AND WOMENWS WALFARE SOCIETY,Society,04/14/01/09111/06,JABALPUR,Madhya Pradesh,JABALPUR,H.NO. 2535 H TYPE COLONY MEDICAL COLLEGE JABALPUR (M.P.),482001,"Art & Culture, Children, Drinking Water, Education & Literacy",,,,2017-08-28T16:07:37,TRUE,40
809b00e02b0640f920f2ae9729439351,MP/2024/0432159,ARTI & VINEET MEHROTRA WELFARE FOUNDATION,Section 8 Company,U85300MP2022NPL061419,BHOPAL,Madhya Pradesh,BHOPAL,"417, 2C SAKET NAGAR, Bhopal, BHOPAL, Madhya Pradesh, India, 462024",462024,"Art & Culture, Education & Literacy, Rural Development & Poverty Alleviation, Sports",,,,2024-07-15T11:44:35,TRUE,41
00780970eb0641fb08d1226ef5a71e29,MP/2026/1016519,1008 BHAGWAN VASU PUJYA DIGAMBAR JAIN SEWA SAMITI,Society,01/01/01/29780/15,BHOPAL,Madhya Pradesh,Huzur,27 SOUTH CITY ENCLAVE EX PHASE 2 EXTENSION BABADIYAKALA TESHIL HUZUR DISTRICT BHOPAL MP 462039,462039,"Health & Family Welfare, Religious",,,,2026-03-03T22:12:39,FALSE,42
e0030510080640aa7b257f62a4036e43,MP/2025/0756463,1008 NAIMINATH DIGAMBER JAIN TRUST,Trust,0001 B/113,SAGAR,Madhya Pradesh,Sagar,259 bada bazar,470002,"Environment & Forests, Health & Family Welfare, Religious",,,,2025-08-02T12:51:31,FALSE,43
f01f0e90810e40fe2124dd9aa50f59f7,MP/2024/0437670,24 CARAT WELFARE SOCIETY,Society,03/27/01/25305/23,INDORE,Madhya Pradesh,Indore,29/30 AIRPORT ROAD PARIHAR COLONY INDORE ( M.P.) 452001,452001,,,,,2024-08-03T11:33:53,TRUE,44
e0d20120040d40f901d1454893c83cd6,MP/2017/0160378,3 STAR GOLTECK RURAL DEVELOPMENT AND WOMENWS WALFARE SOCIETY,Society,04/14/01/09111/06,JABALPUR,Madhya Pradesh,JABALPUR,H.NO. 2535 H TYPE COLONY MEDICAL COLLEGE JABALPUR (M.P.),482001,"Art & Culture, Children, Drinking Water, Education & Literacy",,,,2017-08-28T16:07:37,TRUE,45
809b00e02b0640f920f2ae9729439351,MP/2024/0432159,ARTI & VINEET MEHROTRA WELFARE FOUNDATION,Section 8 Company,U85300MP2022NPL061419,BHOPAL,Madhya Pradesh,BHOPAL,"417, 2C SAKET NAGAR, Bhopal, BHOPAL, Madhya Pradesh, India, 462024",462024,"Art & Culture, Education & Literacy, Rural Development & Poverty Alleviation, Sports",,,,2024-07-15T11:44:35,TRUE,46
00780970eb0641fb08d1226ef5a71e29,MP/2026/1016519,1008 BHAGWAN VASU PUJYA DIGAMBAR JAIN SEWA SAMITI,Society,01/01/01/29780/15,BHOPAL,Madhya Pradesh,Huzur,27 SOUTH CITY ENCLAVE EX PHASE 2 EXTENSION BABADIYAKALA TESHIL HUZUR DISTRICT BHOPAL MP 462039,462039,"Health & Family Welfare, Religious",,,,2026-03-03T22:12:39,FALSE,47
e0030510080640aa7b257f62a4036e43,MP/2025/0756463,1008 NAIMINATH DIGAMBER JAIN TRUST,Trust,0001 B/113,SAGAR,Madhya Pradesh,Sagar,259 bada bazar,470002,"Environment & Forests, Health & Family Welfare, Religious",,,,2025-08-02T12:51:31,FALSE,48
f01f0e90810e40fe2124dd9aa50f59f7,MP/2024/0437670,24 CARAT WELFARE SOCIETY,Society,03/27/01/25305/23,INDORE,Madhya Pradesh,Indore,29/30 AIRPORT ROAD PARIHAR COLONY INDORE ( M.P.) 452001,452001,,,,,2024-08-03T11:33:53,TRUE,49
e0d20120040d40f901d1454893c83cd6,MP/2017/0160378,3 STAR GOLTECK RURAL DEVELOPMENT AND WOMENWS WALFARE SOCIETY,Society,04/14/01/09111/06,JABALPUR,Madhya Pradesh,JABALPUR,H.NO. 2535 H TYPE COLONY MEDICAL COLLEGE JABALPUR (M.P.),482001,"Art & Culture, Children, Drinking Water, Education & Literacy",,,,2017-08-28T16:07:37,TRUE,50
809b00e02b0640f920f2ae9729439351,MP/2024/0432159,ARTI & VINEET MEHROTRA WELFARE FOUNDATION,Section 8 Company,U85300MP2022NPL061419,BHOPAL,Madhya Pradesh,BHOPAL,"417, 2C SAKET NAGAR, Bhopal, BHOPAL, Madhya Pradesh, India, 462024",462024,"Art & Culture, Education & Literacy, Rural Development & Poverty Alleviation, Sports",,,,2024-07-15T11:44:35,TRUE,51
00780970eb0641fb08d1226ef5a71e29,MP/2026/1016519,1008 BHAGWAN VASU PUJYA DIGAMBAR JAIN SEWA SAMITI,Society,01/01/01/29780/15,BHOPAL,Madhya Pradesh,Huzur,27 SOUTH CITY ENCLAVE EX PHASE 2 EXTENSION BABADIYAKALA TESHIL HUZUR DISTRICT BHOPAL MP 462039,462039,"Health & Family Welfare, Religious",,,,2026-03-03T22:12:39,FALSE,52
e0030510080640aa7b257f62a4036e43,MP/2025/0756463,1008 NAIMINATH DIGAMBER JAIN TRUST,Trust,0001 B/113,SAGAR,Madhya Pradesh,Sagar,259 bada bazar,470002,"Environment & Forests, Health & Family Welfare, Religious",,,,2025-08-02T12:51:31,FALSE,53
f01f0e90810e40fe2124dd9aa50f59f7,MP/2024/0437670,24 CARAT WELFARE SOCIETY,Society,03/27/01/25305/23,INDORE,Madhya Pradesh,Indore,29/30 AIRPORT ROAD PARIHAR COLONY INDORE ( M.P.) 452001,452001,,,,,2024-08-03T11:33:53,TRUE,54
e0d20120040d40f901d1454893c83cd6,MP/2017/0160378,3 STAR GOLTECK RURAL DEVELOPMENT AND WOMENWS WALFARE SOCIETY,Society,04/14/01/09111/06,JABALPUR,Madhya Pradesh,JABALPUR,H.NO. 2535 H TYPE COLONY MEDICAL COLLEGE JABALPUR (M.P.),482001,"Art & Culture, Children, Drinking Water, Education & Literacy",,,,2017-08-28T16:07:37,TRUE,55
809b00e02b0640f920f2ae9729439351,MP/2024/0432159,ARTI & VINEET MEHROTRA WELFARE FOUNDATION,Section 8 Company,U85300MP2022NPL061419,BHOPAL,Madhya Pradesh,BHOPAL,"417, 2C SAKET NAGAR, Bhopal, BHOPAL, Madhya Pradesh, India, 462024",462024,"Art & Culture, Education & Literacy, Rural Development & Poverty Alleviation, Sports",,,,2024-07-15T11:44:35,TRUE,56
00780970eb0641fb08d1226ef5a71e29,MP/2026/1016519,1008 BHAGWAN VASU PUJYA DIGAMBAR JAIN SEWA SAMITI,Society,01/01/01/29780/15,BHOPAL,Madhya Pradesh,Huzur,27 SOUTH CITY ENCLAVE EX PHASE 2 EXTENSION BABADIYAKALA TESHIL HUZUR DISTRICT BHOPAL MP 462039,462039,"Health & Family Welfare, Religious",,,,2026-03-03T22:12:39,FALSE,57
e0030510080640aa7b257f62a4036e43,MP/2025/0756463,1008 NAIMINATH DIGAMBER JAIN TRUST,Trust,0001 B/113,SAGAR,Madhya Pradesh,Sagar,259 bada bazar,470002,"Environment & Forests, Health & Family Welfare, Religious",,,,2025-08-02T12:51:31,FALSE,58
f01f0e90810e40fe2124dd9aa50f59f7,MP/2024/0437670,24 CARAT WELFARE SOCIETY,Society,03/27/01/25305/23,INDORE,Madhya Pradesh,Indore,29/30 AIRPORT ROAD PARIHAR COLONY INDORE ( M.P.) 452001,452001,,,,,2024-08-03T11:33:53,TRUE,59
e0d20120040d40f901d1454893c83cd6,MP/2017/0160378,3 STAR GOLTECK RURAL DEVELOPMENT AND WOMENWS WALFARE SOCIETY,Society,04/14/01/09111/06,JABALPUR,Madhya Pradesh,JABALPUR,H.NO. 2535 H TYPE COLONY MEDICAL COLLEGE JABALPUR (M.P.),482001,"Art & Culture, Children, Drinking Water, Education & Literacy",,,,2017-08-28T16:07:37,TRUE,60
809b00e02b0640f920f2ae9729439351,MP/2024/0432159,ARTI & VINEET MEHROTRA WELFARE FOUNDATION,Section 8 Company,U85300MP2022NPL061419,BHOPAL,Madhya Pradesh,BHOPAL,"417, 2C SAKET NAGAR, Bhopal, BHOPAL, Madhya Pradesh, India, 462024",462024,"Art & Culture, Education & Literacy, Rural Development & Poverty Alleviation, Sports",,,,2024-07-15T11:44:35,TRUE,61
00780970eb0641fb08d1226ef5a71e29,MP/2026/1016519,1008 BHAGWAN VASU PUJYA DIGAMBAR JAIN SEWA SAMITI,Society,01/01/01/29780/15,BHOPAL,Madhya Pradesh,Huzur,27 SOUTH CITY ENCLAVE EX PHASE 2 EXTENSION BABADIYAKALA TESHIL HUZUR DISTRICT BHOPAL MP 462039,462039,"Health & Family Welfare, Religious",,,,2026-03-03T22:12:39,FALSE,62
e0030510080640aa7b257f62a4036e43,MP/2025/0756463,1008 NAIMINATH DIGAMBER JAIN TRUST,Trust,0001 B/113,SAGAR,Madhya Pradesh,Sagar,259 bada bazar,470002,"Environment & Forests, Health & Family Welfare, Religious",,,,2025-08-02T12:51:31,FALSE,63
f01f0e90810e40fe2124dd9aa50f59f7,MP/2024/0437670,24 CARAT WELFARE SOCIETY,Society,03/27/01/25305/23,INDORE,Madhya Pradesh,Indore,29/30 AIRPORT ROAD PARIHAR COLONY INDORE ( M.P.) 452001,452001,,,,,2024-08-03T11:33:53,TRUE,64
e0d20120040d40f901d1454893c83cd6,MP/2017/0160378,3 STAR GOLTECK RURAL DEVELOPMENT AND WOMENWS WALFARE SOCIETY,Society,04/14/01/09111/06,JABALPUR,Madhya Pradesh,JABALPUR,H.NO. 2535 H TYPE COLONY MEDICAL COLLEGE JABALPUR (M.P.),482001,"Art & Culture, Children, Drinking Water, Education & Literacy",,,,2017-08-28T16:07:37,TRUE,65
809b00e02b0640f920f2ae9729439351,MP/2024/0432159,ARTI & VINEET MEHROTRA WELFARE FOUNDATION,Section 8 Company,U85300MP2022NPL061419,BHOPAL,Madhya Pradesh,BHOPAL,"417, 2C SAKET NAGAR, Bhopal, BHOPAL, Madhya Pradesh, India, 462024",462024,"Art & Culture, Education & Literacy, Rural Development & Poverty Alleviation, Sports",,,,2024-07-15T11:44:35,TRUE,66
00780970eb0641fb08d1226ef5a71e29,MP/2026/1016519,1008 BHAGWAN VASU PUJYA DIGAMBAR JAIN SEWA SAMITI,Society,01/01/01/29780/15,BHOPAL,Madhya Pradesh,Huzur,27 SOUTH CITY ENCLAVE EX PHASE 2 EXTENSION BABADIYAKALA TESHIL HUZUR DISTRICT BHOPAL MP 462039,462039,"Health & Family Welfare, Religious",,,,2026-03-03T22:12:39,FALSE,67
e0030510080640aa7b257f62a4036e43,MP/2025/0756463,1008 NAIMINATH DIGAMBER JAIN TRUST,Trust,0001 B/113,SAGAR,Madhya Pradesh,Sagar,259 bada bazar,470002,"Environment & Forests, Health & Family Welfare, Religious",,,,2025-08-02T12:51:31,FALSE,68
f01f0e90810e40fe2124dd9aa50f59f7,MP/2024/0437670,24 CARAT WELFARE SOCIETY,Society,03/27/01/25305/23,INDORE,Madhya Pradesh,Indore,29/30 AIRPORT ROAD PARIHAR COLONY INDORE ( M.P.) 452001,452001,,,,,2024-08-03T11:33:53,TRUE,69
e0d20120040d40f901d1454893c83cd6,MP/2017/0160378,3 STAR GOLTECK RURAL DEVELOPMENT AND WOMENWS WALFARE SOCIETY,Society,04/14/01/09111/06,JABALPUR,Madhya Pradesh,JABALPUR,H.NO. 2535 H TYPE COLONY MEDICAL COLLEGE JABALPUR (M.P.),482001,"Art & Culture, Children, Drinking Water, Education & Literacy",,,,2017-08-28T16:07:37,TRUE,70
809b00e02b0640f920f2ae9729439351,MP/2024/0432159,ARTI & VINEET MEHROTRA WELFARE FOUNDATION,Section 8 Company,U85300MP2022NPL061419,BHOPAL,Madhya Pradesh,BHOPAL,"417, 2C SAKET NAGAR, Bhopal, BHOPAL, Madhya Pradesh, India, 462024",462024,"Art & Culture, Education & Literacy, Rural Development & Poverty Alleviation, Sports",,,,2024-07-15T11:44:35,TRUE,71
00780970eb0641fb08d1226ef5a71e29,MP/2026/1016519,1008 BHAGWAN VASU PUJYA DIGAMBAR JAIN SEWA SAMITI,Society,01/01/01/29780/15,BHOPAL,Madhya Pradesh,Huzur,27 SOUTH CITY ENCLAVE EX PHASE 2 EXTENSION BABADIYAKALA TESHIL HUZUR DISTRICT BHOPAL MP 462039,462039,"Health & Family Welfare, Religious",,,,2026-03-03T22:12:39,FALSE,72
e0030510080640aa7b257f62a4036e43,MP/2025/0756463,1008 NAIMINATH DIGAMBER JAIN TRUST,Trust,0001 B/113,SAGAR,Madhya Pradesh,Sagar,259 bada bazar,470002,"Environment & Forests, Health & Family Welfare, Religious",,,,2025-08-02T12:51:31,FALSE,73
f01f0e90810e40fe2124dd9aa50f59f7,MP/2024/0437670,24 CARAT WELFARE SOCIETY,Society,03/27/01/25305/23,INDORE,Madhya Pradesh,Indore,29/30 AIRPORT ROAD PARIHAR COLONY INDORE ( M.P.) 452001,452001,,,,,2024-08-03T11:33:53,TRUE,74
e0d20120040d40f901d1454893c83cd6,MP/2017/0160378,3 STAR GOLTECK RURAL DEVELOPMENT AND WOMENWS WALFARE SOCIETY,Society,04/14/01/09111/06,JABALPUR,Madhya Pradesh,JABALPUR,H.NO. 2535 H TYPE COLONY MEDICAL COLLEGE JABALPUR (M.P.),482001,"Art & Culture, Children, Drinking Water, Education & Literacy",,,,2017-08-28T16:07:37,TRUE,75
809b00e02b0640f920f2ae9729439351,MP/2024/0432159,ARTI & VINEET MEHROTRA WELFARE FOUNDATION,Section 8 Company,U85300MP2022NPL061419,BHOPAL,Madhya Pradesh,BHOPAL,"417, 2C SAKET NAGAR, Bhopal, BHOPAL, Madhya Pradesh, India, 462024",462024,"Art & Culture, Education & Literacy, Rural Development & Poverty Alleviation, Sports",,,,2024-07-15T11:44:35,TRUE,76
00780970eb0641fb08d1226ef5a71e29,MP/2026/1016519,1008 BHAGWAN VASU PUJYA DIGAMBAR JAIN SEWA SAMITI,Society,01/01/01/29780/15,BHOPAL,Madhya Pradesh,Huzur,27 SOUTH CITY ENCLAVE EX PHASE 2 EXTENSION BABADIYAKALA TESHIL HUZUR DISTRICT BHOPAL MP 462039,462039,"Health & Family Welfare, Religious",,,,2026-03-03T22:12:39,FALSE,77
e0030510080640aa7b257f62a4036e43,MP/2025/0756463,1008 NAIMINATH DIGAMBER JAIN TRUST,Trust,0001 B/113,SAGAR,Madhya Pradesh,Sagar,259 bada bazar,470002,"Environment & Forests, Health & Family Welfare, Religious",,,,2025-08-02T12:51:31,FALSE,78
f01f0e90810e40fe2124dd9aa50f59f7,MP/2024/0437670,24 CARAT WELFARE SOCIETY,Society,03/27/01/25305/23,INDORE,Madhya Pradesh,Indore,29/30 AIRPORT ROAD PARIHAR COLONY INDORE ( M.P.) 452001,452001,,,,,2024-08-03T11:33:53,TRUE,79
e0d20120040d40f901d1454893c83cd6,MP/2017/0160378,3 STAR GOLTECK RURAL DEVELOPMENT AND WOMENWS WALFARE SOCIETY,Society,04/14/01/09111/06,JABALPUR,Madhya Pradesh,JABALPUR,H.NO. 2535 H TYPE COLONY MEDICAL COLLEGE JABALPUR (M.P.),482001,"Art & Culture, Children, Drinking Water, Education & Literacy",,,,2017-08-28T16:07:37,TRUE,80
809b00e02b0640f920f2ae9729439351,MP/2024/0432159,ARTI & VINEET MEHROTRA WELFARE FOUNDATION,Section 8 Company,U85300MP2022NPL061419,BHOPAL,Madhya Pradesh,BHOPAL,"417, 2C SAKET NAGAR, Bhopal, BHOPAL, Madhya Pradesh, India, 462024",462024,"Art & Culture, Education & Literacy, Rural Development & Poverty Alleviation, Sports",,,,2024-07-15T11:44:35,TRUE,81
00780970eb0641fb08d1226ef5a71e29,MP/2026/1016519,1008 BHAGWAN VASU PUJYA DIGAMBAR JAIN SEWA SAMITI,Society,01/01/01/29780/15,BHOPAL,Madhya Pradesh,Huzur,27 SOUTH CITY ENCLAVE EX PHASE 2 EXTENSION BABADIYAKALA TESHIL HUZUR DISTRICT BHOPAL MP 462039,462039,"Health & Family Welfare, Religious",,,,2026-03-03T22:12:39,FALSE,82
e0030510080640aa7b257f62a4036e43,MP/2025/0756463,1008 NAIMINATH DIGAMBER JAIN TRUST,Trust,0001 B/113,SAGAR,Madhya Pradesh,Sagar,259 bada bazar,470002,"Environment & Forests, Health & Family Welfare, Religious",,,,2025-08-02T12:51:31,FALSE,83
f01f0e90810e40fe2124dd9aa50f59f7,MP/2024/0437670,24 CARAT WELFARE SOCIETY,Society,03/27/01/25305/23,INDORE,Madhya Pradesh,Indore,29/30 AIRPORT ROAD PARIHAR COLONY INDORE ( M.P.) 452001,452001,,,,,2024-08-03T11:33:53,TRUE,84
e0d20120040d40f901d1454893c83cd6,MP/2017/0160378,3 STAR GOLTECK RURAL DEVELOPMENT AND WOMENWS WALFARE SOCIETY,Society,04/14/01/09111/06,JABALPUR,Madhya Pradesh,JABALPUR,H.NO. 2535 H TYPE COLONY MEDICAL COLLEGE JABALPUR (M.P.),482001,"Art & Culture, Children, Drinking Water, Education & Literacy",,,,2017-08-28T16:07:37,TRUE,85
809b00e02b0640f920f2ae9729439351,MP/2024/0432159,ARTI & VINEET MEHROTRA WELFARE FOUNDATION,Section 8 Company,U85300MP2022NPL061419,BHOPAL,Madhya Pradesh,BHOPAL,"417, 2C SAKET NAGAR, Bhopal, BHOPAL, Madhya Pradesh, India, 462024",462024,"Art & Culture, Education & Literacy, Rural Development & Poverty Alleviation, Sports",,,,2024-07-15T11:44:35,TRUE,86
00780970eb0641fb08d1226ef5a71e29,MP/2026/1016519,1008 BHAGWAN VASU PUJYA DIGAMBAR JAIN SEWA SAMITI,Society,01/01/01/29780/15,BHOPAL,Madhya Pradesh,Huzur,27 SOUTH CITY ENCLAVE EX PHASE 2 EXTENSION BABADIYAKALA TESHIL HUZUR DISTRICT BHOPAL MP 462039,462039,"Health & Family Welfare, Religious",,,,2026-03-03T22:12:39,FALSE,87
e0030510080640aa7b257f62a4036e43,MP/2025/0756463,1008 NAIMINATH DIGAMBER JAIN TRUST,Trust,0001 B/113,SAGAR,Madhya Pradesh,Sagar,259 bada bazar,470002,"Environment & Forests, Health & Family Welfare, Religious",,,,2025-08-02T12:51:31,FALSE,88
f01f0e90810e40fe2124dd9aa50f59f7,MP/2024/0437670,24 CARAT WELFARE SOCIETY,Society,03/27/01/25305/23,INDORE,Madhya Pradesh,Indore,29/30 AIRPORT ROAD PARIHAR COLONY INDORE ( M.P.) 452001,452001,,,,,2024-08-03T11:33:53,TRUE,89
e0d20120040d40f901d1454893c83cd6,MP/2017/0160378,3 STAR GOLTECK RURAL DEVELOPMENT AND WOMENWS WALFARE SOCIETY,Society,04/14/01/09111/06,JABALPUR,Madhya Pradesh,JABALPUR,H.NO. 2535 H TYPE COLONY MEDICAL COLLEGE JABALPUR (M.P.),482001,"Art & Culture, Children, Drinking Water, Education & Literacy",,,,2017-08-28T16:07:37,TRUE,90
809b00e02b0640f920f2ae9729439351,MP/2024/0432159,ARTI & VINEET MEHROTRA WELFARE FOUNDATION,Section 8 Company,U85300MP2022NPL061419,BHOPAL,Madhya Pradesh,BHOPAL,"417, 2C SAKET NAGAR, Bhopal, BHOPAL, Madhya Pradesh, India, 462024",462024,"Art & Culture, Education & Literacy, Rural Development & Poverty Alleviation, Sports",,,,2024-07-15T11:44:35,TRUE,91
00780970eb0641fb08d1226ef5a71e29,MP/2026/1016519,1008 BHAGWAN VASU PUJYA DIGAMBAR JAIN SEWA SAMITI,Society,01/01/01/29780/15,BHOPAL,Madhya Pradesh,Huzur,27 SOUTH CITY ENCLAVE EX PHASE 2 EXTENSION BABADIYAKALA TESHIL HUZUR DISTRICT BHOPAL MP 462039,462039,"Health & Family Welfare, Religious",,,,2026-03-03T22:12:39,FALSE,92
e0030510080640aa7b257f62a4036e43,MP/2025/0756463,1008 NAIMINATH DIGAMBER JAIN TRUST,Trust,0001 B/113,SAGAR,Madhya Pradesh,Sagar,259 bada bazar,470002,"Environment & Forests, Health & Family Welfare, Religious",,,,2025-08-02T12:51:31,FALSE,93
f01f0e90810e40fe2124dd9aa50f59f7,MP/2024/0437670,24 CARAT WELFARE SOCIETY,Society,03/27/01/25305/23,INDORE,Madhya Pradesh,Indore,29/30 AIRPORT ROAD PARIHAR COLONY INDORE ( M.P.) 452001,452001,,,,,2024-08-03T11:33:53,TRUE,94
e0d20120040d40f901d1454893c83cd6,MP/2017/0160378,3 STAR GOLTECK RURAL DEVELOPMENT AND WOMENWS WALFARE SOCIETY,Society,04/14/01/09111/06,JABALPUR,Madhya Pradesh,JABALPUR,H.NO. 2535 H TYPE COLONY MEDICAL COLLEGE JABALPUR (M.P.),482001,"Art & Culture, Children, Drinking Water, Education & Literacy",,,,2017-08-28T16:07:37,TRUE,95
809b00e02b0640f920f2ae9729439351,MP/2024/0432159,ARTI & VINEET MEHROTRA WELFARE FOUNDATION,Section 8 Company,U85300MP2022NPL061419,BHOPAL,Madhya Pradesh,BHOPAL,"417, 2C SAKET NAGAR, Bhopal, BHOPAL, Madhya Pradesh, India, 462024",462024,"Art & Culture, Education & Literacy, Rural Development & Poverty Alleviation, Sports",,,,2024-07-15T11:44:35,TRUE,96
00780970eb0641fb08d1226ef5a71e29,MP/2026/1016519,1008 BHAGWAN VASU PUJYA DIGAMBAR JAIN SEWA SAMITI,Society,01/01/01/29780/15,BHOPAL,Madhya Pradesh,Huzur,27 SOUTH CITY ENCLAVE EX PHASE 2 EXTENSION BABADIYAKALA TESHIL HUZUR DISTRICT BHOPAL MP 462039,462039,"Health & Family Welfare, Religious",,,,2026-03-03T22:12:39,FALSE,97
e0030510080640aa7b257f62a4036e43,MP/2025/0756463,1008 NAIMINATH DIGAMBER JAIN TRUST,Trust,0001 B/113,SAGAR,Madhya Pradesh,Sagar,259 bada bazar,470002,"Environment & Forests, Health & Family Welfare, Religious",,,,2025-08-02T12:51:31,FALSE,98
f01f0e90810e40fe2124dd9aa50f59f7,MP/2024/0437670,24 CARAT WELFARE SOCIETY,Society,03/27/01/25305/23,INDORE,Madhya Pradesh,Indore,29/30 AIRPORT ROAD PARIHAR COLONY INDORE ( M.P.) 452001,452001,,,,,2024-08-03T11:33:53,TRUE,99
e0d20120040d40f901d1454893c83cd6,MP/2017/0160378,3 STAR GOLTECK RURAL DEVELOPMENT AND WOMENWS WALFARE SOCIETY,Society,04/14/01/09111/06,JABALPUR,Madhya Pradesh,JABALPUR,H.NO. 2535 H TYPE COLONY MEDICAL COLLEGE JABALPUR (M.P.),482001,"Art & Culture, Children, Drinking Water, Education & Literacy",,,,2017-08-28T16:07:37,TRUE,100
702d0b30aa07407487c1261b74df4d45,GA/2025/0811445,"A SHETYEGROUP-ARTISTIC, SPORTS AND EDUCATIONAL BOARD",Society,73/Goa/2025,NORTH GOA,Goa,Pernem,"House Number 724, NR SALESHWAR TEMPLE, CORGAO, PETHECHAWADA",401532,"Art & Culture, Children, Education & Literacy, Skill Development, Sports, Vocational Training, Youth Affairs",social_welfare,,,2025-09-10T17:03:18,FALSE,
b0d20b305b0a40b89b36332dc5161457,GA/2026/0962517,Aaghaz - Rising of youth,Society,114/GOA/2015,SOUTH GOA,Goa,Mormugao,H.no 305 DEVASHRI DARSHAN MANGOR HILL VASCO GOA,403802,"Art & Culture, Children, Education & Literacy, Religious, Sports, Tourism, Youth Affairs",social_welfare,,,2026-01-28T18:15:01,FALSE,
209002b06c0e40503a23a43962c79bc3,GA/2025/0536397,AAKRUTI FOUNDATION,Trust,MOR-BK4-00017-2014,SOUTH GOA,Goa,Vasco da gama,"H.No. 17I/CL 143, &quot;YOGESHWAR DHAM&quot;, Near Saibaba Temple, New Vaddem, Vasco da gama, Mormugao, Goa 403802.",403802,Art & Culture,other,,,2025-03-03T11:15:41,TRUE,
f0a206c0100a402a82b37098d1a28de9,GA/2025/0839189,Aamcho Pangad Sports and Cultural Club Khodyem,Society,116/Goa/2025,NORTH GOA,Goa,Satari,House No 13 Khodyem Pissurlem Sattari,403530,"Art & Culture, Sports, Women's Development & Empowerment",social_welfare,,,2025-10-13T13:04:56,FALSE,
00470820d00940602ca55614e90e2f71,GA/2024/0462075,AARAMBH,Society,2/GOA/2022,NORTH GOA,Goa,TALEIGAO,"C301, SPRING FIELD APARTMENT, POSREM BHAT NEAR BANK OF INDIA TALEIGAO",403002,,other,,,2024-11-21T15:41:15,TRUE,
40bc00707700409c04f61d30f5405633,GA/2018/0191520,AASTHA,Society,1030/Goa/2010,NORTH GOA,Goa,Mapusa,"Nr. Urban Health Centre, Ghateshwarnagar, Khorlim, Mapusa.",403507,"Differently Abled, Education & Literacy, Vocational Training",social_welfare,,,2018-04-11T12:59:28,TRUE,
b0320f308d04407b2771c14e38aa5620,GA/2023/0377758,ABHAAR WORKER WELFARE FOUNDATION,Section 8 Company,U85300GA2021NPL014966,NORTH GOA,Goa,Aldona,"Abhaar Worker Welfare Foundation, 561/S4, Lobo Arcade Complex, Bardez, Aldona-403508, Goa",403508,Labour & Employment,other,,,2024-12-05T13:44:57,TRUE,
40da08309b0e40d13183be6af4dd5723,GA/2025/0541831,ABHAY THEATER ACADEMY GOA,Trust,70/Goa/2022,NORTH GOA,Goa,Sanquelim,"C/o Shivanand Khedekar,
H.No.1167, Khedekar Kunj
Vasant Nagar,
",403505,Art & Culture,other,,,2025-03-06T12:55:10,TRUE,
701e0870bd0940d90341fd8f53d81481,GA/2017/0116078,ABHIVYAKTEE,Society,172/Goa/2001,NORTH GOA,Goa,Panaji,"AbhivyakteePanaji
C/o Sandip Deshpande
A/3 Kamdhenu
Dr D.V.Road
PanajiGOA 403001",403001,Art & Culture,other,,,,TRUE,
e09f0700c70a40a814a5d366b9f91301,GA/2023/0348381,ABLETREE FOUNDATION,Section 8 Company,U80101GA2019NPL013915,NORTH GOA,Goa,Aldona,"788, The Owl House, Santarxette, Aldona, North Goa, 403508",403508,"Differently Abled, Skill Development, Vocational Training",other,,,2023-07-13T16:29:49,TRUE,
00f50120e00f40051747872d453993c8,GA/2023/0364885,ACHAL FOUNDATION GOA,Society,120/Goa/2022,SOUTH GOA,Goa,vasco,"H No 62, Headland Sada, VascoGoa",403802,,other,,,2023-10-19T15:23:41,TRUE,
b0100df04f0e40ca9695e01f75012513,GA/2026/0951523,ADAGE CARE FOUNDATION,Trust,MGO-4-24-2019,SOUTH GOA,Goa,Salcete,"L-26-B, Phase II,
Verna Industrial Estate,
Verna, Salcete Goa.",403722,"Art & Culture, Children, Differently Abled, Drinking Water, Education & Literacy, Sports, Vocational Training",social_welfare,,,2026-01-08T16:08:00,FALSE,
a0150b60610a40c30182f24bf9f067f0,GA/2017/0164088,ADARSH KRISHI KHAREDI VIKRI PRAKRIYA SAHAKARI SAUNSTHA MARYADIT,Society,5/486/1993/ARS2/MKT,SOUTH GOA,Goa,CANCOLIM BALI,KARWAR MAIN ROAD BALI CuncoliGOA SOUTH-,403703,"Agriculture, Food Processing, Rural Development & Poverty Alleviation",other,,,2017-10-17T15:04:52,TRUE,
d05f0340dd09401a2f51798d08542fc0,GA/2024/0403668,ADARSH SEVA FOUNDATION,Trust,PON-4-29-2023,SOUTH GOA,Goa,PONDA,"Mahalaxmi Residency, Shop No. 2, Yeshwantnagar, Ponda Goa",403401,,other,,,2024-04-18T13:36:44,TRUE,
70360f20610740010d937d2da97b1626,GA/2017/0175380,Adarsh Vidya prasarak mandal,Society,Dec-64,SOUTH GOA,Goa,SHIRODA,"C/O SMT KAMLABAI HEDE HIGH SCHOOL.
SHIRODA-PONDA-GOA",403103,Education & Literacy,social_welfare,,,2017-12-16T07:45:48,TRUE,
e08100a0920040f950a8ca1261227564,GA/2025/0581174,ADARSH VIDYALAYA EDUCATIONAL SOCIETY,Society,63/76,NORTH GOA,Goa,Bardez,Nerul Bardez Goa,403114,Education & Literacy,social_welfare,15.5073528,73.7871003,2025-03-28T15:59:41,FALSE,
500b09a00f0040231b75594e22972734,GA/2022/0331760,ADARSH YUVA SANGH GAONDONGRI KOTIGAO,Society,94/Goa/2002,SOUTH GOA,Goa,Goa,"GaondongrimKotigao, Canacona,",403702,,other,,,2022-12-07T12:45:59,TRUE,
404c0360070340c49ce9bb7a74e55785,GA/2026/0997455,ADHIVAKTA PARISHAD GOA,Society,32/GOA/2025,NORTH GOA,Goa,Bardez,"H NO 78/2/2 , GUIRIM",403507,"Civic Issues, Human Rights, Legal Awareness & Aid, Skill Development",social_welfare,,,2026-02-20T10:50:51,FALSE,
90b807d0b30c40f58f842d1e29bc4b63,GA/2025/0841943,Adopt Pals,Trust,PON-4-35-2023,SOUTH GOA,Goa,Ponda,"ADOPT PALS, F9, Krishna Kamal 1, Near hotel Uma, Dhavali, Ponda, Goa",403401,Animal Welfare,other,,,2025-10-04T14:19:52,FALSE,
50bc02c03607418c0e420d5b46c24dc1,GA/2026/1025641,ADV BABUSO SAVLO GAONKAR FOUNDATION TRUST,Trust,PON-4-12-2024,SOUTH GOA,Goa,Ponda,H NO 312 WADI TALAULIM PONDA,403401,"Aged/Elderly, Agriculture, Animal Husbandry,  Dairying & Fisheries, Animal Welfare, Art & Culture, Children, Disaster Management, Education & Literacy, Environment & Forests, Health & Family Welfare, Legal Awareness & Aid, Religious, Skill Development, Sports, Tourism, Tribal Affairs, Vocational Training, Women's Development & Empowerment, Youth Affairs",health,,,2026-03-17T10:48:34,FALSE,
e0a70ff0480b40086d44963c09977f05,GA/2025/0643975,Adv Mario De Loyola Furtado Memorial Association Chinchinim,Society,175/GOA/2019,SOUTH GOA,Goa,Salcete,"Dandeawaddo, Chinchinim",403715,"Children, Differently Abled, Education & Literacy",social_welfare,,,2025-06-06T17:44:36,FALSE,
e0860b408608403e7de0134037b44177,GA/2025/0704747,Adventure Breaks,Society,249/GOA/2019,NORTH GOA,Goa,Bardez,"House Number 1787 M 12 13 Journalist Coop Housing Society
Penha de Franca
Alto Porvorim",403521,"Sports, Youth Affairs",other,,,2025-07-15T20:33:44,FALSE,
30b80a608a0c40281db7458f751c2842,GA/2023/0339631,ADVENTZ FOUNDATION,Society,488/Goa/2011,SOUTH GOA,Goa,MORMUGAO,"JAI KISAAN BHAWAN, ZUARINAGAR",403726,"Agriculture, Education & Literacy, Rural Development & Poverty Alleviation, Skill Development, Women's Development & Empowerment",social_welfare,,,2023-03-10T12:03:50,TRUE,
709a0c204603406e19f0047046081bb3,GA/2020/0270685,Aggressive Goans,Society,54/GOA/2019,SOUTH GOA,Goa,PONDA,"Kapileshwari, Ponda Goa",403401,"Agriculture, Art & Culture, Education & Literacy, Environment & Forests, Human Rights, Labour & Employment, Legal Awareness & Aid, New & Renewable Energy, Panchayati Raj, Prisoner's Issues, Right to Information & Advocacy, Rural Development & Poverty Alleviation, Skill Development, Women's Development & Empowerment",environment,,,2021-06-22T15:28:48,TRUE,
b0720b801f0e40ea18983d6f170818a1,GA/2023/0369138,AGNEL INSTITUTE OF TECHNOLOGY AND DESIGN ALUMNI ASSOCIATION,Society,104/Goa/2023,NORTH GOA,Goa,Assagao,Agnel Technical Educational ComplexAssagao Bardez northAssagao,403507,,other,,,2023-11-21T15:14:01,TRUE,
f08502a0430040548d52979bb63e05a1,GA/2025/0829601,AGONDA ANIMAL CARE FOUNDATION,Section 8 Company,U88900GA2025NPL017333,SOUTH GOA,Goa,Canacona,"House No SY No 119/6, Ground Floor Dessaiwada, Agonda",403702,"Animal Welfare, Education & Literacy, Environment & Forests",environment,,,2025-09-23T18:24:15,FALSE,
904205a0b70840636447bb4997ed06f3,GA/2025/0674703,Agonda Hanuman saunstha,Society,56/Goa/2025,SOUTH GOA,Goa,Canacona,H no 584 j karashirmol agonda canacona goa,403702,"Art & Culture, Civic Issues, Education & Literacy, Information & Communication Technology, Religious, Youth Affairs",social_welfare,,,2025-07-23T17:27:21,FALSE,
c0be0c80e000407b9876608184f81559,GA/2026/0968419,AGRICOS ALUMNI ASSOCIATION,Society,240/GOA/2021,NORTH GOA,Goa,Tiswadi,"H.No.98, Malbhat, Goa-Velha, North - Goa, 403108",403108,"Agriculture, Environment & Forests",environment,,,2026-01-22T15:09:28,FALSE,
205206807207402237a0bc82002e0747,GA/2025/0504979,AHILYABAI RAMANI PRATISHTAN,Trust,CPAAZVKJC1,NORTH GOA,Goa,ponda,"c/o Mr. Vinayak S naik
94, Shreebhakti
Rathamal, kapileshwari
Kavlem, Ponda Goa 403401",403401,,other,,,2025-01-29T08:07:56,TRUE,
701400e0a10940d39978cb6c44c425b1,GA/2026/0986421,AHLUWALIA CHARITABLE TRUST,Trust,9632,NORTH GOA,Goa,Bicholim,"A3 AMAR APARTMENTS,AIRPORT ROAD,CHICALIM,MORMUGOA,GOA",403711,"Aged/Elderly, Agriculture, Children, Differently Abled, Education & Literacy, Health & Family Welfare, Human Rights, Skill Development, Vocational Training",health,,,2026-02-06T20:16:16,FALSE,
10a909f05b05400c1a43f24057958d24,GA/2022/0303862,AIC-GIM Foundation,Trust,U93090GA2018NPL013511,NORTH GOA,Goa,Sanquelim,c/o Goa Institute of Management PORIEM SATTARI North Goa GA 403000 IN,403505,,other,,,2022-02-09T12:35:18,TRUE,
205b0ed0590540461fb01981e51a9518,GA/2020/0254541,Akhil Gomantak Maratha Rajak Samaj,Society,41/Goa/89,NORTH GOA,Goa,Porvorim,"Sant Gadge Maharaj Sabhagraha, Gadge baba chowk, Pundalik Nagar, Alto Porvorim, Bardez Goa",403521,"Aged/Elderly, Women's Development & Empowerment, Youth Affairs",elderly_care,,,2021-03-04T13:31:58,TRUE,
105d0610260440d599b38e32571e8509,GA/2025/0933789,Akhil gomantak shri siddharudh sampraday pratisthan dhade sanvordem goa,Trust,1157,SOUTH GOA,Goa,Sanguem,Dhadem Sanvordem Goa,403706,Religious,other,,,2025-12-23T12:05:46,FALSE,
90fc0ee0b10e40631ee0513b14513737,GA/2020/0269450,AKHIL VISHWA JAI SHRIRAM GOSANVARDHAN KENDRA VALPOI,Trust,"1 Of Book No.IV, Vol I ",NORTH GOA,Goa,Valpoi,"H,NO:-61/1,Betkikarwada,Nanus ValpoiTaluka- Sattari, District-North, State-Goa",403506,"Animal Husbandry,  Dairying & Fisheries",other,,,2021-01-18T16:13:46,TRUE,
c09106709f02409a92c47c37e0c96061,GA/2025/0943061,AKHILANANDA CHARITABLE FOUNDATION,Section 8 Company,U88100GA2025NPL017027,NORTH GOA,Goa,Pernem,H NO 261 2 Deulwada Corgao,403524,"Aged/Elderly, Animal Welfare, Art & Culture, Skill Development, Sports, Tourism, Vocational Training, Youth Affairs",elderly_care,,,2025-12-31T13:44:54,FALSE,
30dc0fc06d08402176e76617662306e1,GA/2025/0771601,AKILAM EDUCATIONAL TRUST,Trust,BRZ-4-16-2025,NORTH GOA,Goa,Bardez,"871, Naikawaddo, Aldona, Goa, 403508",403508,"Art & Culture, Children, Education & Literacy, Youth Affairs",social_welfare,,,2025-08-15T13:13:18,FALSE,
e04d07e0cf0540598a35cd0893f13185,GA/2025/0850335,AL AMAAN SOCIAL WALFARE TRUST,Trust,SGM-4-1-2022,SOUTH GOA,Goa,Sanguem,SANGUEM GOA,403704,"Aged/Elderly, Children, Differently Abled, Food Processing, Health & Family Welfare",health,,,2025-10-23T20:01:23,FALSE,
f0030ee00a01401e9a19df14f30697f3,GA/2026/0991393,AL JAMATUL AHLE SUNNAT NOORANI MASJID,Society,50/GOA/90,SOUTH GOA,Goa,Mormugao,"NEW VADDEM, VASCO DA GAMA ,GOA",403802,"Art & Culture, Religious",other,,,2026-02-12T17:09:33,FALSE,
209e0380d008405b27a4467178386215,GA/2024/0396277,AL MUSTAQEEM,Society,184/Goa/2000,NORTH GOA,Goa,Panaji,"Mumtaz Manzil E/12, Bhatlem Panjim Goa",403001,"Education & Literacy, Skill Development",social_welfare,,,2024-03-12T13:14:41,TRUE,
70c30c00b90d406a20990e3810d46db9,GA/2025/0497681,AL-AMEEN JAMATUL MUSLIMEEN WELFARE TRUST,Trust,PNJ-BK4-00014-2017,NORTH GOA,Goa,PANJIM,"FF-3, SHAH GREEN AVENUE, MOLLOCA, MERCES, PANJIM, GOA 403005.",403005,Education & Literacy,social_welfare,,,2025-01-27T09:49:23,TRUE,
a0f10c30f50940c80076483416e17170,GA/2018/0191668,Al-Falah Educational Society,Society,24/Goa/94,SOUTH GOA,Goa,FATORDA,Crescent School Chandrawada Fatorda Margao Goa,403602,Education & Literacy,social_welfare,,,2018-04-05T09:48:51,TRUE,
b05a0f20370940ca90976e35b98957c1,GA/2026/0973951,AL-MADINA WELFARE GROUP,Society,22/GOA/2023,SOUTH GOA,Goa,Ponda,"H. NO. 1959, TISKO-VALLEY, TISK USGAO",403406,"Civic Issues, Health & Family Welfare",health,,,2026-02-18T10:58:10,FALSE,
c0d80cb0d80b407963464533d60017c7,GA/2025/0663617,ALDONA ARTS FOUNDATION,Section 8 Company,U90000GA2025NPL017314,NORTH GOA,Goa,Tiswadi,"C-13/156, 1ST FLOOR, NR LUIS GOMES GARDEN, CAMPAL, PANAJI",403001,"Art & Culture, Education & Literacy",social_welfare,,,2025-06-02T15:40:20,FALSE,
c04401a0a70740a232103599d62e25e0,GA/2025/0506526,ALETHEIA MINISTRIES,Trust,2024-MGO-1459,SOUTH GOA,Goa,VERNA,"FLAT NO A2, MARIA RESIDENCY, MUNGRUPOI, VERNA, GOA",403722,,other,,,2025-02-04T19:42:07,TRUE,
f0800690d50a40ed33a3095aa73377b5,GA/2025/0540364,ALL GOA INTERNET SERVICE PROVIDERS ASSOCIATION,Society,23/Goa/2025,NORTH GOA,Goa,Mapusa,"H.No. 506/1 Carrasco Vaddo,
Mapusa Parra Road,
Parra, Bardez, Goa, 403510",403510,,other,,,2025-03-05T15:21:05,TRUE,
f0fa0670dc07403329221c2739ee2ed1,GA/2024/0388608,ALL GOA POULTRY SHOPKEEPERS ASSOCIATION,Society,162/Goa/2023,SOUTH GOA,Goa,Navelim,"H No 463/6/GF55 Shop No 5
Royal Classic Bldg
Navelim Salcete South Goa Goa
403707",403707,,other,,,2024-02-13T17:16:14,TRUE,
30600ba0010040cb5f183e0d011e1580,GA/2025/0580110,All Goa Tax Practioners Association,Society,103/GOA/92,SOUTH GOA,Goa,Salcete,R N Narvekar and Associates Corriea Pride Above KFC Next to Dist headquarters Margao Goa,403601,"Legal Awareness & Aid, Skill Development",other,15.289,73.954,2025-03-28T11:02:56,FALSE,
70c50340070640318978c93c10c42811,GA/2025/0883021,ALL INDIA CATHOLIC UNION,Society,AAATA9960DE20211,NORTH GOA,Goa,Tiswadi,"604 A, 6TH FLOOR DEMPO TRADE CENTRE, EDC COMPLEX, PATTO PLAZA, PANAJI, GOA- 403001",403001,"Education & Literacy, Minority Issues",social_welfare,,,2025-11-14T12:43:27,FALSE,
40010d60810240b084673d90e8249d71,GA/2025/0879891,ALL INDIA CATHOLIC UNION BENEVOLENCE FOUNDATION,Trust,AADTA5706CE20211,NORTH GOA,Goa,Tiswadi,"6th FLOOR, DEMPO TRADE CENTRE BUILDING, EDC COMPLEX, PATTO PLAZA, PANAJI GOA- 403001",403001,"Education & Literacy, Minority Issues",social_welfare,,,2025-11-13T11:18:32,FALSE,
201b0a20c90b40140660ec64354134b2,GA/2013/0056368,All India Womens Conference,Society,19/78,NORTH GOA,Goa,Panaji,"All India Womens Conference (Goa Branch), Institute Menezes Braganza, Panaji - Goa 403001",403001,"Aged/Elderly, Art & Culture, Children, Civic Issues, Differently Abled, Food Processing, Health & Family Welfare, Housing, Human Rights, Legal Awareness & Aid, Micro Small & Medium Enterprises, Minority Issues, Nutrition, Vocational Training, Women's Development & Empowerment",health,,,,TRUE,
50d10ac0240a406429e5c66670624627,GA/2024/0439373,ALLAN SILVEIRA CHARITABLE FOUNDATION,Trust,PNJ-4-9-2024,NORTH GOA,Goa,AGASSAIM,"HNO 702/4, MALWARA AGASSAIM, NORTH GOA 403204",403204,"Education & Literacy, Health & Family Welfare, Rural Development & Poverty Alleviation",health,,,2024-08-12T18:21:30,TRUE,
f0ab0a209d0340711d63dc0bd7267688,GA/2021/0292068,alpha angels animal trust,Trust,1663,NORTH GOA,Goa,Mapusa,"House no: 175/1/V/Villa Jasmine plaza, Moria, Bardez North Goa, Mapusa, 403508",403508,,other,,,2021-10-28T19:59:06,TRUE,
704103a0be0940b30100489ca19b7105,GA/2009/0018468,Amar Bharati Gram Vikas Sanstha,Society,96/Goa/2003,NORTH GOA,Goa,Bicholim,"Amar Bharati Gram Vikas Sanstha,
Regd. Off. Anandi Rajput Niwas, Near Rotary House, Vasudev Nagar(Jogiwada),Bicholim,Goa
Pin- 403529.Admn Off. H.No. 56 Laxmi Nagar, Hydershahkote, Hyderabad-500091
H.O. Plot No.3/1, H.No. 4-165 Suvarna Garden City, Saireddiguda road,
Gundal Village, Chevella Mandal ,Rangareddy Distt. Telangana- 501503",403529,"Aged/Elderly, Agriculture, Animal Husbandry,  Dairying & Fisheries, Art & Culture, Children, Civic Issues, Dalit Upliftment, Differently Abled, Disaster Management, Drinking Water, Education & Literacy, Environment & Forests, Food Processing, Health & Family Welfare, HIV/AIDS, Human Rights, Information & Communication Technology, Labour & Employment, Legal Awareness & Aid, Minority Issues, Panchayati Raj, Right to Information & Advocacy, Rural Development & Poverty Alleviation, Science & Technology, Scientific & Industrial Research",health,,,,TRUE,
40f90aa0ca0940172345e41251f58036,GA/2024/0438089,AMATEUR GOA PICKLEBALL ASSOCIATION,Society,11/GOA/2024,NORTH GOA,Goa,PANJIM,"6B/FO-2, Models Legacy, Taleigao, Panjim",403002,,other,,,2024-08-02T17:13:18,TRUE,
60ae08f0b00a40c45de7f344c9415a27,GA/2025/0574957,AMAZING GRACE GLOBAL MINISTRIES,Trust,2.024E+11,NORTH GOA,Goa,Bardez,Lordson Roch H.NO 215/71 Opp Nandanvan Appt II Bellavista Waddo Sangolda Bardez,403511,"Art & Culture, Civic Issues, Education & Literacy, Health & Family Welfare, Minority Issues, Skill Development, Sports, Tourism, Urban Development & Poverty Alleviation, Vocational Training, Youth Affairs",health,15.5466616,73.8145346,2025-03-23T18:03:29,FALSE,
203e07503b0141e50fa1088d86844443,GA/2026/1018643,Ami Goenche Rakhandar,Society,23/Goa/2026,NORTH GOA,Goa,Tiswadi,"H. No. 231,
Molem Bhat, Curca,
Tiswadi, Goa",403108,"Civic Issues, Environment & Forests, Panchayati Raj, Tribal Affairs, Youth Affairs",environment,,,2026-03-07T13:24:29,FALSE,
308500307c0740a67079679f568d7847,GA/2025/0799677,anacleto francis xavier lobo memorial educational foundation,Trust,392/01/2020,NORTH GOA,Goa,Bardez,HOUSE NO 8/133 BAIRO ALTO VADDO ARRARIM SALIGAO,403511,Education & Literacy,social_welfare,,,2025-09-09T14:14:43,FALSE,
203d0c00600f409e3923a72c542182a9,GA/2025/0534769,ANAIRA BENEFICIARY TRUST,Trust,MGO-BK4-00030-2016,SOUTH GOA,Goa,MARGAO,ANAND BHAVAN OLD STATION ROAD MARGAO SALCETE SOUTH GOA,403601,,other,,,2025-03-01T10:27:41,TRUE,
d03d0520210b41550475791366f98d55,GA/2026/1051685,ANAND CHARITABLE TRUST,Trust,MGO-4-4-2026,SOUTH GOA,Goa,Salcete,H.No. 767 Aquem Baixo Cotta,403707,Environment & Forests,environment,,,2026-04-06T17:06:50,FALSE,
c05d0010bf0340b93c33193c67d88b90,GA/2025/0537145,ANANDI CHARITABLE TRUST,Trust,80G/CIT-P/2000-01/A-2,SOUTH GOA,Goa,VASCO DA GAMA,"JOSHI BUILDING,
F.L GOMES ROAD,
VASCO DA GAMA
GOA 403802",403802,,other,,,2025-03-04T16:33:57,TRUE,
700201709202409329818a02e6e91a27,GA/2024/0384709,ANANDTOWERS CO OP HOUSING SOCIETY,Society,HSG-(b)-720/South Goa/2009,SOUTH GOA,Goa,CHICALIM,"AIRPORT ROAD, CHICALIM",403711,,other,,,2024-03-28T11:42:12,TRUE,
60dd06e0ae09409a1be62f2fc46c0464,GA/2022/0319100,ANANT LAXMI EDUCATIONAL AND CHARITABLE TRUST,Trust,BOOK NO:4 DOCS REGISTRATION NO,NORTH GOA,Goa,PERNEM,"724 PETHECHAWADA CORGAON PERNEM GOA, 403512",403512,"Aged/Elderly, Agriculture, Animal Husbandry,  Dairying & Fisheries, Art & Culture, Biotechnology, Children, Civic Issues, Dalit Upliftment, Differently Abled, Disaster Management, Drinking Water, Education & Literacy, Environment & Forests, Food Processing, Health & Family Welfare, HIV/AIDS, Housing, Human Rights, Information & Communication Technology, Labour & Employment, Land Resources, Legal Awareness & Aid, Micro Finance (SHGs), Micro Small & Medium Enterprises, Minority Issues, New & Renewable Energy, Nutrition, Panchayati Raj, Prisoner's Issues, Right to Information & Advocacy, Rural Development & Poverty Alleviation, Science & Technology, Skill Development, Sports, Tribal Affairs, Urban Development & Poverty Alleviation, Vocational Training, Water Resources, Women's Development & Empowerment, Youth Affairs",health,,,2022-07-15T15:13:15,TRUE,
60460580c40b40af3541c468813b97b4,GA/2025/0514102,ANANTAM WELFARE ASSOCIATION,Society,267/GOA/2021,NORTH GOA,Goa,PANAJI,"H NO. 302, ANANTAM, ODXEL, VP TALEIGAO, PO GOA UNIVERSITY, TISWADI, NORTH GOA, GOA 403002",403002,"Civic Issues, Housing",social_welfare,,,2025-02-08T14:18:14,TRUE,
00a409401601406c96e68a5db41d3265,GA/2026/0965435,ANIMAL RESCUE CENTRE CHARITABLE FOUNDATION,Section 8 Company,U88900GA2026NPL017812,SOUTH GOA,Goa,Canacona,C/o Samir Naik Chapal Dam Canacona,403702,Animal Welfare,other,,,2026-01-20T12:04:09,FALSE,
802b0ca0390440021fe8e309895484f2,GA/2023/0356703,ANIMAL RESCUE FOUNDATION AND REHABILIATION CENTER TRUST,Trust,BCH-4-4-2023,NORTH GOA,Goa,SANQUELIM,"H NO 2587, DINKAR NAGAR HARVALEM SANQUELIM GOA 403505",403505,Environment & Forests,environment,,,2023-09-18T16:36:18,TRUE,
c0c80d20980e408409b3e51e93a02bf2,GA/2017/0165959,ANINHA EDUCATIONAL TRUST,Trust,15,SOUTH GOA,Goa,QUEPEM,"H.NO:459
PADRI BHATT
AVEDEM
QUEPEM 403705
SOUTH GOA
",403730,Education & Literacy,social_welfare,,,2021-06-23T21:27:32,TRUE,
c0690d30f50b400b0859cd0120828199,GA/2019/0228983,ANJUMAN ISLAHUL MUSLAMEEN,Society,569/1976,SOUTH GOA,Goa,MARGAO,JAMIYA MASJID BUILDING MALBHAT MARGAO GOA,403601,Education & Literacy,social_welfare,,,2019-03-15T08:50:42,TRUE,
b0860e10230840d01735223d95a51f59,GA/2022/0316311,Antrorse Foundation,Section 8 Company,U80903GA2022NPL015307,NORTH GOA,Goa,PORVORIM,"HOUSE NO. 223/24, FF1,COELHO WADA PENHA,
BARDEZ, NORTH GOA,
GOA 403521",403521,"Aged/Elderly, Agriculture, Animal Husbandry,  Dairying & Fisheries, Art & Culture, Biotechnology, Children, Civic Issues, Dalit Upliftment, Differently Abled, Disaster Management, Drinking Water, Education & Literacy, Environment & Forests, Food Processing, Health & Family Welfare, HIV/AIDS, Housing, Human Rights, Information & Communication Technology, Labour & Employment, Land Resources, Legal Awareness & Aid, Micro Finance (SHGs), Micro Small & Medium Enterprises, Minority Issues, New & Renewable Energy, Nutrition, Panchayati Raj, Prisoner's Issues, Right to Information & Advocacy, Rural Development & Poverty Alleviation, Science & Technology, Scientific & Industrial Research, Skill Development, Sports, Tourism, Tribal Affairs, Urban Development & Poverty Alleviation, Vocational Training, Water Resources, Women's Development & Empowerment, Youth Affairs",health,,,2022-06-01T17:02:07,TRUE,
d09b0780430e401d3123d903d4fd95d6,GA/2025/0532366,APOSTOLIC CARMEL EDUCATIONAL SOCIETY OF GOA,Society,33/GOA/1965,SOUTH GOA,Goa,MARGAO,"CARMEL CONVENT NUVEM SALCETE GOA
403713",403713,Education & Literacy,social_welfare,,,2025-02-24T08:30:01,TRUE,
40da0ba0e90c40602b47868928005432,GA/2024/0455791,AQUA ARENA,Society,152/GOA/2024,SOUTH GOA,Goa,FATORDA,CD COUNTRYSIDE SILVERMIST F 07 MURIDA FATORDA MARGAO SOUTH GOA GOA 403602,403602,"Education & Literacy, Sports",social_welfare,,,2024-10-09T18:32:33,TRUE,
10b90e20dc0f40f96ab60a0ac4693597,GA/2017/0161112,Aquamarina Research Foundation,Trust,162/GOA/2017,NORTH GOA,Goa,Bambolim,"222, Neelgiri,Bambolim, Goa- 403 005.",403005,,other,,,,TRUE,
104a0cb0f300409a8425a98128105001,GA/2025/0858851,Aradhana Gramin Vachanalaya And Samaj Seva Sanghatana,Society,191/Goa/2015,SOUTH GOA,Goa,Sanguem,oppo to village panchayat ground malkarnem quepem goa post sanguem,403704,"Art & Culture, Education & Literacy, Information & Communication Technology, Right to Information & Advocacy, Science & Technology, Skill Development",social_welfare,,,2025-10-23T15:17:36,FALSE,
200906e0c205407318e5326994bf18b1,GA/2022/0317297,Arannya Environment Research Organisation,Society,206/GOA/2018,NORTH GOA,Goa,Sanquelim,"C/O Mayur M Gawas,
House No.7, Near Morlem Panchayat",403505,"Civic Issues, Education & Literacy, Environment & Forests, Land Resources, Scientific & Industrial Research, Water Resources, Youth Affairs",environment,,,2022-08-08T18:44:36,TRUE,
303f0040200640d80712717560797855,GA/2017/0173496,ARCHDIOCESE OF GOA AND DAMAN DIOCESAN CATHECATICAL CENTRE,Society,3269/19,NORTH GOA,Goa,OLD GOA,PASTORAL INSTITUTE ST PIUS X OLD GOA,403402,Education & Literacy,social_welfare,,,2021-03-24T16:37:04,TRUE,
20b70780be0541ce0c000653b7e095d9,GA/2026/1005799,ARCHDIOCESE OF GOA AND DAMAN LIGHT HOUSE,Trust,2588/2017,NORTH GOA,Goa,Tiswadi,"ARCHBISHOPS HOUSE, ALTINHO PANAJI GOA",403001,"Agriculture, Education & Literacy, Health & Family Welfare, Religious",health,,,2026-02-23T12:46:15,FALSE,
a01008d0d20a40f96c24d00e69149093,GA/2025/0640993,ARCHIDIOCESE OF GOA AND DAMAN COMMISSAO DA SAGRADA LITURGIA OLD GOA,Trust,AAATA1952BE20212,NORTH GOA,Goa,Tiswadi,"ST PIUS X, PASTORAL INSTITUTE, OLD-GOA, TISWADI, GOA - 403402",403402,"Art & Culture, Education & Literacy",social_welfare,,,2025-05-19T14:58:45,FALSE,
a02000d09c09400659c87381a98762d8,GA/2025/0588968,ARFA SPORTS AND CULTURAL CLUB,Society,46/GOA/2025,SOUTH GOA,Goa,Mormugao,H.NO - 340 MANGOR HILL NEAR GANAPATI TEMPLE VASCO DA GAMA GOA-403802,403802,"Art & Culture, Sports",other,15.3895,73.8268,2025-04-07T15:21:44,FALSE,
90e509005c03405c0ae5446243384b38,GA/2018/0182484,ASA Animal Shelter Agonda,Trust,BRZ-BK4-00009-2015,NORTH GOA,Goa,MAPUSA,"MARBELA GUEST HOUSE, NO. 77, SINQUERIM, CANDOLIM GOA. 403519.",403519,"Animal Husbandry,  Dairying & Fisheries",other,,,2018-02-16T14:37:52,TRUE,
f0c30c50be0040fd0b23c96fa4b96c84,GA/2016/0105017,Asha Mahal Association for Social Health in India Goa State Branch,Society,No.RS/142/76,NORTH GOA,Goa,Taliegao,"Ash a Mahal, Santissmowado, Tiswadi, Taliegao, Goa 40300",,Health & Family Welfare,health,,,,TRUE,
f0790b905406403f9a375b55f97a6663,GA/2026/0975963,ASHIYANA,Trust,7 at pages 311 to 366 Book no IV volume 7,NORTH GOA,Goa,Tiswadi,"Cidade De Goa, Vainguinim Beach, Donapaula, Goa.",403004,"Aged/Elderly, Art & Culture, Children, Education & Literacy, Health & Family Welfare",health,,,2026-01-30T17:41:05,FALSE,
00ca0dc0b50b408a75303500c68b5f45,GA/2025/0700655,ASHRAFIYA FAIZANE MADANI EDUCATIONAL SOCIETY,Society,145/GOA/2024,SOUTH GOA,Goa,Salcete,2ND FLOR OSIYA COMPLAX MARGAO GOA,403601,"Children, Education & Literacy",social_welfare,,,2025-06-29T00:00:37,FALSE,
70f30980730d400f55e83a43e8b06cf5,GA/2025/0584865,ASHWATH NARAYAN TRUST,Trust,ASHWATH NARAYAN TRUST,SOUTH GOA,Goa,Canacona,"Shree Ashwath Narayan Devalay, Mokhard,",403702,"Art & Culture, Religious",other,,,2025-09-23T10:35:18,FALSE,
30f90650d108404c7a946e0942d91d33,GA/2025/0740213,ASSAGAO PALLOTTINE EDUCATION TRUST,Trust,BRZ-4-25-2025,NORTH GOA,Goa,Bardez,"PRADEEPA CASA PALLOTI, ASSAGAO, BARDEZ
ASSAGAO B.O. NORTH GOA 
GOA INDIA-403507",403507,"Children, Education & Literacy",social_welfare,,,2025-07-23T16:10:36,FALSE,
f0b109404d0040bb06c23527463e0a33,GA/2017/0171943,Assagao Pallottine Society,Society,404(RS/32/73),NORTH GOA,Goa,Mapusa,"Casa Pallotti, Assagao, mapusa, Goa
Casa Pallotti",403507,,other,,,2018-01-08T15:19:11,TRUE,
306903b0e80340f12842d66f767384c5,GA/2024/0422192,ASSISTENCIA GOA,Society,335/1971,NORTH GOA,Goa,PANAJI,"M.G. ROAD, NEAR DON BOSCO SCHOOL, TOSWADI, NORTH GOA",403001,Health & Family Welfare,health,,,2025-02-04T12:38:29,TRUE,
30320ac0830a40738965455285a50167,GA/2025/0855507,Associacao Academica De Majorda Utorda Calata,Society,34GOA83,SOUTH GOA,Goa,Salcete,Club Building Majorda,403713,"Art & Culture, Education & Literacy, Skill Development, Sports, Youth Affairs",social_welfare,,,2025-10-16T16:20:51,FALSE,
500b00b0e500404c8876913030fa4f65,GA/2025/0863045,ASSOCIATION FOR THE WELLBEING OF ELDER SPORTS PERSONS AWES,Society,124/Goa/2017,SOUTH GOA,Goa,Salcete,"GF-2, Subash Apartments, Murida, Fatorda - Margao-Goa-403602",403602,"Aged/Elderly, Sports",elderly_care,,,2025-10-27T18:59:02,FALSE,
70490cb0b40c40582b79448cd78f2452,GA/2025/0490216,ASSOCIATION OF CRUSADERS FOR JESUS WITH MARY,Society,26/Goa/2006,SOUTH GOA,Goa,Vasco Da Gama,St Andrews Residency Opp KTC Bus station Mormugao Vasco Da Gama S O SOUTH GOA INDIA,403802,,other,,,2025-02-10T12:41:23,TRUE,
40d801307105407c67b3e23063497687,GA/2025/0633377,ASSOCIATION OF GOA WUSHU,Society,67/GOA/2014,NORTH GOA,Goa,Bardez,"Godwin Hotel, Candolim, Bardez, Goa",403515,Sports,other,15.52328,73.76718,2025-05-21T15:05:00,FALSE,
706d00d00f0d40a387d81a1437993ea1,GA/2025/0881731,Assolna Union Library Salcete,Society,19/Goa/2018,SOUTH GOA,Goa,Salcete,"Govt Primary School Assolna, Near Police outpost Assolna.",403701,"Agriculture, Art & Culture, Children, Education & Literacy, Environment & Forests, Health & Family Welfare",health,,,2025-11-12T13:05:44,FALSE,
a04b01a0d30540566f60a522029d8739,GA/2025/0602289,ASTHRA SPORTS AND CULTURAL SANGH,Society,12/Goa/2025,NORTH GOA,Goa,Tiswadi,"H.No. 466, Goule Bhat, Chimbel, Ribandar, Tiswadi, North Goa.",403006,"Art & Culture, Sports",other,15.4901883,73.8758617,2025-04-24T23:02:15,FALSE,
60650900ad0140e61779321621480cc0,GA/2023/0360101,ATLETICO CLUBE DE SALGAOCAR FOUNDATION,Section 8 Company,U93120GA2023NPL016112,SOUTH GOA,Goa,CHICALIM,"SALGAOCAR CENTRE, E4, MURGAON ESTATE, CHICALIMGOA 403711",403711,,other,,,2023-10-10T16:46:03,TRUE,
904206c04d0e409017003d85929026d3,GA/2021/0285054,ATMA VISHWAS,Society,654/Goa/2007,NORTH GOA,Goa,Pernem,"Gawdewada, Mandrem Pernem Goa",403527,Education & Literacy,social_welfare,,,2024-01-24T10:13:21,TRUE,
90730210f70d40d51976570551276290,GA/2022/0333673,ATMADHARMA CHARITABLE TRUST,Trust,PNJ-BK4-00024-2017,NORTH GOA,Goa,Goa,"Sai Samarth Niwas, 70/01 Chinchwada, Chimbel",403006,"Aged/Elderly, Children, Education & Literacy, Food Processing, Skill Development, Women's Development & Empowerment",elderly_care,,,2022-12-30T10:50:21,TRUE,
e0c604005a0a40c89c310e6e15ac07e9,GA/2025/0916509,ATMIK PARIVAR,Trust,BRZ-BK4-00010-2014,NORTH GOA,Goa,Bardez,"7/18, SPRING VALLEY APPARTMENT,
SOCORRO, PORVORIM",403501,Religious,other,,,2025-12-09T13:05:11,FALSE,
00d00fd0ac00407008d2430f910e81d8,GA/2017/0116820,Auxilium salesian society,Society,60/Goa/85,NORTH GOA,Goa,Panjim,"auxilium convent, caranzalem",403002,Education & Literacy,social_welfare,,,,TRUE,
90df01c0290840fd2d273725641a0390,GA/2024/0453787,AWAZ NIZ GOEMKARANCHO,Society,100/Goa/2020,SOUTH GOA,Goa,Margao,"Sitara Atrium, shop no 117,1st floor,Colomorod Margao Goa 403707",403703,,other,,,2024-10-03T15:05:17,TRUE,
90790c902d0c40d952f5f359f3d80237,GA/2025/0555307,AWE-ANIMAL WELFARE AND ENVIRONMENT,Trust,PON-4-1-2025,SOUTH GOA,Goa,Ponda,"H. NO. 238, PATTANTALI KAVALEM, PONDA GOA 403401",403401,"Animal Welfare, Disaster Management, Environment & Forests",environment,15.404256,73.995575,2025-03-12T18:11:11,FALSE,
40ef0f20440940a01bc51397b6115b11,GA/2022/0311743,AWWA (S.C.A.T.U) HEALTH CARE FOUNDATION,Section 8 Company,U85300GA2021NPL014895,NORTH GOA,Goa,GOA,"OFFICE NO. 815 PATTO PLAZA, GERA IMPERIUM STAR, PANJIM, GOA PANJIM North Goa, PIN- 403001",403001,"Children, Civic Issues, Education & Literacy, Health & Family Welfare, Human Rights, Skill Development, Urban Development & Poverty Alleviation, Youth Affairs",health,,,2022-04-14T18:12:20,TRUE,
30f80400760240232441290ec60d96f6,GA/2023/0376411,AYYAPPA SEVA SAMITHI,Trust,42/GOA/80,SOUTH GOA,Goa,VASCO,"PB NO 131, Shree Ayyappa Temple , Mangor Hill, Vasco Da Gama",403802,Art & Culture,other,,,2023-12-20T11:12:50,TRUE,
GJNGO0001,,SWAMI SHRI MANOHARRANAND MANU SEVA SANGH 1,Trust,,SURAT,Gujarat,SURAT,"Sample Address 1, SURAT, Gujarat",396510,,elderly_care,22.188508,70.045175,,,
GJNGO0002,,NARMADA NAGARI ROTARY WELFARE TRUST 2,Trust,,BHARUCH,Gujarat,Bharuch,"Sample Address 2, BHARUCH, Gujarat",392001,,health,21.705205,71.578638,,,
GJNGO0003,,KAMLAMANI EDUCATION TRUST 3,Trust,,AHMEDABAD,Gujarat,Ahmedabad City,"Sample Address 3, AHMEDABAD, Gujarat",380026,,social_welfare,20.971093,72.064965,,,
GJNGO0004,,1 RUPEE FOR 1 LIFE FOUNDATION 4,Section 8 Company,,AHMEDABAD,Gujarat,Daskroi,"Sample Address 4, AHMEDABAD, Gujarat",382440,,other,20.695906,70.785159,,,
GJNGO0005,,100-NACHIKETA FOUNDATION 5,Trust,,PATAN,Gujarat,PATAN,"Sample Address 5, PATAN, Gujarat",384265,,social_welfare,22.897532,71.524916,,,
GJNGO0006,,AADHAR FOUNDATION 6,Society,,VADODARA,Gujarat,Vadodara,"Sample Address 6, VADODARA, Gujarat",390018,,health,22.321271,71.675182,,,
GJNGO0007,,AADESH FOUNDATION 7,Section 8 Company,,AHMEDABAD,Gujarat,AHMEDABAD,"Sample Address 7, AHMEDABAD, Gujarat",380051,,environment,20.953763,68.867613,,,
GJNGO0008,,A ONE EDUCATION TRUST 8,Trust,,AHMEDABAD,Gujarat,Ahmedabad,"Sample Address 8, AHMEDABAD, Gujarat",382350,,social_welfare,23.40208,70.390945,,,
GJNGO0009,,AADARSH EDUCATION TRUST 9,Trust,,KHEDA,Gujarat,Vaso,"Sample Address 9, KHEDA, Gujarat",387510,,social_welfare,20.69169,71.365546,,,
GJNGO0010,,AABHAR CHARITABLE TRUST 10,Trust,,JUNAGADH,Gujarat,Junagadh City,"Sample Address 10, JUNAGADH, Gujarat",362001,,health,21.372672,70.726982,,,
GJNGO0011,,SWAMI SHRI MANOHARRANAND MANU SEVA SANGH 11,Trust,,SURAT,Gujarat,SURAT,"Sample Address 11, SURAT, Gujarat",396510,,elderly_care,20.587984,69.907023,,,
GJNGO0012,,NARMADA NAGARI ROTARY WELFARE TRUST 12,Trust,,BHARUCH,Gujarat,Bharuch,"Sample Address 12, BHARUCH, Gujarat",392001,,health,21.438693,69.829923,,,
GJNGO0013,,KAMLAMANI EDUCATION TRUST 13,Trust,,AHMEDABAD,Gujarat,Ahmedabad City,"Sample Address 13, AHMEDABAD, Gujarat",380026,,social_welfare,21.472207,70.86881,,,
GJNGO0014,,1 RUPEE FOR 1 LIFE FOUNDATION 14,Section 8 Company,,AHMEDABAD,Gujarat,Daskroi,"Sample Address 14, AHMEDABAD, Gujarat",382440,,other,23.20477,69.394297,,,
GJNGO0015,,100-NACHIKETA FOUNDATION 15,Trust,,PATAN,Gujarat,PATAN,"Sample Address 15, PATAN, Gujarat",384265,,social_welfare,21.1123,68.698333,,,
GJNGO0016,,AADHAR FOUNDATION 16,Society,,VADODARA,Gujarat,Vadodara,"Sample Address 16, VADODARA, Gujarat",390018,,health,20.063984,73.612086,,,
GJNGO0017,,AADESH FOUNDATION 17,Section 8 Company,,AHMEDABAD,Gujarat,AHMEDABAD,"Sample Address 17, AHMEDABAD, Gujarat",380051,,environment,20.241599,68.254193,,,
GJNGO0018,,A ONE EDUCATION TRUST 18,Trust,,AHMEDABAD,Gujarat,Ahmedabad,"Sample Address 18, AHMEDABAD, Gujarat",382350,,social_welfare,22.756352,70.053114,,,
GJNGO0019,,AADARSH EDUCATION TRUST 19,Trust,,KHEDA,Gujarat,Vaso,"Sample Address 19, KHEDA, Gujarat",387510,,social_welfare,24.408646,73.83145,,,
GJNGO0020,,AABHAR CHARITABLE TRUST 20,Trust,,JUNAGADH,Gujarat,Junagadh City,"Sample Address 20, JUNAGADH, Gujarat",362001,,health,22.789247,70.039432,,,
GJNGO0021,,SWAMI SHRI MANOHARRANAND MANU SEVA SANGH 21,Trust,,SURAT,Gujarat,SURAT,"Sample Address 21, SURAT, Gujarat",396510,,elderly_care,20.374906,73.755744,,,
GJNGO0022,,NARMADA NAGARI ROTARY WELFARE TRUST 22,Trust,,BHARUCH,Gujarat,Bharuch,"Sample Address 22, BHARUCH, Gujarat",392001,,health,21.834233,70.698036,,,
GJNGO0023,,KAMLAMANI EDUCATION TRUST 23,Trust,,AHMEDABAD,Gujarat,Ahmedabad City,"Sample Address 23, AHMEDABAD, Gujarat",380026,,social_welfare,21.795009,72.134924,,,
GJNGO0024,,1 RUPEE FOR 1 LIFE FOUNDATION 24,Section 8 Company,,AHMEDABAD,Gujarat,Daskroi,"Sample Address 24, AHMEDABAD, Gujarat",382440,,other,21.158362,69.004783,,,
GJNGO0025,,100-NACHIKETA FOUNDATION 25,Trust,,PATAN,Gujarat,PATAN,"Sample Address 25, PATAN, Gujarat",384265,,social_welfare,23.765398,73.939302,,,
GJNGO0026,,AADHAR FOUNDATION 26,Society,,VADODARA,Gujarat,Vadodara,"Sample Address 26, VADODARA, Gujarat",390018,,health,22.520418,73.030712,,,
GJNGO0027,,AADESH FOUNDATION 27,Section 8 Company,,AHMEDABAD,Gujarat,AHMEDABAD,"Sample Address 27, AHMEDABAD, Gujarat",380051,,environment,20.850505,72.000744,,,
GJNGO0028,,A ONE EDUCATION TRUST 28,Trust,,AHMEDABAD,Gujarat,Ahmedabad,"Sample Address 28, AHMEDABAD, Gujarat",382350,,social_welfare,23.014904,71.2493,,,
GJNGO0029,,AADARSH EDUCATION TRUST 29,Trust,,KHEDA,Gujarat,Vaso,"Sample Address 29, KHEDA, Gujarat",387510,,social_welfare,22.218023,73.319833,,,
GJNGO0030,,AABHAR CHARITABLE TRUST 30,Trust,,JUNAGADH,Gujarat,Junagadh City,"Sample Address 30, JUNAGADH, Gujarat",362001,,health,20.722287,70.516841,,,
GJNGO0031,,SWAMI SHRI MANOHARRANAND MANU SEVA SANGH 31,Trust,,SURAT,Gujarat,SURAT,"Sample Address 31, SURAT, Gujarat",396510,,elderly_care,20.296973,72.669639,,,
GJNGO0032,,NARMADA NAGARI ROTARY WELFARE TRUST 32,Trust,,BHARUCH,Gujarat,Bharuch,"Sample Address 32, BHARUCH, Gujarat",392001,,health,22.856544,68.663863,,,
GJNGO0033,,KAMLAMANI EDUCATION TRUST 33,Trust,,AHMEDABAD,Gujarat,Ahmedabad City,"Sample Address 33, AHMEDABAD, Gujarat",380026,,social_welfare,21.930612,73.912636,,,
GJNGO0034,,1 RUPEE FOR 1 LIFE FOUNDATION 34,Section 8 Company,,AHMEDABAD,Gujarat,Daskroi,"Sample Address 34, AHMEDABAD, Gujarat",382440,,other,24.012397,69.39314,,,
GJNGO0035,,100-NACHIKETA FOUNDATION 35,Trust,,PATAN,Gujarat,PATAN,"Sample Address 35, PATAN, Gujarat",384265,,social_welfare,21.004891,71.772954,,,
GJNGO0036,,AADHAR FOUNDATION 36,Society,,VADODARA,Gujarat,Vadodara,"Sample Address 36, VADODARA, Gujarat",390018,,health,22.966531,71.547965,,,
GJNGO0037,,AADESH FOUNDATION 37,Section 8 Company,,AHMEDABAD,Gujarat,AHMEDABAD,"Sample Address 37, AHMEDABAD, Gujarat",380051,,environment,24.316161,69.732582,,,
GJNGO0038,,A ONE EDUCATION TRUST 38,Trust,,AHMEDABAD,Gujarat,Ahmedabad,"Sample Address 38, AHMEDABAD, Gujarat",382350,,social_welfare,21.183881,71.783451,,,
GJNGO0039,,AADARSH EDUCATION TRUST 39,Trust,,KHEDA,Gujarat,Vaso,"Sample Address 39, KHEDA, Gujarat",387510,,social_welfare,21.858128,68.253153,,,
GJNGO0040,,AABHAR CHARITABLE TRUST 40,Trust,,JUNAGADH,Gujarat,Junagadh City,"Sample Address 40, JUNAGADH, Gujarat",362001,,health,20.872241,73.63587,,,
GJNGO0041,,SWAMI SHRI MANOHARRANAND MANU SEVA SANGH 41,Trust,,SURAT,Gujarat,SURAT,"Sample Address 41, SURAT, Gujarat",396510,,elderly_care,20.849797,70.96702,,,
GJNGO0042,,NARMADA NAGARI ROTARY WELFARE TRUST 42,Trust,,BHARUCH,Gujarat,Bharuch,"Sample Address 42, BHARUCH, Gujarat",392001,,health,20.426928,71.28774,,,
GJNGO0043,,KAMLAMANI EDUCATION TRUST 43,Trust,,AHMEDABAD,Gujarat,Ahmedabad City,"Sample Address 43, AHMEDABAD, Gujarat",380026,,social_welfare,21.660218,71.785762,,,
GJNGO0044,,1 RUPEE FOR 1 LIFE FOUNDATION 44,Section 8 Company,,AHMEDABAD,Gujarat,Daskroi,"Sample Address 44, AHMEDABAD, Gujarat",382440,,other,22.513086,70.694425,,,
GJNGO0045,,100-NACHIKETA FOUNDATION 45,Trust,,PATAN,Gujarat,PATAN,"Sample Address 45, PATAN, Gujarat",384265,,social_welfare,22.593896,72.500477,,,
GJNGO0046,,AADHAR FOUNDATION 46,Society,,VADODARA,Gujarat,Vadodara,"Sample Address 46, VADODARA, Gujarat",390018,,health,23.819057,70.857991,,,
GJNGO0047,,AADESH FOUNDATION 47,Section 8 Company,,AHMEDABAD,Gujarat,AHMEDABAD,"Sample Address 47, AHMEDABAD, Gujarat",380051,,environment,23.189673,69.073612,,,
GJNGO0048,,A ONE EDUCATION TRUST 48,Trust,,AHMEDABAD,Gujarat,Ahmedabad,"Sample Address 48, AHMEDABAD, Gujarat",382350,,social_welfare,21.333174,69.221581,,,
GJNGO0049,,AADARSH EDUCATION TRUST 49,Trust,,KHEDA,Gujarat,Vaso,"Sample Address 49, KHEDA, Gujarat",387510,,social_welfare,23.807844,72.138633,,,
GJNGO0050,,AABHAR CHARITABLE TRUST 50,Trust,,JUNAGADH,Gujarat,Junagadh City,"Sample Address 50, JUNAGADH, Gujarat",362001,,health,22.066928,72.975671,,,
GJNGO0051,,SWAMI SHRI MANOHARRANAND MANU SEVA SANGH 51,Trust,,SURAT,Gujarat,SURAT,"Sample Address 51, SURAT, Gujarat",396510,,elderly_care,21.468646,72.943664,,,
GJNGO0052,,NARMADA NAGARI ROTARY WELFARE TRUST 52,Trust,,BHARUCH,Gujarat,Bharuch,"Sample Address 52, BHARUCH, Gujarat",392001,,health,22.43519,71.346783,,,
GJNGO0053,,KAMLAMANI EDUCATION TRUST 53,Trust,,AHMEDABAD,Gujarat,Ahmedabad City,"Sample Address 53, AHMEDABAD, Gujarat",380026,,social_welfare,21.831711,68.662313,,,
GJNGO0054,,1 RUPEE FOR 1 LIFE FOUNDATION 54,Section 8 Company,,AHMEDABAD,Gujarat,Daskroi,"Sample Address 54, AHMEDABAD, Gujarat",382440,,other,22.237491,73.153982,,,
GJNGO0055,,100-NACHIKETA FOUNDATION 55,Trust,,PATAN,Gujarat,PATAN,"Sample Address 55, PATAN, Gujarat",384265,,social_welfare,23.066697,71.816851,,,
GJNGO0056,,AADHAR FOUNDATION 56,Society,,VADODARA,Gujarat,Vadodara,"Sample Address 56, VADODARA, Gujarat",390018,,health,23.655766,71.867667,,,
GJNGO0057,,AADESH FOUNDATION 57,Section 8 Company,,AHMEDABAD,Gujarat,AHMEDABAD,"Sample Address 57, AHMEDABAD, Gujarat",380051,,environment,23.274102,71.251764,,,
GJNGO0058,,A ONE EDUCATION TRUST 58,Trust,,AHMEDABAD,Gujarat,Ahmedabad,"Sample Address 58, AHMEDABAD, Gujarat",382350,,social_welfare,21.69794,73.74706,,,
GJNGO0059,,AADARSH EDUCATION TRUST 59,Trust,,KHEDA,Gujarat,Vaso,"Sample Address 59, KHEDA, Gujarat",387510,,social_welfare,23.958284,69.010803,,,
GJNGO0060,,AABHAR CHARITABLE TRUST 60,Trust,,JUNAGADH,Gujarat,Junagadh City,"Sample Address 60, JUNAGADH, Gujarat",362001,,health,24.246458,71.228366,,,
GJNGO0061,,SWAMI SHRI MANOHARRANAND MANU SEVA SANGH 61,Trust,,SURAT,Gujarat,SURAT,"Sample Address 61, SURAT, Gujarat",396510,,elderly_care,21.244116,71.783499,,,
GJNGO0062,,NARMADA NAGARI ROTARY WELFARE TRUST 62,Trust,,BHARUCH,Gujarat,Bharuch,"Sample Address 62, BHARUCH, Gujarat",392001,,health,22.080086,73.13844,,,
GJNGO0063,,KAMLAMANI EDUCATION TRUST 63,Trust,,AHMEDABAD,Gujarat,Ahmedabad City,"Sample Address 63, AHMEDABAD, Gujarat",380026,,social_welfare,23.939204,69.313059,,,
GJNGO0064,,1 RUPEE FOR 1 LIFE FOUNDATION 64,Section 8 Company,,AHMEDABAD,Gujarat,Daskroi,"Sample Address 64, AHMEDABAD, Gujarat",382440,,other,22.995055,69.203804,,,
GJNGO0065,,100-NACHIKETA FOUNDATION 65,Trust,,PATAN,Gujarat,PATAN,"Sample Address 65, PATAN, Gujarat",384265,,social_welfare,20.544988,68.858561,,,
GJNGO0066,,AADHAR FOUNDATION 66,Society,,VADODARA,Gujarat,Vadodara,"Sample Address 66, VADODARA, Gujarat",390018,,health,22.79928,68.835241,,,
GJNGO0067,,AADESH FOUNDATION 67,Section 8 Company,,AHMEDABAD,Gujarat,AHMEDABAD,"Sample Address 67, AHMEDABAD, Gujarat",380051,,environment,22.269108,68.450131,,,
GJNGO0068,,A ONE EDUCATION TRUST 68,Trust,,AHMEDABAD,Gujarat,Ahmedabad,"Sample Address 68, AHMEDABAD, Gujarat",382350,,social_welfare,21.743602,68.16439,,,
GJNGO0069,,AADARSH EDUCATION TRUST 69,Trust,,KHEDA,Gujarat,Vaso,"Sample Address 69, KHEDA, Gujarat",387510,,social_welfare,23.155509,73.670194,,,
GJNGO0070,,AABHAR CHARITABLE TRUST 70,Trust,,JUNAGADH,Gujarat,Junagadh City,"Sample Address 70, JUNAGADH, Gujarat",362001,,health,20.328357,70.435849,,,
GJNGO0071,,SWAMI SHRI MANOHARRANAND MANU SEVA SANGH 71,Trust,,SURAT,Gujarat,SURAT,"Sample Address 71, SURAT, Gujarat",396510,,elderly_care,22.558133,71.560133,,,
GJNGO0072,,NARMADA NAGARI ROTARY WELFARE TRUST 72,Trust,,BHARUCH,Gujarat,Bharuch,"Sample Address 72, BHARUCH, Gujarat",392001,,health,24.346949,71.429924,,,
GJNGO0073,,KAMLAMANI EDUCATION TRUST 73,Trust,,AHMEDABAD,Gujarat,Ahmedabad City,"Sample Address 73, AHMEDABAD, Gujarat",380026,,social_welfare,24.417,71.012319,,,
GJNGO0074,,1 RUPEE FOR 1 LIFE FOUNDATION 74,Section 8 Company,,AHMEDABAD,Gujarat,Daskroi,"Sample Address 74, AHMEDABAD, Gujarat",382440,,other,22.618244,73.211345,,,
GJNGO0075,,100-NACHIKETA FOUNDATION 75,Trust,,PATAN,Gujarat,PATAN,"Sample Address 75, PATAN, Gujarat",384265,,social_welfare,20.286454,68.415722,,,
GJNGO0076,,AADHAR FOUNDATION 76,Society,,VADODARA,Gujarat,Vadodara,"Sample Address 76, VADODARA, Gujarat",390018,,health,21.848112,73.864134,,,
GJNGO0077,,AADESH FOUNDATION 77,Section 8 Company,,AHMEDABAD,Gujarat,AHMEDABAD,"Sample Address 77, AHMEDABAD, Gujarat",380051,,environment,20.125732,68.922924,,,
GJNGO0078,,A ONE EDUCATION TRUST 78,Trust,,AHMEDABAD,Gujarat,Ahmedabad,"Sample Address 78, AHMEDABAD, Gujarat",382350,,social_welfare,22.499167,69.123299,,,
GJNGO0079,,AADARSH EDUCATION TRUST 79,Trust,,KHEDA,Gujarat,Vaso,"Sample Address 79, KHEDA, Gujarat",387510,,social_welfare,22.262754,69.69165,,,
GJNGO0080,,AABHAR CHARITABLE TRUST 80,Trust,,JUNAGADH,Gujarat,Junagadh City,"Sample Address 80, JUNAGADH, Gujarat",362001,,health,20.358302,69.514997,,,
GJNGO0081,,SWAMI SHRI MANOHARRANAND MANU SEVA SANGH 81,Trust,,SURAT,Gujarat,SURAT,"Sample Address 81, SURAT, Gujarat",396510,,elderly_care,22.93955,73.738474,,,
GJNGO0082,,NARMADA NAGARI ROTARY WELFARE TRUST 82,Trust,,BHARUCH,Gujarat,Bharuch,"Sample Address 82, BHARUCH, Gujarat",392001,,health,23.695101,73.495305,,,
GJNGO0083,,KAMLAMANI EDUCATION TRUST 83,Trust,,AHMEDABAD,Gujarat,Ahmedabad City,"Sample Address 83, AHMEDABAD, Gujarat",380026,,social_welfare,24.274529,73.163223,,,
GJNGO0084,,1 RUPEE FOR 1 LIFE FOUNDATION 84,Section 8 Company,,AHMEDABAD,Gujarat,Daskroi,"Sample Address 84, AHMEDABAD, Gujarat",382440,,other,24.348363,72.840366,,,
GJNGO0085,,100-NACHIKETA FOUNDATION 85,Trust,,PATAN,Gujarat,PATAN,"Sample Address 85, PATAN, Gujarat",384265,,social_welfare,20.93372,69.514583,,,
GJNGO0086,,AADHAR FOUNDATION 86,Society,,VADODARA,Gujarat,Vadodara,"Sample Address 86, VADODARA, Gujarat",390018,,health,23.082256,69.547012,,,
GJNGO0087,,AADESH FOUNDATION 87,Section 8 Company,,AHMEDABAD,Gujarat,AHMEDABAD,"Sample Address 87, AHMEDABAD, Gujarat",380051,,environment,20.866046,69.826698,,,
GJNGO0088,,A ONE EDUCATION TRUST 88,Trust,,AHMEDABAD,Gujarat,Ahmedabad,"Sample Address 88, AHMEDABAD, Gujarat",382350,,social_welfare,23.281715,71.952055,,,
GJNGO0089,,AADARSH EDUCATION TRUST 89,Trust,,KHEDA,Gujarat,Vaso,"Sample Address 89, KHEDA, Gujarat",387510,,social_welfare,21.886539,72.607604,,,
GJNGO0090,,AABHAR CHARITABLE TRUST 90,Trust,,JUNAGADH,Gujarat,Junagadh City,"Sample Address 90, JUNAGADH, Gujarat",362001,,health,23.445521,73.705905,,,
GJNGO0091,,SWAMI SHRI MANOHARRANAND MANU SEVA SANGH 91,Trust,,SURAT,Gujarat,SURAT,"Sample Address 91, SURAT, Gujarat",396510,,elderly_care,23.816789,69.831419,,,
GJNGO0092,,NARMADA NAGARI ROTARY WELFARE TRUST 92,Trust,,BHARUCH,Gujarat,Bharuch,"Sample Address 92, BHARUCH, Gujarat",392001,,health,21.14533,73.067315,,,
GJNGO0093,,KAMLAMANI EDUCATION TRUST 93,Trust,,AHMEDABAD,Gujarat,Ahmedabad City,"Sample Address 93, AHMEDABAD, Gujarat",380026,,social_welfare,22.472096,70.981631,,,
GJNGO0094,,1 RUPEE FOR 1 LIFE FOUNDATION 94,Section 8 Company,,AHMEDABAD,Gujarat,Daskroi,"Sample Address 94, AHMEDABAD, Gujarat",382440,,other,22.715921,71.910245,,,
GJNGO0095,,100-NACHIKETA FOUNDATION 95,Trust,,PATAN,Gujarat,PATAN,"Sample Address 95, PATAN, Gujarat",384265,,social_welfare,21.556832,71.725977,,,
GJNGO0096,,AADHAR FOUNDATION 96,Society,,VADODARA,Gujarat,Vadodara,"Sample Address 96, VADODARA, Gujarat",390018,,health,20.450986,71.292953,,,
GJNGO0097,,AADESH FOUNDATION 97,Section 8 Company,,AHMEDABAD,Gujarat,AHMEDABAD,"Sample Address 97, AHMEDABAD, Gujarat",380051,,environment,20.456257,69.299756,,,
GJNGO0098,,A ONE EDUCATION TRUST 98,Trust,,AHMEDABAD,Gujarat,Ahmedabad,"Sample Address 98, AHMEDABAD, Gujarat",382350,,social_welfare,22.120373,72.554433,,,
GJNGO0099,,AADARSH EDUCATION TRUST 99,Trust,,KHEDA,Gujarat,Vaso,"Sample Address 99, KHEDA, Gujarat",387510,,social_welfare,24.019975,73.091397,,,
GJNGO0100,,AABHAR CHARITABLE TRUST 100,Trust,,JUNAGADH,Gujarat,Junagadh City,"Sample Address 100, JUNAGADH, Gujarat",362001,,health,22.217435,70.241438,,,
,,PUNJABI SABHA INDRAPRASTHA COLONY FARIDABAD,Society,,FARIDABAD,Haryana,INDIA,322 GROUND FLOOR IP COLONY FARIDABAD HARYANA 121003,121003,"Art & Culture, Children, Education & Literacy",,,,,,1
,,TRILOCHANA EGALITARIANISM FOUNDATION,Section 8 Company,,GURUGRAM,Haryana,GURGAON,"PD-69, PINE DRIVE MALIBU TOWNE, GURGAON 122001,GURGAON,HARYANA",122001,"Animal Welfare, Civic Issues, Education & Literacy",,,,,,2
,,AADHAR THALASEMIA SOCIETY,Society,,HISAR,Haryana,Hisar,HOUSE NO C/32 NEW MODEL TOWN EXTN.HISAR 125001 HARYANA,125001,"Health & Family Welfare, Education & Literacy",,,,,,3
,,AAGAAZ CHARITABLE TRUST,Trust,,ROHTAK,Haryana,Rohtak,PLOT NO 139 SHOP NO 1 NEHRU COLONY ROHTAK,124001,"Education & Literacy, Health & Family Welfare",,,,,,4
,,AAKAR WELFARE SOCIETY,Society,,HISAR,Haryana,Hisar,Hisar,125001,"Animal Welfare, Education & Literacy, Health & Family Welfare",,,,,,5
,,PUNJABI SABHA INDRAPRASTHA COLONY FARIDABAD,Society,,FARIDABAD,Haryana,INDIA,322 GROUND FLOOR IP COLONY FARIDABAD HARYANA 121003,121003,"Art & Culture, Children, Education & Literacy",,,,,,6
,,TRILOCHANA EGALITARIANISM FOUNDATION,Section 8 Company,,GURUGRAM,Haryana,GURGAON,"PD-69, PINE DRIVE MALIBU TOWNE, GURGAON 122001,GURGAON,HARYANA",122001,"Animal Welfare, Civic Issues, Education & Literacy",,,,,,7
,,AADHAR THALASEMIA SOCIETY,Society,,HISAR,Haryana,Hisar,HOUSE NO C/32 NEW MODEL TOWN EXTN.HISAR 125001 HARYANA,125001,"Health & Family Welfare, Education & Literacy",,,,,,8
,,AAGAAZ CHARITABLE TRUST,Trust,,ROHTAK,Haryana,Rohtak,PLOT NO 139 SHOP NO 1 NEHRU COLONY ROHTAK,124001,"Education & Literacy, Health & Family Welfare",,,,,,9
,,AAKAR WELFARE SOCIETY,Society,,HISAR,Haryana,Hisar,Hisar,125001,"Animal Welfare, Education & Literacy, Health & Family Welfare",,,,,,10
,,PUNJABI SABHA INDRAPRASTHA COLONY FARIDABAD,Society,,FARIDABAD,Haryana,INDIA,322 GROUND FLOOR IP COLONY FARIDABAD HARYANA 121003,121003,"Art & Culture, Children, Education & Literacy",,,,,,11
,,TRILOCHANA EGALITARIANISM FOUNDATION,Section 8 Company,,GURUGRAM,Haryana,GURGAON,"PD-69, PINE DRIVE MALIBU TOWNE, GURGAON 122001,GURGAON,HARYANA",122001,"Animal Welfare, Civic Issues, Education & Literacy",,,,,,12
,,AADHAR THALASEMIA SOCIETY,Society,,HISAR,Haryana,Hisar,HOUSE NO C/32 NEW MODEL TOWN EXTN.HISAR 125001 HARYANA,125001,"Health & Family Welfare, Education & Literacy",,,,,,13
,,AAGAAZ CHARITABLE TRUST,Trust,,ROHTAK,Haryana,Rohtak,PLOT NO 139 SHOP NO 1 NEHRU COLONY ROHTAK,124001,"Education & Literacy, Health & Family Welfare",,,,,,14
,,AAKAR WELFARE SOCIETY,Society,,HISAR,Haryana,Hisar,Hisar,125001,"Animal Welfare, Education & Literacy, Health & Family Welfare",,,,,,15
,,PUNJABI SABHA INDRAPRASTHA COLONY FARIDABAD,Society,,FARIDABAD,Haryana,INDIA,322 GROUND FLOOR IP COLONY FARIDABAD HARYANA 121003,121003,"Art & Culture, Children, Education & Literacy",,,,,,16
,,TRILOCHANA EGALITARIANISM FOUNDATION,Section 8 Company,,GURUGRAM,Haryana,GURGAON,"PD-69, PINE DRIVE MALIBU TOWNE, GURGAON 122001,GURGAON,HARYANA",122001,"Animal Welfare, Civic Issues, Education & Literacy",,,,,,17
,,AADHAR THALASEMIA SOCIETY,Society,,HISAR,Haryana,Hisar,HOUSE NO C/32 NEW MODEL TOWN EXTN.HISAR 125001 HARYANA,125001,"Health & Family Welfare, Education & Literacy",,,,,,18
,,AAGAAZ CHARITABLE TRUST,Trust,,ROHTAK,Haryana,Rohtak,PLOT NO 139 SHOP NO 1 NEHRU COLONY ROHTAK,124001,"Education & Literacy, Health & Family Welfare",,,,,,19
,,AAKAR WELFARE SOCIETY,Society,,HISAR,Haryana,Hisar,Hisar,125001,"Animal Welfare, Education & Literacy, Health & Family Welfare",,,,,,20
,,PUNJABI SABHA INDRAPRASTHA COLONY FARIDABAD,Society,,FARIDABAD,Haryana,INDIA,322 GROUND FLOOR IP COLONY FARIDABAD HARYANA 121003,121003,"Art & Culture, Children, Education & Literacy",,,,,,21
,,TRILOCHANA EGALITARIANISM FOUNDATION,Section 8 Company,,GURUGRAM,Haryana,GURGAON,"PD-69, PINE DRIVE MALIBU TOWNE, GURGAON 122001,GURGAON,HARYANA",122001,"Animal Welfare, Civic Issues, Education & Literacy",,,,,,22
,,AADHAR THALASEMIA SOCIETY,Society,,HISAR,Haryana,Hisar,HOUSE NO C/32 NEW MODEL TOWN EXTN.HISAR 125001 HARYANA,125001,"Health & Family Welfare, Education & Literacy",,,,,,23
,,AAGAAZ CHARITABLE TRUST,Trust,,ROHTAK,Haryana,Rohtak,PLOT NO 139 SHOP NO 1 NEHRU COLONY ROHTAK,124001,"Education & Literacy, Health & Family Welfare",,,,,,24
,,AAKAR WELFARE SOCIETY,Society,,HISAR,Haryana,Hisar,Hisar,125001,"Animal Welfare, Education & Literacy, Health & Family Welfare",,,,,,25
,,PUNJABI SABHA INDRAPRASTHA COLONY FARIDABAD,Society,,FARIDABAD,Haryana,INDIA,322 GROUND FLOOR IP COLONY FARIDABAD HARYANA 121003,121003,"Art & Culture, Children, Education & Literacy",,,,,,26
,,TRILOCHANA EGALITARIANISM FOUNDATION,Section 8 Company,,GURUGRAM,Haryana,GURGAON,"PD-69, PINE DRIVE MALIBU TOWNE, GURGAON 122001,GURGAON,HARYANA",122001,"Animal Welfare, Civic Issues, Education & Literacy",,,,,,27
,,AADHAR THALASEMIA SOCIETY,Society,,HISAR,Haryana,Hisar,HOUSE NO C/32 NEW MODEL TOWN EXTN.HISAR 125001 HARYANA,125001,"Health & Family Welfare, Education & Literacy",,,,,,28
,,AAGAAZ CHARITABLE TRUST,Trust,,ROHTAK,Haryana,Rohtak,PLOT NO 139 SHOP NO 1 NEHRU COLONY ROHTAK,124001,"Education & Literacy, Health & Family Welfare",,,,,,29
,,AAKAR WELFARE SOCIETY,Society,,HISAR,Haryana,Hisar,Hisar,125001,"Animal Welfare, Education & Literacy, Health & Family Welfare",,,,,,30
,,PUNJABI SABHA INDRAPRASTHA COLONY FARIDABAD,Society,,FARIDABAD,Haryana,INDIA,322 GROUND FLOOR IP COLONY FARIDABAD HARYANA 121003,121003,"Art & Culture, Children, Education & Literacy",,,,,,31
,,TRILOCHANA EGALITARIANISM FOUNDATION,Section 8 Company,,GURUGRAM,Haryana,GURGAON,"PD-69, PINE DRIVE MALIBU TOWNE, GURGAON 122001,GURGAON,HARYANA",122001,"Animal Welfare, Civic Issues, Education & Literacy",,,,,,32
,,AADHAR THALASEMIA SOCIETY,Society,,HISAR,Haryana,Hisar,HOUSE NO C/32 NEW MODEL TOWN EXTN.HISAR 125001 HARYANA,125001,"Health & Family Welfare, Education & Literacy",,,,,,33
,,AAGAAZ CHARITABLE TRUST,Trust,,ROHTAK,Haryana,Rohtak,PLOT NO 139 SHOP NO 1 NEHRU COLONY ROHTAK,124001,"Education & Literacy, Health & Family Welfare",,,,,,34
,,AAKAR WELFARE SOCIETY,Society,,HISAR,Haryana,Hisar,Hisar,125001,"Animal Welfare, Education & Literacy, Health & Family Welfare",,,,,,35
,,PUNJABI SABHA INDRAPRASTHA COLONY FARIDABAD,Society,,FARIDABAD,Haryana,INDIA,322 GROUND FLOOR IP COLONY FARIDABAD HARYANA 121003,121003,"Art & Culture, Children, Education & Literacy",,,,,,36
,,TRILOCHANA EGALITARIANISM FOUNDATION,Section 8 Company,,GURUGRAM,Haryana,GURGAON,"PD-69, PINE DRIVE MALIBU TOWNE, GURGAON 122001,GURGAON,HARYANA",122001,"Animal Welfare, Civic Issues, Education & Literacy",,,,,,37
,,AADHAR THALASEMIA SOCIETY,Society,,HISAR,Haryana,Hisar,HOUSE NO C/32 NEW MODEL TOWN EXTN.HISAR 125001 HARYANA,125001,"Health & Family Welfare, Education & Literacy",,,,,,38
,,AAGAAZ CHARITABLE TRUST,Trust,,ROHTAK,Haryana,Rohtak,PLOT NO 139 SHOP NO 1 NEHRU COLONY ROHTAK,124001,"Education & Literacy, Health & Family Welfare",,,,,,39
,,AAKAR WELFARE SOCIETY,Society,,HISAR,Haryana,Hisar,Hisar,125001,"Animal Welfare, Education & Literacy, Health & Family Welfare",,,,,,40
,,PUNJABI SABHA INDRAPRASTHA COLONY FARIDABAD,Society,,FARIDABAD,Haryana,INDIA,322 GROUND FLOOR IP COLONY FARIDABAD HARYANA 121003,121003,"Art & Culture, Children, Education & Literacy",,,,,,41
,,TRILOCHANA EGALITARIANISM FOUNDATION,Section 8 Company,,GURUGRAM,Haryana,GURGAON,"PD-69, PINE DRIVE MALIBU TOWNE, GURGAON 122001,GURGAON,HARYANA",122001,"Animal Welfare, Civic Issues, Education & Literacy",,,,,,42
,,AADHAR THALASEMIA SOCIETY,Society,,HISAR,Haryana,Hisar,HOUSE NO C/32 NEW MODEL TOWN EXTN.HISAR 125001 HARYANA,125001,"Health & Family Welfare, Education & Literacy",,,,,,43
,,AAGAAZ CHARITABLE TRUST,Trust,,ROHTAK,Haryana,Rohtak,PLOT NO 139 SHOP NO 1 NEHRU COLONY ROHTAK,124001,"Education & Literacy, Health & Family Welfare",,,,,,44
,,AAKAR WELFARE SOCIETY,Society,,HISAR,Haryana,Hisar,Hisar,125001,"Animal Welfare, Education & Literacy, Health & Family Welfare",,,,,,45
,,PUNJABI SABHA INDRAPRASTHA COLONY FARIDABAD,Society,,FARIDABAD,Haryana,INDIA,322 GROUND FLOOR IP COLONY FARIDABAD HARYANA 121003,121003,"Art & Culture, Children, Education & Literacy",,,,,,46
,,TRILOCHANA EGALITARIANISM FOUNDATION,Section 8 Company,,GURUGRAM,Haryana,GURGAON,"PD-69, PINE DRIVE MALIBU TOWNE, GURGAON 122001,GURGAON,HARYANA",122001,"Animal Welfare, Civic Issues, Education & Literacy",,,,,,47
,,AADHAR THALASEMIA SOCIETY,Society,,HISAR,Haryana,Hisar,HOUSE NO C/32 NEW MODEL TOWN EXTN.HISAR 125001 HARYANA,125001,"Health & Family Welfare, Education & Literacy",,,,,,48
,,AAGAAZ CHARITABLE TRUST,Trust,,ROHTAK,Haryana,Rohtak,PLOT NO 139 SHOP NO 1 NEHRU COLONY ROHTAK,124001,"Education & Literacy, Health & Family Welfare",,,,,,49
,,AAKAR WELFARE SOCIETY,Society,,HISAR,Haryana,Hisar,Hisar,125001,"Animal Welfare, Education & Literacy, Health & Family Welfare",,,,,,50
,,PUNJABI SABHA INDRAPRASTHA COLONY FARIDABAD,Society,,FARIDABAD,Haryana,INDIA,322 GROUND FLOOR IP COLONY FARIDABAD HARYANA 121003,121003,"Art & Culture, Children, Education & Literacy",,,,,,51
,,TRILOCHANA EGALITARIANISM FOUNDATION,Section 8 Company,,GURUGRAM,Haryana,GURGAON,"PD-69, PINE DRIVE MALIBU TOWNE, GURGAON 122001,GURGAON,HARYANA",122001,"Animal Welfare, Civic Issues, Education & Literacy",,,,,,52
,,AADHAR THALASEMIA SOCIETY,Society,,HISAR,Haryana,Hisar,HOUSE NO C/32 NEW MODEL TOWN EXTN.HISAR 125001 HARYANA,125001,"Health & Family Welfare, Education & Literacy",,,,,,53
,,AAGAAZ CHARITABLE TRUST,Trust,,ROHTAK,Haryana,Rohtak,PLOT NO 139 SHOP NO 1 NEHRU COLONY ROHTAK,124001,"Education & Literacy, Health & Family Welfare",,,,,,54
,,AAKAR WELFARE SOCIETY,Society,,HISAR,Haryana,Hisar,Hisar,125001,"Animal Welfare, Education & Literacy, Health & Family Welfare",,,,,,55
,,PUNJABI SABHA INDRAPRASTHA COLONY FARIDABAD,Society,,FARIDABAD,Haryana,INDIA,322 GROUND FLOOR IP COLONY FARIDABAD HARYANA 121003,121003,"Art & Culture, Children, Education & Literacy",,,,,,56
,,TRILOCHANA EGALITARIANISM FOUNDATION,Section 8 Company,,GURUGRAM,Haryana,GURGAON,"PD-69, PINE DRIVE MALIBU TOWNE, GURGAON 122001,GURGAON,HARYANA",122001,"Animal Welfare, Civic Issues, Education & Literacy",,,,,,57
,,AADHAR THALASEMIA SOCIETY,Society,,HISAR,Haryana,Hisar,HOUSE NO C/32 NEW MODEL TOWN EXTN.HISAR 125001 HARYANA,125001,"Health & Family Welfare, Education & Literacy",,,,,,58
,,AAGAAZ CHARITABLE TRUST,Trust,,ROHTAK,Haryana,Rohtak,PLOT NO 139 SHOP NO 1 NEHRU COLONY ROHTAK,124001,"Education & Literacy, Health & Family Welfare",,,,,,59
,,AAKAR WELFARE SOCIETY,Society,,HISAR,Haryana,Hisar,Hisar,125001,"Animal Welfare, Education & Literacy, Health & Family Welfare",,,,,,60
,,PUNJABI SABHA INDRAPRASTHA COLONY FARIDABAD,Society,,FARIDABAD,Haryana,INDIA,322 GROUND FLOOR IP COLONY FARIDABAD HARYANA 121003,121003,"Art & Culture, Children, Education & Literacy",,,,,,61
,,TRILOCHANA EGALITARIANISM FOUNDATION,Section 8 Company,,GURUGRAM,Haryana,GURGAON,"PD-69, PINE DRIVE MALIBU TOWNE, GURGAON 122001,GURGAON,HARYANA",122001,"Animal Welfare, Civic Issues, Education & Literacy",,,,,,62
,,AADHAR THALASEMIA SOCIETY,Society,,HISAR,Haryana,Hisar,HOUSE NO C/32 NEW MODEL TOWN EXTN.HISAR 125001 HARYANA,125001,"Health & Family Welfare, Education & Literacy",,,,,,63
,,AAGAAZ CHARITABLE TRUST,Trust,,ROHTAK,Haryana,Rohtak,PLOT NO 139 SHOP NO 1 NEHRU COLONY ROHTAK,124001,"Education & Literacy, Health & Family Welfare",,,,,,64
,,AAKAR WELFARE SOCIETY,Society,,HISAR,Haryana,Hisar,Hisar,125001,"Animal Welfare, Education & Literacy, Health & Family Welfare",,,,,,65
,,PUNJABI SABHA INDRAPRASTHA COLONY FARIDABAD,Society,,FARIDABAD,Haryana,INDIA,322 GROUND FLOOR IP COLONY FARIDABAD HARYANA 121003,121003,"Art & Culture, Children, Education & Literacy",,,,,,66
,,TRILOCHANA EGALITARIANISM FOUNDATION,Section 8 Company,,GURUGRAM,Haryana,GURGAON,"PD-69, PINE DRIVE MALIBU TOWNE, GURGAON 122001,GURGAON,HARYANA",122001,"Animal Welfare, Civic Issues, Education & Literacy",,,,,,67
,,AADHAR THALASEMIA SOCIETY,Society,,HISAR,Haryana,Hisar,HOUSE NO C/32 NEW MODEL TOWN EXTN.HISAR 125001 HARYANA,125001,"Health & Family Welfare, Education & Literacy",,,,,,68
,,AAGAAZ CHARITABLE TRUST,Trust,,ROHTAK,Haryana,Rohtak,PLOT NO 139 SHOP NO 1 NEHRU COLONY ROHTAK,124001,"Education & Literacy, Health & Family Welfare",,,,,,69
,,AAKAR WELFARE SOCIETY,Society,,HISAR,Haryana,Hisar,Hisar,125001,"Animal Welfare, Education & Literacy, Health & Family Welfare",,,,,,70
,,PUNJABI SABHA INDRAPRASTHA COLONY FARIDABAD,Society,,FARIDABAD,Haryana,INDIA,322 GROUND FLOOR IP COLONY FARIDABAD HARYANA 121003,121003,"Art & Culture, Children, Education & Literacy",,,,,,71
,,TRILOCHANA EGALITARIANISM FOUNDATION,Section 8 Company,,GURUGRAM,Haryana,GURGAON,"PD-69, PINE DRIVE MALIBU TOWNE, GURGAON 122001,GURGAON,HARYANA",122001,"Animal Welfare, Civic Issues, Education & Literacy",,,,,,72
,,AADHAR THALASEMIA SOCIETY,Society,,HISAR,Haryana,Hisar,HOUSE NO C/32 NEW MODEL TOWN EXTN.HISAR 125001 HARYANA,125001,"Health & Family Welfare, Education & Literacy",,,,,,73
,,AAGAAZ CHARITABLE TRUST,Trust,,ROHTAK,Haryana,Rohtak,PLOT NO 139 SHOP NO 1 NEHRU COLONY ROHTAK,124001,"Education & Literacy, Health & Family Welfare",,,,,,74
,,AAKAR WELFARE SOCIETY,Society,,HISAR,Haryana,Hisar,Hisar,125001,"Animal Welfare, Education & Literacy, Health & Family Welfare",,,,,,75
,,PUNJABI SABHA INDRAPRASTHA COLONY FARIDABAD,Society,,FARIDABAD,Haryana,INDIA,322 GROUND FLOOR IP COLONY FARIDABAD HARYANA 121003,121003,"Art & Culture, Children, Education & Literacy",,,,,,76
,,TRILOCHANA EGALITARIANISM FOUNDATION,Section 8 Company,,GURUGRAM,Haryana,GURGAON,"PD-69, PINE DRIVE MALIBU TOWNE, GURGAON 122001,GURGAON,HARYANA",122001,"Animal Welfare, Civic Issues, Education & Literacy",,,,,,77
,,AADHAR THALASEMIA SOCIETY,Society,,HISAR,Haryana,Hisar,HOUSE NO C/32 NEW MODEL TOWN EXTN.HISAR 125001 HARYANA,125001,"Health & Family Welfare, Education & Literacy",,,,,,78
,,AAGAAZ CHARITABLE TRUST,Trust,,ROHTAK,Haryana,Rohtak,PLOT NO 139 SHOP NO 1 NEHRU COLONY ROHTAK,124001,"Education & Literacy, Health & Family Welfare",,,,,,79
,,AAKAR WELFARE SOCIETY,Society,,HISAR,Haryana,Hisar,Hisar,125001,"Animal Welfare, Education & Literacy, Health & Family Welfare",,,,,,80
,,PUNJABI SABHA INDRAPRASTHA COLONY FARIDABAD,Society,,FARIDABAD,Haryana,INDIA,322 GROUND FLOOR IP COLONY FARIDABAD HARYANA 121003,121003,"Art & Culture, Children, Education & Literacy",,,,,,81
,,TRILOCHANA EGALITARIANISM FOUNDATION,Section 8 Company,,GURUGRAM,Haryana,GURGAON,"PD-69, PINE DRIVE MALIBU TOWNE, GURGAON 122001,GURGAON,HARYANA",122001,"Animal Welfare, Civic Issues, Education & Literacy",,,,,,82
,,AADHAR THALASEMIA SOCIETY,Society,,HISAR,Haryana,Hisar,HOUSE NO C/32 NEW MODEL TOWN EXTN.HISAR 125001 HARYANA,125001,"Health & Family Welfare, Education & Literacy",,,,,,83
,,AAGAAZ CHARITABLE TRUST,Trust,,ROHTAK,Haryana,Rohtak,PLOT NO 139 SHOP NO 1 NEHRU COLONY ROHTAK,124001,"Education & Literacy, Health & Family Welfare",,,,,,84
,,AAKAR WELFARE SOCIETY,Society,,HISAR,Haryana,Hisar,Hisar,125001,"Animal Welfare, Education & Literacy, Health & Family Welfare",,,,,,85
,,PUNJABI SABHA INDRAPRASTHA COLONY FARIDABAD,Society,,FARIDABAD,Haryana,INDIA,322 GROUND FLOOR IP COLONY FARIDABAD HARYANA 121003,121003,"Art & Culture, Children, Education & Literacy",,,,,,86
,,TRILOCHANA EGALITARIANISM FOUNDATION,Section 8 Company,,GURUGRAM,Haryana,GURGAON,"PD-69, PINE DRIVE MALIBU TOWNE, GURGAON 122001,GURGAON,HARYANA",122001,"Animal Welfare, Civic Issues, Education & Literacy",,,,,,87
,,AADHAR THALASEMIA SOCIETY,Society,,HISAR,Haryana,Hisar,HOUSE NO C/32 NEW MODEL TOWN EXTN.HISAR 125001 HARYANA,125001,"Health & Family Welfare, Education & Literacy",,,,,,88
,,AAGAAZ CHARITABLE TRUST,Trust,,ROHTAK,Haryana,Rohtak,PLOT NO 139 SHOP NO 1 NEHRU COLONY ROHTAK,124001,"Education & Literacy, Health & Family Welfare",,,,,,89
,,AAKAR WELFARE SOCIETY,Society,,HISAR,Haryana,Hisar,Hisar,125001,"Animal Welfare, Education & Literacy, Health & Family Welfare",,,,,,90
,,PUNJABI SABHA INDRAPRASTHA COLONY FARIDABAD,Society,,FARIDABAD,Haryana,INDIA,322 GROUND FLOOR IP COLONY FARIDABAD HARYANA 121003,121003,"Art & Culture, Children, Education & Literacy",,,,,,91
,,TRILOCHANA EGALITARIANISM FOUNDATION,Section 8 Company,,GURUGRAM,Haryana,GURGAON,"PD-69, PINE DRIVE MALIBU TOWNE, GURGAON 122001,GURGAON,HARYANA",122001,"Animal Welfare, Civic Issues, Education & Literacy",,,,,,92
,,AADHAR THALASEMIA SOCIETY,Society,,HISAR,Haryana,Hisar,HOUSE NO C/32 NEW MODEL TOWN EXTN.HISAR 125001 HARYANA,125001,"Health & Family Welfare, Education & Literacy",,,,,,93
,,AAGAAZ CHARITABLE TRUST,Trust,,ROHTAK,Haryana,Rohtak,PLOT NO 139 SHOP NO 1 NEHRU COLONY ROHTAK,124001,"Education & Literacy, Health & Family Welfare",,,,,,94
,,AAKAR WELFARE SOCIETY,Society,,HISAR,Haryana,Hisar,Hisar,125001,"Animal Welfare, Education & Literacy, Health & Family Welfare",,,,,,95
,,PUNJABI SABHA INDRAPRASTHA COLONY FARIDABAD,Society,,FARIDABAD,Haryana,INDIA,322 GROUND FLOOR IP COLONY FARIDABAD HARYANA 121003,121003,"Art & Culture, Children, Education & Literacy",,,,,,96
,,TRILOCHANA EGALITARIANISM FOUNDATION,Section 8 Company,,GURUGRAM,Haryana,GURGAON,"PD-69, PINE DRIVE MALIBU TOWNE, GURGAON 122001,GURGAON,HARYANA",122001,"Animal Welfare, Civic Issues, Education & Literacy",,,,,,97
,,AADHAR THALASEMIA SOCIETY,Society,,HISAR,Haryana,Hisar,HOUSE NO C/32 NEW MODEL TOWN EXTN.HISAR 125001 HARYANA,125001,"Health & Family Welfare, Education & Literacy",,,,,,98
,,AAGAAZ CHARITABLE TRUST,Trust,,ROHTAK,Haryana,Rohtak,PLOT NO 139 SHOP NO 1 NEHRU COLONY ROHTAK,124001,"Education & Literacy, Health & Family Welfare",,,,,,99
,,AAKAR WELFARE SOCIETY,Society,,HISAR,Haryana,Hisar,Hisar,125001,"Animal Welfare, Education & Literacy, Health & Family Welfare",,,,,,100
,,PROJECT IMPLEMENTING COMMITEE KINNOUR,Society,,KINNAUR,Himachal Pradesh,RECKONG PEO,NEAR PNB BANK RECKONG PEO,172107,Women's Development & Empowerment,Women Empowerment,,,,,1
,,AADARSH HIMACHAL WELFARE SOCIETY,Trust,,SHIMLA,Himachal Pradesh,SHIMLA,UPPER KAITHU SHIMLA,171003,Health & Family Welfare,Health,,,,,2
,,AASHIMA SKILL FOUNDATION,Section 8 Company,,SOLAN,Himachal Pradesh,NALAGARH,BADDI NALAGARH,173205,Sports,Sports,,,,,3
,,AGNI WELFARE FOUNDATION,Society,,UNA,Himachal Pradesh,Una,VILLAGE PANJAWAR,177208,"Agriculture, Health & Family Welfare",Health,,,,,4
,,ALPHA EDUCATIONAL SOCIETY,Society,,BILASPUR,Himachal Pradesh,BERTHIN,VPO BERTHIN,174029,"Education & Literacy, Sports",Education,,,,,5
,,ANGEL DISABILITY AND ORPHAN AGE HOME,Trust,,KANGRA,Himachal Pradesh,REHAN,VPO CHHATTAR,176022,"Children, Education & Literacy, Nutrition",Education,,,,,6
,,PROJECT IMPLEMENTING COMMITEE KINNOUR,Society,,KINNAUR,Himachal Pradesh,RECKONG PEO,NEAR PNB BANK RECKONG PEO,172107,Women's Development & Empowerment,Women Empowerment,,,,,7
,,AADARSH HIMACHAL WELFARE SOCIETY,Trust,,SHIMLA,Himachal Pradesh,SHIMLA,UPPER KAITHU SHIMLA,171003,Health & Family Welfare,Health,,,,,8
,,AASHIMA SKILL FOUNDATION,Section 8 Company,,SOLAN,Himachal Pradesh,NALAGARH,BADDI NALAGARH,173205,Sports,Sports,,,,,9
,,AGNI WELFARE FOUNDATION,Society,,UNA,Himachal Pradesh,Una,VILLAGE PANJAWAR,177208,"Agriculture, Health & Family Welfare",Health,,,,,10
,,ALPHA EDUCATIONAL SOCIETY,Society,,BILASPUR,Himachal Pradesh,BERTHIN,VPO BERTHIN,174029,"Education & Literacy, Sports",Education,,,,,11
,,ANGEL DISABILITY AND ORPHAN AGE HOME,Trust,,KANGRA,Himachal Pradesh,REHAN,VPO CHHATTAR,176022,"Children, Education & Literacy, Nutrition",Education,,,,,12
,,PROJECT IMPLEMENTING COMMITEE KINNOUR,Society,,KINNAUR,Himachal Pradesh,RECKONG PEO,NEAR PNB BANK RECKONG PEO,172107,Women's Development & Empowerment,Women Empowerment,,,,,13
,,AADARSH HIMACHAL WELFARE SOCIETY,Trust,,SHIMLA,Himachal Pradesh,SHIMLA,UPPER KAITHU SHIMLA,171003,Health & Family Welfare,Health,,,,,14
,,AASHIMA SKILL FOUNDATION,Section 8 Company,,SOLAN,Himachal Pradesh,NALAGARH,BADDI NALAGARH,173205,Sports,Sports,,,,,15
,,AGNI WELFARE FOUNDATION,Society,,UNA,Himachal Pradesh,Una,VILLAGE PANJAWAR,177208,"Agriculture, Health & Family Welfare",Health,,,,,16
,,ALPHA EDUCATIONAL SOCIETY,Society,,BILASPUR,Himachal Pradesh,BERTHIN,VPO BERTHIN,174029,"Education & Literacy, Sports",Education,,,,,17
,,ANGEL DISABILITY AND ORPHAN AGE HOME,Trust,,KANGRA,Himachal Pradesh,REHAN,VPO CHHATTAR,176022,"Children, Education & Literacy, Nutrition",Education,,,,,18
,,PROJECT IMPLEMENTING COMMITEE KINNOUR,Society,,KINNAUR,Himachal Pradesh,RECKONG PEO,NEAR PNB BANK RECKONG PEO,172107,Women's Development & Empowerment,Women Empowerment,,,,,19
,,AADARSH HIMACHAL WELFARE SOCIETY,Trust,,SHIMLA,Himachal Pradesh,SHIMLA,UPPER KAITHU SHIMLA,171003,Health & Family Welfare,Health,,,,,20
,,AASHIMA SKILL FOUNDATION,Section 8 Company,,SOLAN,Himachal Pradesh,NALAGARH,BADDI NALAGARH,173205,Sports,Sports,,,,,21
,,AGNI WELFARE FOUNDATION,Society,,UNA,Himachal Pradesh,Una,VILLAGE PANJAWAR,177208,"Agriculture, Health & Family Welfare",Health,,,,,22
,,ALPHA EDUCATIONAL SOCIETY,Society,,BILASPUR,Himachal Pradesh,BERTHIN,VPO BERTHIN,174029,"Education & Literacy, Sports",Education,,,,,23
,,ANGEL DISABILITY AND ORPHAN AGE HOME,Trust,,KANGRA,Himachal Pradesh,REHAN,VPO CHHATTAR,176022,"Children, Education & Literacy, Nutrition",Education,,,,,24
,,PROJECT IMPLEMENTING COMMITEE KINNOUR,Society,,KINNAUR,Himachal Pradesh,RECKONG PEO,NEAR PNB BANK RECKONG PEO,172107,Women's Development & Empowerment,Women Empowerment,,,,,25
,,AADARSH HIMACHAL WELFARE SOCIETY,Trust,,SHIMLA,Himachal Pradesh,SHIMLA,UPPER KAITHU SHIMLA,171003,Health & Family Welfare,Health,,,,,26
,,AASHIMA SKILL FOUNDATION,Section 8 Company,,SOLAN,Himachal Pradesh,NALAGARH,BADDI NALAGARH,173205,Sports,Sports,,,,,27
,,AGNI WELFARE FOUNDATION,Society,,UNA,Himachal Pradesh,Una,VILLAGE PANJAWAR,177208,"Agriculture, Health & Family Welfare",Health,,,,,28
,,ALPHA EDUCATIONAL SOCIETY,Society,,BILASPUR,Himachal Pradesh,BERTHIN,VPO BERTHIN,174029,"Education & Literacy, Sports",Education,,,,,29
,,ANGEL DISABILITY AND ORPHAN AGE HOME,Trust,,KANGRA,Himachal Pradesh,REHAN,VPO CHHATTAR,176022,"Children, Education & Literacy, Nutrition",Education,,,,,30
,,PROJECT IMPLEMENTING COMMITEE KINNOUR,Society,,KINNAUR,Himachal Pradesh,RECKONG PEO,NEAR PNB BANK RECKONG PEO,172107,Women's Development & Empowerment,Women Empowerment,,,,,31
,,AADARSH HIMACHAL WELFARE SOCIETY,Trust,,SHIMLA,Himachal Pradesh,SHIMLA,UPPER KAITHU SHIMLA,171003,Health & Family Welfare,Health,,,,,32
,,AASHIMA SKILL FOUNDATION,Section 8 Company,,SOLAN,Himachal Pradesh,NALAGARH,BADDI NALAGARH,173205,Sports,Sports,,,,,33
,,AGNI WELFARE FOUNDATION,Society,,UNA,Himachal Pradesh,Una,VILLAGE PANJAWAR,177208,"Agriculture, Health & Family Welfare",Health,,,,,34
,,ALPHA EDUCATIONAL SOCIETY,Society,,BILASPUR,Himachal Pradesh,BERTHIN,VPO BERTHIN,174029,"Education & Literacy, Sports",Education,,,,,35
,,ANGEL DISABILITY AND ORPHAN AGE HOME,Trust,,KANGRA,Himachal Pradesh,REHAN,VPO CHHATTAR,176022,"Children, Education & Literacy, Nutrition",Education,,,,,36
,,PROJECT IMPLEMENTING COMMITEE KINNOUR,Society,,KINNAUR,Himachal Pradesh,RECKONG PEO,NEAR PNB BANK RECKONG PEO,172107,Women's Development & Empowerment,Women Empowerment,,,,,37
,,AADARSH HIMACHAL WELFARE SOCIETY,Trust,,SHIMLA,Himachal Pradesh,SHIMLA,UPPER KAITHU SHIMLA,171003,Health & Family Welfare,Health,,,,,38
,,AASHIMA SKILL FOUNDATION,Section 8 Company,,SOLAN,Himachal Pradesh,NALAGARH,BADDI NALAGARH,173205,Sports,Sports,,,,,39
,,AGNI WELFARE FOUNDATION,Society,,UNA,Himachal Pradesh,Una,VILLAGE PANJAWAR,177208,"Agriculture, Health & Family Welfare",Health,,,,,40
,,ALPHA EDUCATIONAL SOCIETY,Society,,BILASPUR,Himachal Pradesh,BERTHIN,VPO BERTHIN,174029,"Education & Literacy, Sports",Education,,,,,41
,,ANGEL DISABILITY AND ORPHAN AGE HOME,Trust,,KANGRA,Himachal Pradesh,REHAN,VPO CHHATTAR,176022,"Children, Education & Literacy, Nutrition",Education,,,,,42
,,PROJECT IMPLEMENTING COMMITEE KINNOUR,Society,,KINNAUR,Himachal Pradesh,RECKONG PEO,NEAR PNB BANK RECKONG PEO,172107,Women's Development & Empowerment,Women Empowerment,,,,,43
,,AADARSH HIMACHAL WELFARE SOCIETY,Trust,,SHIMLA,Himachal Pradesh,SHIMLA,UPPER KAITHU SHIMLA,171003,Health & Family Welfare,Health,,,,,44
,,AASHIMA SKILL FOUNDATION,Section 8 Company,,SOLAN,Himachal Pradesh,NALAGARH,BADDI NALAGARH,173205,Sports,Sports,,,,,45
,,AGNI WELFARE FOUNDATION,Society,,UNA,Himachal Pradesh,Una,VILLAGE PANJAWAR,177208,"Agriculture, Health & Family Welfare",Health,,,,,46
,,ALPHA EDUCATIONAL SOCIETY,Society,,BILASPUR,Himachal Pradesh,BERTHIN,VPO BERTHIN,174029,"Education & Literacy, Sports",Education,,,,,47
,,ANGEL DISABILITY AND ORPHAN AGE HOME,Trust,,KANGRA,Himachal Pradesh,REHAN,VPO CHHATTAR,176022,"Children, Education & Literacy, Nutrition",Education,,,,,48
,,PROJECT IMPLEMENTING COMMITEE KINNOUR,Society,,KINNAUR,Himachal Pradesh,RECKONG PEO,NEAR PNB BANK RECKONG PEO,172107,Women's Development & Empowerment,Women Empowerment,,,,,49
,,AADARSH HIMACHAL WELFARE SOCIETY,Trust,,SHIMLA,Himachal Pradesh,SHIMLA,UPPER KAITHU SHIMLA,171003,Health & Family Welfare,Health,,,,,50
,,AASHIMA SKILL FOUNDATION,Section 8 Company,,SOLAN,Himachal Pradesh,NALAGARH,BADDI NALAGARH,173205,Sports,Sports,,,,,51
,,AGNI WELFARE FOUNDATION,Society,,UNA,Himachal Pradesh,Una,VILLAGE PANJAWAR,177208,"Agriculture, Health & Family Welfare",Health,,,,,52
,,ALPHA EDUCATIONAL SOCIETY,Society,,BILASPUR,Himachal Pradesh,BERTHIN,VPO BERTHIN,174029,"Education & Literacy, Sports",Education,,,,,53
,,ANGEL DISABILITY AND ORPHAN AGE HOME,Trust,,KANGRA,Himachal Pradesh,REHAN,VPO CHHATTAR,176022,"Children, Education & Literacy, Nutrition",Education,,,,,54
,,PROJECT IMPLEMENTING COMMITEE KINNOUR,Society,,KINNAUR,Himachal Pradesh,RECKONG PEO,NEAR PNB BANK RECKONG PEO,172107,Women's Development & Empowerment,Women Empowerment,,,,,55
,,AADARSH HIMACHAL WELFARE SOCIETY,Trust,,SHIMLA,Himachal Pradesh,SHIMLA,UPPER KAITHU SHIMLA,171003,Health & Family Welfare,Health,,,,,56
,,AASHIMA SKILL FOUNDATION,Section 8 Company,,SOLAN,Himachal Pradesh,NALAGARH,BADDI NALAGARH,173205,Sports,Sports,,,,,57
,,AGNI WELFARE FOUNDATION,Society,,UNA,Himachal Pradesh,Una,VILLAGE PANJAWAR,177208,"Agriculture, Health & Family Welfare",Health,,,,,58
,,ALPHA EDUCATIONAL SOCIETY,Society,,BILASPUR,Himachal Pradesh,BERTHIN,VPO BERTHIN,174029,"Education & Literacy, Sports",Education,,,,,59
,,ANGEL DISABILITY AND ORPHAN AGE HOME,Trust,,KANGRA,Himachal Pradesh,REHAN,VPO CHHATTAR,176022,"Children, Education & Literacy, Nutrition",Education,,,,,60
,,PROJECT IMPLEMENTING COMMITEE KINNOUR,Society,,KINNAUR,Himachal Pradesh,RECKONG PEO,NEAR PNB BANK RECKONG PEO,172107,Women's Development & Empowerment,Women Empowerment,,,,,61
,,AADARSH HIMACHAL WELFARE SOCIETY,Trust,,SHIMLA,Himachal Pradesh,SHIMLA,UPPER KAITHU SHIMLA,171003,Health & Family Welfare,Health,,,,,62
,,AASHIMA SKILL FOUNDATION,Section 8 Company,,SOLAN,Himachal Pradesh,NALAGARH,BADDI NALAGARH,173205,Sports,Sports,,,,,63
,,AGNI WELFARE FOUNDATION,Society,,UNA,Himachal Pradesh,Una,VILLAGE PANJAWAR,177208,"Agriculture, Health & Family Welfare",Health,,,,,64
,,ALPHA EDUCATIONAL SOCIETY,Society,,BILASPUR,Himachal Pradesh,BERTHIN,VPO BERTHIN,174029,"Education & Literacy, Sports",Education,,,,,65
,,ANGEL DISABILITY AND ORPHAN AGE HOME,Trust,,KANGRA,Himachal Pradesh,REHAN,VPO CHHATTAR,176022,"Children, Education & Literacy, Nutrition",Education,,,,,66
,,PROJECT IMPLEMENTING COMMITEE KINNOUR,Society,,KINNAUR,Himachal Pradesh,RECKONG PEO,NEAR PNB BANK RECKONG PEO,172107,Women's Development & Empowerment,Women Empowerment,,,,,67
,,AADARSH HIMACHAL WELFARE SOCIETY,Trust,,SHIMLA,Himachal Pradesh,SHIMLA,UPPER KAITHU SHIMLA,171003,Health & Family Welfare,Health,,,,,68
,,AASHIMA SKILL FOUNDATION,Section 8 Company,,SOLAN,Himachal Pradesh,NALAGARH,BADDI NALAGARH,173205,Sports,Sports,,,,,69
,,AGNI WELFARE FOUNDATION,Society,,UNA,Himachal Pradesh,Una,VILLAGE PANJAWAR,177208,"Agriculture, Health & Family Welfare",Health,,,,,70
,,ALPHA EDUCATIONAL SOCIETY,Society,,BILASPUR,Himachal Pradesh,BERTHIN,VPO BERTHIN,174029,"Education & Literacy, Sports",Education,,,,,71
,,ANGEL DISABILITY AND ORPHAN AGE HOME,Trust,,KANGRA,Himachal Pradesh,REHAN,VPO CHHATTAR,176022,"Children, Education & Literacy, Nutrition",Education,,,,,72
,,PROJECT IMPLEMENTING COMMITEE KINNOUR,Society,,KINNAUR,Himachal Pradesh,RECKONG PEO,NEAR PNB BANK RECKONG PEO,172107,Women's Development & Empowerment,Women Empowerment,,,,,73
,,AADARSH HIMACHAL WELFARE SOCIETY,Trust,,SHIMLA,Himachal Pradesh,SHIMLA,UPPER KAITHU SHIMLA,171003,Health & Family Welfare,Health,,,,,74
,,AASHIMA SKILL FOUNDATION,Section 8 Company,,SOLAN,Himachal Pradesh,NALAGARH,BADDI NALAGARH,173205,Sports,Sports,,,,,75
,,AGNI WELFARE FOUNDATION,Society,,UNA,Himachal Pradesh,Una,VILLAGE PANJAWAR,177208,"Agriculture, Health & Family Welfare",Health,,,,,76
,,ALPHA EDUCATIONAL SOCIETY,Society,,BILASPUR,Himachal Pradesh,BERTHIN,VPO BERTHIN,174029,"Education & Literacy, Sports",Education,,,,,77
,,ANGEL DISABILITY AND ORPHAN AGE HOME,Trust,,KANGRA,Himachal Pradesh,REHAN,VPO CHHATTAR,176022,"Children, Education & Literacy, Nutrition",Education,,,,,78
,,PROJECT IMPLEMENTING COMMITEE KINNOUR,Society,,KINNAUR,Himachal Pradesh,RECKONG PEO,NEAR PNB BANK RECKONG PEO,172107,Women's Development & Empowerment,Women Empowerment,,,,,79
,,AADARSH HIMACHAL WELFARE SOCIETY,Trust,,SHIMLA,Himachal Pradesh,SHIMLA,UPPER KAITHU SHIMLA,171003,Health & Family Welfare,Health,,,,,80
,,AASHIMA SKILL FOUNDATION,Section 8 Company,,SOLAN,Himachal Pradesh,NALAGARH,BADDI NALAGARH,173205,Sports,Sports,,,,,81
,,AGNI WELFARE FOUNDATION,Society,,UNA,Himachal Pradesh,Una,VILLAGE PANJAWAR,177208,"Agriculture, Health & Family Welfare",Health,,,,,82
,,ALPHA EDUCATIONAL SOCIETY,Society,,BILASPUR,Himachal Pradesh,BERTHIN,VPO BERTHIN,174029,"Education & Literacy, Sports",Education,,,,,83
,,ANGEL DISABILITY AND ORPHAN AGE HOME,Trust,,KANGRA,Himachal Pradesh,REHAN,VPO CHHATTAR,176022,"Children, Education & Literacy, Nutrition",Education,,,,,84
,,PROJECT IMPLEMENTING COMMITEE KINNOUR,Society,,KINNAUR,Himachal Pradesh,RECKONG PEO,NEAR PNB BANK RECKONG PEO,172107,Women's Development & Empowerment,Women Empowerment,,,,,85
,,AADARSH HIMACHAL WELFARE SOCIETY,Trust,,SHIMLA,Himachal Pradesh,SHIMLA,UPPER KAITHU SHIMLA,171003,Health & Family Welfare,Health,,,,,86
,,AASHIMA SKILL FOUNDATION,Section 8 Company,,SOLAN,Himachal Pradesh,NALAGARH,BADDI NALAGARH,173205,Sports,Sports,,,,,87
,,AGNI WELFARE FOUNDATION,Society,,UNA,Himachal Pradesh,Una,VILLAGE PANJAWAR,177208,"Agriculture, Health & Family Welfare",Health,,,,,88
,,ALPHA EDUCATIONAL SOCIETY,Society,,BILASPUR,Himachal Pradesh,BERTHIN,VPO BERTHIN,174029,"Education & Literacy, Sports",Education,,,,,89
,,ANGEL DISABILITY AND ORPHAN AGE HOME,Trust,,KANGRA,Himachal Pradesh,REHAN,VPO CHHATTAR,176022,"Children, Education & Literacy, Nutrition",Education,,,,,90
,,PROJECT IMPLEMENTING COMMITEE KINNOUR,Society,,KINNAUR,Himachal Pradesh,RECKONG PEO,NEAR PNB BANK RECKONG PEO,172107,Women's Development & Empowerment,Women Empowerment,,,,,91
,,AADARSH HIMACHAL WELFARE SOCIETY,Trust,,SHIMLA,Himachal Pradesh,SHIMLA,UPPER KAITHU SHIMLA,171003,Health & Family Welfare,Health,,,,,92
,,AASHIMA SKILL FOUNDATION,Section 8 Company,,SOLAN,Himachal Pradesh,NALAGARH,BADDI NALAGARH,173205,Sports,Sports,,,,,93
,,AGNI WELFARE FOUNDATION,Society,,UNA,Himachal Pradesh,Una,VILLAGE PANJAWAR,177208,"Agriculture, Health & Family Welfare",Health,,,,,94
,,ALPHA EDUCATIONAL SOCIETY,Society,,BILASPUR,Himachal Pradesh,BERTHIN,VPO BERTHIN,174029,"Education & Literacy, Sports",Education,,,,,95
,,ANGEL DISABILITY AND ORPHAN AGE HOME,Trust,,KANGRA,Himachal Pradesh,REHAN,VPO CHHATTAR,176022,"Children, Education & Literacy, Nutrition",Education,,,,,96
,,PROJECT IMPLEMENTING COMMITEE KINNOUR,Society,,KINNAUR,Himachal Pradesh,RECKONG PEO,NEAR PNB BANK RECKONG PEO,172107,Women's Development & Empowerment,Women Empowerment,,,,,97
,,AADARSH HIMACHAL WELFARE SOCIETY,Trust,,SHIMLA,Himachal Pradesh,SHIMLA,UPPER KAITHU SHIMLA,171003,Health & Family Welfare,Health,,,,,98
,,AASHIMA SKILL FOUNDATION,Section 8 Company,,SOLAN,Himachal Pradesh,NALAGARH,BADDI NALAGARH,173205,Sports,Sports,,,,,99
,,AGNI WELFARE FOUNDATION,Society,,UNA,Himachal Pradesh,Una,VILLAGE PANJAWAR,177208,"Agriculture, Health & Family Welfare",Health,,,,,100
,,ALPHA EDUCATIONAL SOCIETY,Society,,BILASPUR,Himachal Pradesh,BERTHIN,VPO BERTHIN,174029,"Education & Literacy, Sports",Education,,,,,101
,,ANGEL DISABILITY AND ORPHAN AGE HOME,Trust,,KANGRA,Himachal Pradesh,REHAN,VPO CHHATTAR,176022,"Children, Education & Literacy, Nutrition",Education,,,,,102
,,PROJECT IMPLEMENTING COMMITEE KINNOUR,Society,,KINNAUR,Himachal Pradesh,RECKONG PEO,NEAR PNB BANK RECKONG PEO,172107,Women's Development & Empowerment,Women Empowerment,,,,,103
,,AADARSH HIMACHAL WELFARE SOCIETY,Trust,,SHIMLA,Himachal Pradesh,SHIMLA,UPPER KAITHU SHIMLA,171003,Health & Family Welfare,Health,,,,,104
,,AASHIMA SKILL FOUNDATION,Section 8 Company,,SOLAN,Himachal Pradesh,NALAGARH,BADDI NALAGARH,173205,Sports,Sports,,,,,105
,,AGNI WELFARE FOUNDATION,Society,,UNA,Himachal Pradesh,Una,VILLAGE PANJAWAR,177208,"Agriculture, Health & Family Welfare",Health,,,,,106
,,ALPHA EDUCATIONAL SOCIETY,Society,,BILASPUR,Himachal Pradesh,BERTHIN,VPO BERTHIN,174029,"Education & Literacy, Sports",Education,,,,,107
,,ANGEL DISABILITY AND ORPHAN AGE HOME,Trust,,KANGRA,Himachal Pradesh,REHAN,VPO CHHATTAR,176022,"Children, Education & Literacy, Nutrition",Education,,,,,108
,,PROJECT IMPLEMENTING COMMITEE KINNOUR,Society,,KINNAUR,Himachal Pradesh,RECKONG PEO,NEAR PNB BANK RECKONG PEO,172107,Women's Development & Empowerment,Women Empowerment,,,,,109
,,AADARSH HIMACHAL WELFARE SOCIETY,Trust,,SHIMLA,Himachal Pradesh,SHIMLA,UPPER KAITHU SHIMLA,171003,Health & Family Welfare,Health,,,,,110
,,AASHIMA SKILL FOUNDATION,Section 8 Company,,SOLAN,Himachal Pradesh,NALAGARH,BADDI NALAGARH,173205,Sports,Sports,,,,,111
,,AGNI WELFARE FOUNDATION,Society,,UNA,Himachal Pradesh,Una,VILLAGE PANJAWAR,177208,"Agriculture, Health & Family Welfare",Health,,,,,112
,,ALPHA EDUCATIONAL SOCIETY,Society,,BILASPUR,Himachal Pradesh,BERTHIN,VPO BERTHIN,174029,"Education & Literacy, Sports",Education,,,,,113
,,ANGEL DISABILITY AND ORPHAN AGE HOME,Trust,,KANGRA,Himachal Pradesh,REHAN,VPO CHHATTAR,176022,"Children, Education & Literacy, Nutrition",Education,,,,,114
,,PROJECT IMPLEMENTING COMMITEE KINNOUR,Society,,KINNAUR,Himachal Pradesh,RECKONG PEO,NEAR PNB BANK RECKONG PEO,172107,Women's Development & Empowerment,Women Empowerment,,,,,115
,,AADARSH HIMACHAL WELFARE SOCIETY,Trust,,SHIMLA,Himachal Pradesh,SHIMLA,UPPER KAITHU SHIMLA,171003,Health & Family Welfare,Health,,,,,116
,,AASHIMA SKILL FOUNDATION,Section 8 Company,,SOLAN,Himachal Pradesh,NALAGARH,BADDI NALAGARH,173205,Sports,Sports,,,,,117
,,AGNI WELFARE FOUNDATION,Society,,UNA,Himachal Pradesh,Una,VILLAGE PANJAWAR,177208,"Agriculture, Health & Family Welfare",Health,,,,,118
,,ALPHA EDUCATIONAL SOCIETY,Society,,BILASPUR,Himachal Pradesh,BERTHIN,VPO BERTHIN,174029,"Education & Literacy, Sports",Education,,,,,119
,,ANGEL DISABILITY AND ORPHAN AGE HOME,Trust,,KANGRA,Himachal Pradesh,REHAN,VPO CHHATTAR,176022,"Children, Education & Literacy, Nutrition",Education,,,,,120
,,PROJECT IMPLEMENTING COMMITEE KINNOUR,Society,,KINNAUR,Himachal Pradesh,RECKONG PEO,NEAR PNB BANK RECKONG PEO,172107,Women's Development & Empowerment,Women Empowerment,,,,,121
,,AADARSH HIMACHAL WELFARE SOCIETY,Trust,,SHIMLA,Himachal Pradesh,SHIMLA,UPPER KAITHU SHIMLA,171003,Health & Family Welfare,Health,,,,,122
,,AASHIMA SKILL FOUNDATION,Section 8 Company,,SOLAN,Himachal Pradesh,NALAGARH,BADDI NALAGARH,173205,Sports,Sports,,,,,123
,,AGNI WELFARE FOUNDATION,Society,,UNA,Himachal Pradesh,Una,VILLAGE PANJAWAR,177208,"Agriculture, Health & Family Welfare",Health,,,,,124
,,ALPHA EDUCATIONAL SOCIETY,Society,,BILASPUR,Himachal Pradesh,BERTHIN,VPO BERTHIN,174029,"Education & Literacy, Sports",Education,,,,,125
,,ANGEL DISABILITY AND ORPHAN AGE HOME,Trust,,KANGRA,Himachal Pradesh,REHAN,VPO CHHATTAR,176022,"Children, Education & Literacy, Nutrition",Education,,,,,126
,,PROJECT IMPLEMENTING COMMITEE KINNOUR,Society,,KINNAUR,Himachal Pradesh,RECKONG PEO,NEAR PNB BANK RECKONG PEO,172107,Women's Development & Empowerment,Women Empowerment,,,,,127
,,AADARSH HIMACHAL WELFARE SOCIETY,Trust,,SHIMLA,Himachal Pradesh,SHIMLA,UPPER KAITHU SHIMLA,171003,Health & Family Welfare,Health,,,,,128
,,AASHIMA SKILL FOUNDATION,Section 8 Company,,SOLAN,Himachal Pradesh,NALAGARH,BADDI NALAGARH,173205,Sports,Sports,,,,,129
,,AGNI WELFARE FOUNDATION,Society,,UNA,Himachal Pradesh,Una,VILLAGE PANJAWAR,177208,"Agriculture, Health & Family Welfare",Health,,,,,130
,,ALPHA EDUCATIONAL SOCIETY,Society,,BILASPUR,Himachal Pradesh,BERTHIN,VPO BERTHIN,174029,"Education & Literacy, Sports",Education,,,,,131
,,ANGEL DISABILITY AND ORPHAN AGE HOME,Trust,,KANGRA,Himachal Pradesh,REHAN,VPO CHHATTAR,176022,"Children, Education & Literacy, Nutrition",Education,,,,,132
,,PROJECT IMPLEMENTING COMMITEE KINNOUR,Society,,KINNAUR,Himachal Pradesh,RECKONG PEO,NEAR PNB BANK RECKONG PEO,172107,Women's Development & Empowerment,Women Empowerment,,,,,133
,,AADARSH HIMACHAL WELFARE SOCIETY,Trust,,SHIMLA,Himachal Pradesh,SHIMLA,UPPER KAITHU SHIMLA,171003,Health & Family Welfare,Health,,,,,134
,,AASHIMA SKILL FOUNDATION,Section 8 Company,,SOLAN,Himachal Pradesh,NALAGARH,BADDI NALAGARH,173205,Sports,Sports,,,,,135
,,AGNI WELFARE FOUNDATION,Society,,UNA,Himachal Pradesh,Una,VILLAGE PANJAWAR,177208,"Agriculture, Health & Family Welfare",Health,,,,,136
,,ALPHA EDUCATIONAL SOCIETY,Society,,BILASPUR,Himachal Pradesh,BERTHIN,VPO BERTHIN,174029,"Education & Literacy, Sports",Education,,,,,137
,,ANGEL DISABILITY AND ORPHAN AGE HOME,Trust,,KANGRA,Himachal Pradesh,REHAN,VPO CHHATTAR,176022,"Children, Education & Literacy, Nutrition",Education,,,,,138
,,PROJECT IMPLEMENTING COMMITEE KINNOUR,Society,,KINNAUR,Himachal Pradesh,RECKONG PEO,NEAR PNB BANK RECKONG PEO,172107,Women's Development & Empowerment,Women Empowerment,,,,,139
,,AADARSH HIMACHAL WELFARE SOCIETY,Trust,,SHIMLA,Himachal Pradesh,SHIMLA,UPPER KAITHU SHIMLA,171003,Health & Family Welfare,Health,,,,,140
,,AASHIMA SKILL FOUNDATION,Section 8 Company,,SOLAN,Himachal Pradesh,NALAGARH,BADDI NALAGARH,173205,Sports,Sports,,,,,141
,,AGNI WELFARE FOUNDATION,Society,,UNA,Himachal Pradesh,Una,VILLAGE PANJAWAR,177208,"Agriculture, Health & Family Welfare",Health,,,,,142
,,ALPHA EDUCATIONAL SOCIETY,Society,,BILASPUR,Himachal Pradesh,BERTHIN,VPO BERTHIN,174029,"Education & Literacy, Sports",Education,,,,,143
,,ANGEL DISABILITY AND ORPHAN AGE HOME,Trust,,KANGRA,Himachal Pradesh,REHAN,VPO CHHATTAR,176022,"Children, Education & Literacy, Nutrition",Education,,,,,144
,,PROJECT IMPLEMENTING COMMITEE KINNOUR,Society,,KINNAUR,Himachal Pradesh,RECKONG PEO,NEAR PNB BANK RECKONG PEO,172107,Women's Development & Empowerment,Women Empowerment,,,,,145
,,AADARSH HIMACHAL WELFARE SOCIETY,Trust,,SHIMLA,Himachal Pradesh,SHIMLA,UPPER KAITHU SHIMLA,171003,Health & Family Welfare,Health,,,,,146
,,AASHIMA SKILL FOUNDATION,Section 8 Company,,SOLAN,Himachal Pradesh,NALAGARH,BADDI NALAGARH,173205,Sports,Sports,,,,,147
,,AGNI WELFARE FOUNDATION,Society,,UNA,Himachal Pradesh,Una,VILLAGE PANJAWAR,177208,"Agriculture, Health & Family Welfare",Health,,,,,148
,,ALPHA EDUCATIONAL SOCIETY,Society,,BILASPUR,Himachal Pradesh,BERTHIN,VPO BERTHIN,174029,"Education & Literacy, Sports",Education,,,,,149
,,ANGEL DISABILITY AND ORPHAN AGE HOME,Trust,,KANGRA,Himachal Pradesh,REHAN,VPO CHHATTAR,176022,"Children, Education & Literacy, Nutrition",Education,,,,,150
JKNGO001,,108SEVAK,Society,,JAMMU,Jammu And Kashmir,JAMMU,"Sample Address 1, JAMMU, Jammu And Kashmir",183936,,Social Welfare,,,,,
JKNGO002,,A B Skills,Trust,,SRINAGAR,Jammu And Kashmir,Srinagar,"Sample Address 2, SRINAGAR, Jammu And Kashmir",193569,,Skill Development,,,,,
JKNGO003,,A HELPING HAND,Trust,,JAMMU,Jammu And Kashmir,Jammu,"Sample Address 3, JAMMU, Jammu And Kashmir",182913,,Health,,,,,
JKNGO004,,A P J MEMORIAL EDUCATIONAL TRUST,Trust,,GANDERBAL,Jammu And Kashmir,GANDERBAL,"Sample Address 4, GANDERBAL, Jammu And Kashmir",191632,,Education,,,,,
JKNGO005,,A R AZAD MEMORIAL FOUNDATION,Society,,PULWAMA,Jammu And Kashmir,Pulwama,"Sample Address 5, PULWAMA, Jammu And Kashmir",180917,,Social Welfare,,,,,
JKNGO006,,A VOICE FOR JUSTICE,Society,,JAMMU,Jammu And Kashmir,Jammu,"Sample Address 6, JAMMU, Jammu And Kashmir",188184,,Women Empowerment,,,,,
JKNGO007,,A.K EDUCATIONAL RESEARCH FOUNDATION,Trust,,SRINAGAR,Jammu And Kashmir,Srinagar,"Sample Address 7, SRINAGAR, Jammu And Kashmir",182077,,Education,,,,,
JKNGO008,,AABRU WOMENS WELFARE SOCIETY,Society,,SRINAGAR,Jammu And Kashmir,SRINAGAR,"Sample Address 8, SRINAGAR, Jammu And Kashmir",189376,,Women Empowerment,,,,,
JKNGO009,,AAES SEWA FOUNDATION,Section 8 Company,,ANANTNAG,Jammu And Kashmir,Dooru,"Sample Address 9, ANANTNAG, Jammu And Kashmir",187297,,Social Welfare,,,,,
JKNGO010,,AAFIYAT HUMANITY VISION FOUNDATION,Section 8 Company,,PULWAMA,Jammu And Kashmir,Awantipora,"Sample Address 10, PULWAMA, Jammu And Kashmir",191427,,Health,,,,,
JKNGO011,,AAGAZ-E- HUNAR,Trust,,BARAMULLA,Jammu And Kashmir,Tangmarg,"Sample Address 11, BARAMULLA, Jammu And Kashmir",187587,,Skill Development,,,,,
JKNGO012,,AAMANI CHARITABLE TRUST INDIA,Trust,,JAMMU,Jammu And Kashmir,Jammu,"Sample Address 12, JAMMU, Jammu And Kashmir",191917,,Charity,,,,,
JKNGO013,,AANGAN-DOSTI FOUNDATION,Trust,,BUDGAM,Jammu And Kashmir,Budgam,"Sample Address 13, BUDGAM, Jammu And Kashmir",189169,,Social Welfare,,,,,
JKNGO014,,AARADHYA EDUCATION TRUST,Trust,,UDHAMPUR,Jammu And Kashmir,UDHAMPUR,"Sample Address 14, UDHAMPUR, Jammu And Kashmir",190625,,Education,,,,,
JKNGO015,,AARIFEEN CENTRE FOR YOUTH INITATIVE,Society,,BUDGAM,Jammu And Kashmir,SRINAGAR,"Sample Address 15, BUDGAM, Jammu And Kashmir",187801,,Youth,,,,,
JKNGO016,,AASH FOUNDATION HERMAN,Trust,,SHOPIAN,Jammu And Kashmir,Zainapora,"Sample Address 16, SHOPIAN, Jammu And Kashmir",189537,,Environment,,,,,
JKNGO017,,AASH HOPE OF KASHMIR,Trust,,SRINAGAR,Jammu And Kashmir,SRINAGAR,"Sample Address 17, SRINAGAR, Jammu And Kashmir",192733,,Women Empowerment,,,,,
JKNGO018,,AASHRAY CANCER TRUST,Trust,,JAMMU,Jammu And Kashmir,Jammu,"Sample Address 18, JAMMU, Jammu And Kashmir",193538,,Health,,,,,
JKNGO019,,ABDULLAH WELFARE FOUNDATION,Section 8 Company,,SRINAGAR,Jammu And Kashmir,Srinagar,"Sample Address 19, SRINAGAR, Jammu And Kashmir",183993,,Social Welfare,,,,,
JKNGO020,,ABHAAR EDUCATIONAL FOUNDATION,Section 8 Company,,JAMMU,Jammu And Kashmir,JAMMU,"Sample Address 20, JAMMU, Jammu And Kashmir",189566,,Education,,,,,
JKNGO021,,108SEVAK,Society,,JAMMU,Jammu And Kashmir,JAMMU,"Sample Address 21, JAMMU, Jammu And Kashmir",183623,,Social Welfare,,,,,
JKNGO022,,A B Skills,Trust,,SRINAGAR,Jammu And Kashmir,Srinagar,"Sample Address 22, SRINAGAR, Jammu And Kashmir",185657,,Skill Development,,,,,
JKNGO023,,A HELPING HAND,Trust,,JAMMU,Jammu And Kashmir,Jammu,"Sample Address 23, JAMMU, Jammu And Kashmir",186853,,Health,,,,,
JKNGO024,,A P J MEMORIAL EDUCATIONAL TRUST,Trust,,GANDERBAL,Jammu And Kashmir,GANDERBAL,"Sample Address 24, GANDERBAL, Jammu And Kashmir",190501,,Education,,,,,
JKNGO025,,A R AZAD MEMORIAL FOUNDATION,Society,,PULWAMA,Jammu And Kashmir,Pulwama,"Sample Address 25, PULWAMA, Jammu And Kashmir",186086,,Social Welfare,,,,,
JKNGO026,,A VOICE FOR JUSTICE,Society,,JAMMU,Jammu And Kashmir,Jammu,"Sample Address 26, JAMMU, Jammu And Kashmir",185885,,Women Empowerment,,,,,
JKNGO027,,A.K EDUCATIONAL RESEARCH FOUNDATION,Trust,,SRINAGAR,Jammu And Kashmir,Srinagar,"Sample Address 27, SRINAGAR, Jammu And Kashmir",185639,,Education,,,,,
JKNGO028,,AABRU WOMENS WELFARE SOCIETY,Society,,SRINAGAR,Jammu And Kashmir,SRINAGAR,"Sample Address 28, SRINAGAR, Jammu And Kashmir",182017,,Women Empowerment,,,,,
JKNGO029,,AAES SEWA FOUNDATION,Section 8 Company,,ANANTNAG,Jammu And Kashmir,Dooru,"Sample Address 29, ANANTNAG, Jammu And Kashmir",192895,,Social Welfare,,,,,
JKNGO030,,AAFIYAT HUMANITY VISION FOUNDATION,Section 8 Company,,PULWAMA,Jammu And Kashmir,Awantipora,"Sample Address 30, PULWAMA, Jammu And Kashmir",187514,,Health,,,,,
JKNGO031,,AAGAZ-E- HUNAR,Trust,,BARAMULLA,Jammu And Kashmir,Tangmarg,"Sample Address 31, BARAMULLA, Jammu And Kashmir",180635,,Skill Development,,,,,
JKNGO032,,AAMANI CHARITABLE TRUST INDIA,Trust,,JAMMU,Jammu And Kashmir,Jammu,"Sample Address 32, JAMMU, Jammu And Kashmir",181441,,Charity,,,,,
JKNGO033,,AANGAN-DOSTI FOUNDATION,Trust,,BUDGAM,Jammu And Kashmir,Budgam,"Sample Address 33, BUDGAM, Jammu And Kashmir",180758,,Social Welfare,,,,,
JKNGO034,,AARADHYA EDUCATION TRUST,Trust,,UDHAMPUR,Jammu And Kashmir,UDHAMPUR,"Sample Address 34, UDHAMPUR, Jammu And Kashmir",180968,,Education,,,,,
JKNGO035,,AARIFEEN CENTRE FOR YOUTH INITATIVE,Society,,BUDGAM,Jammu And Kashmir,SRINAGAR,"Sample Address 35, BUDGAM, Jammu And Kashmir",181700,,Youth,,,,,
JKNGO036,,AASH FOUNDATION HERMAN,Trust,,SHOPIAN,Jammu And Kashmir,Zainapora,"Sample Address 36, SHOPIAN, Jammu And Kashmir",182747,,Environment,,,,,
JKNGO037,,AASH HOPE OF KASHMIR,Trust,,SRINAGAR,Jammu And Kashmir,SRINAGAR,"Sample Address 37, SRINAGAR, Jammu And Kashmir",193875,,Women Empowerment,,,,,
JKNGO038,,AASHRAY CANCER TRUST,Trust,,JAMMU,Jammu And Kashmir,Jammu,"Sample Address 38, JAMMU, Jammu And Kashmir",190676,,Health,,,,,
JKNGO039,,ABDULLAH WELFARE FOUNDATION,Section 8 Company,,SRINAGAR,Jammu And Kashmir,Srinagar,"Sample Address 39, SRINAGAR, Jammu And Kashmir",184732,,Social Welfare,,,,,
JKNGO040,,ABHAAR EDUCATIONAL FOUNDATION,Section 8 Company,,JAMMU,Jammu And Kashmir,JAMMU,"Sample Address 40, JAMMU, Jammu And Kashmir",193986,,Education,,,,,
JKNGO041,,108SEVAK,Society,,JAMMU,Jammu And Kashmir,JAMMU,"Sample Address 41, JAMMU, Jammu And Kashmir",191648,,Social Welfare,,,,,
JKNGO042,,A B Skills,Trust,,SRINAGAR,Jammu And Kashmir,Srinagar,"Sample Address 42, SRINAGAR, Jammu And Kashmir",181781,,Skill Development,,,,,
JKNGO043,,A HELPING HAND,Trust,,JAMMU,Jammu And Kashmir,Jammu,"Sample Address 43, JAMMU, Jammu And Kashmir",187303,,Health,,,,,
JKNGO044,,A P J MEMORIAL EDUCATIONAL TRUST,Trust,,GANDERBAL,Jammu And Kashmir,GANDERBAL,"Sample Address 44, GANDERBAL, Jammu And Kashmir",182522,,Education,,,,,
JKNGO045,,A R AZAD MEMORIAL FOUNDATION,Society,,PULWAMA,Jammu And Kashmir,Pulwama,"Sample Address 45, PULWAMA, Jammu And Kashmir",193863,,Social Welfare,,,,,
JKNGO046,,A VOICE FOR JUSTICE,Society,,JAMMU,Jammu And Kashmir,Jammu,"Sample Address 46, JAMMU, Jammu And Kashmir",187524,,Women Empowerment,,,,,
JKNGO047,,A.K EDUCATIONAL RESEARCH FOUNDATION,Trust,,SRINAGAR,Jammu And Kashmir,Srinagar,"Sample Address 47, SRINAGAR, Jammu And Kashmir",182012,,Education,,,,,
JKNGO048,,AABRU WOMENS WELFARE SOCIETY,Society,,SRINAGAR,Jammu And Kashmir,SRINAGAR,"Sample Address 48, SRINAGAR, Jammu And Kashmir",189382,,Women Empowerment,,,,,
JKNGO049,,AAES SEWA FOUNDATION,Section 8 Company,,ANANTNAG,Jammu And Kashmir,Dooru,"Sample Address 49, ANANTNAG, Jammu And Kashmir",184675,,Social Welfare,,,,,
JKNGO050,,AAFIYAT HUMANITY VISION FOUNDATION,Section 8 Company,,PULWAMA,Jammu And Kashmir,Awantipora,"Sample Address 50, PULWAMA, Jammu And Kashmir",181639,,Health,,,,,
JKNGO051,,AAGAZ-E- HUNAR,Trust,,BARAMULLA,Jammu And Kashmir,Tangmarg,"Sample Address 51, BARAMULLA, Jammu And Kashmir",188983,,Skill Development,,,,,
JKNGO052,,AAMANI CHARITABLE TRUST INDIA,Trust,,JAMMU,Jammu And Kashmir,Jammu,"Sample Address 52, JAMMU, Jammu And Kashmir",189955,,Charity,,,,,
JKNGO053,,AANGAN-DOSTI FOUNDATION,Trust,,BUDGAM,Jammu And Kashmir,Budgam,"Sample Address 53, BUDGAM, Jammu And Kashmir",192308,,Social Welfare,,,,,
JKNGO054,,AARADHYA EDUCATION TRUST,Trust,,UDHAMPUR,Jammu And Kashmir,UDHAMPUR,"Sample Address 54, UDHAMPUR, Jammu And Kashmir",182324,,Education,,,,,
JKNGO055,,AARIFEEN CENTRE FOR YOUTH INITATIVE,Society,,BUDGAM,Jammu And Kashmir,SRINAGAR,"Sample Address 55, BUDGAM, Jammu And Kashmir",184087,,Youth,,,,,
JKNGO056,,AASH FOUNDATION HERMAN,Trust,,SHOPIAN,Jammu And Kashmir,Zainapora,"Sample Address 56, SHOPIAN, Jammu And Kashmir",189300,,Environment,,,,,
JKNGO057,,AASH HOPE OF KASHMIR,Trust,,SRINAGAR,Jammu And Kashmir,SRINAGAR,"Sample Address 57, SRINAGAR, Jammu And Kashmir",185584,,Women Empowerment,,,,,
JKNGO058,,AASHRAY CANCER TRUST,Trust,,JAMMU,Jammu And Kashmir,Jammu,"Sample Address 58, JAMMU, Jammu And Kashmir",189801,,Health,,,,,
JKNGO059,,ABDULLAH WELFARE FOUNDATION,Section 8 Company,,SRINAGAR,Jammu And Kashmir,Srinagar,"Sample Address 59, SRINAGAR, Jammu And Kashmir",189777,,Social Welfare,,,,,
JKNGO060,,ABHAAR EDUCATIONAL FOUNDATION,Section 8 Company,,JAMMU,Jammu And Kashmir,JAMMU,"Sample Address 60, JAMMU, Jammu And Kashmir",192436,,Education,,,,,
JKNGO061,,108SEVAK,Society,,JAMMU,Jammu And Kashmir,JAMMU,"Sample Address 61, JAMMU, Jammu And Kashmir",181585,,Social Welfare,,,,,
JKNGO062,,A B Skills,Trust,,SRINAGAR,Jammu And Kashmir,Srinagar,"Sample Address 62, SRINAGAR, Jammu And Kashmir",181015,,Skill Development,,,,,
JKNGO063,,A HELPING HAND,Trust,,JAMMU,Jammu And Kashmir,Jammu,"Sample Address 63, JAMMU, Jammu And Kashmir",193731,,Health,,,,,
JKNGO064,,A P J MEMORIAL EDUCATIONAL TRUST,Trust,,GANDERBAL,Jammu And Kashmir,GANDERBAL,"Sample Address 64, GANDERBAL, Jammu And Kashmir",188391,,Education,,,,,
JKNGO065,,A R AZAD MEMORIAL FOUNDATION,Society,,PULWAMA,Jammu And Kashmir,Pulwama,"Sample Address 65, PULWAMA, Jammu And Kashmir",187800,,Social Welfare,,,,,
JKNGO066,,A VOICE FOR JUSTICE,Society,,JAMMU,Jammu And Kashmir,Jammu,"Sample Address 66, JAMMU, Jammu And Kashmir",191079,,Women Empowerment,,,,,
JKNGO067,,A.K EDUCATIONAL RESEARCH FOUNDATION,Trust,,SRINAGAR,Jammu And Kashmir,Srinagar,"Sample Address 67, SRINAGAR, Jammu And Kashmir",183173,,Education,,,,,
JKNGO068,,AABRU WOMENS WELFARE SOCIETY,Society,,SRINAGAR,Jammu And Kashmir,SRINAGAR,"Sample Address 68, SRINAGAR, Jammu And Kashmir",181644,,Women Empowerment,,,,,
JKNGO069,,AAES SEWA FOUNDATION,Section 8 Company,,ANANTNAG,Jammu And Kashmir,Dooru,"Sample Address 69, ANANTNAG, Jammu And Kashmir",180187,,Social Welfare,,,,,
JKNGO070,,AAFIYAT HUMANITY VISION FOUNDATION,Section 8 Company,,PULWAMA,Jammu And Kashmir,Awantipora,"Sample Address 70, PULWAMA, Jammu And Kashmir",182419,,Health,,,,,
JKNGO071,,AAGAZ-E- HUNAR,Trust,,BARAMULLA,Jammu And Kashmir,Tangmarg,"Sample Address 71, BARAMULLA, Jammu And Kashmir",189158,,Skill Development,,,,,
JKNGO072,,AAMANI CHARITABLE TRUST INDIA,Trust,,JAMMU,Jammu And Kashmir,Jammu,"Sample Address 72, JAMMU, Jammu And Kashmir",187375,,Charity,,,,,
JKNGO073,,AANGAN-DOSTI FOUNDATION,Trust,,BUDGAM,Jammu And Kashmir,Budgam,"Sample Address 73, BUDGAM, Jammu And Kashmir",185389,,Social Welfare,,,,,
JKNGO074,,AARADHYA EDUCATION TRUST,Trust,,UDHAMPUR,Jammu And Kashmir,UDHAMPUR,"Sample Address 74, UDHAMPUR, Jammu And Kashmir",189253,,Education,,,,,
JKNGO075,,AARIFEEN CENTRE FOR YOUTH INITATIVE,Society,,BUDGAM,Jammu And Kashmir,SRINAGAR,"Sample Address 75, BUDGAM, Jammu And Kashmir",192577,,Youth,,,,,
JKNGO076,,AASH FOUNDATION HERMAN,Trust,,SHOPIAN,Jammu And Kashmir,Zainapora,"Sample Address 76, SHOPIAN, Jammu And Kashmir",189531,,Environment,,,,,
JKNGO077,,AASH HOPE OF KASHMIR,Trust,,SRINAGAR,Jammu And Kashmir,SRINAGAR,"Sample Address 77, SRINAGAR, Jammu And Kashmir",189469,,Women Empowerment,,,,,
JKNGO078,,AASHRAY CANCER TRUST,Trust,,JAMMU,Jammu And Kashmir,Jammu,"Sample Address 78, JAMMU, Jammu And Kashmir",191525,,Health,,,,,
JKNGO079,,ABDULLAH WELFARE FOUNDATION,Section 8 Company,,SRINAGAR,Jammu And Kashmir,Srinagar,"Sample Address 79, SRINAGAR, Jammu And Kashmir",185818,,Social Welfare,,,,,
JKNGO080,,ABHAAR EDUCATIONAL FOUNDATION,Section 8 Company,,JAMMU,Jammu And Kashmir,JAMMU,"Sample Address 80, JAMMU, Jammu And Kashmir",192872,,Education,,,,,
JKNGO081,,108SEVAK,Society,,JAMMU,Jammu And Kashmir,JAMMU,"Sample Address 81, JAMMU, Jammu And Kashmir",193647,,Social Welfare,,,,,
JKNGO082,,A B Skills,Trust,,SRINAGAR,Jammu And Kashmir,Srinagar,"Sample Address 82, SRINAGAR, Jammu And Kashmir",180336,,Skill Development,,,,,
JKNGO083,,A HELPING HAND,Trust,,JAMMU,Jammu And Kashmir,Jammu,"Sample Address 83, JAMMU, Jammu And Kashmir",181779,,Health,,,,,
JKNGO084,,A P J MEMORIAL EDUCATIONAL TRUST,Trust,,GANDERBAL,Jammu And Kashmir,GANDERBAL,"Sample Address 84, GANDERBAL, Jammu And Kashmir",189850,,Education,,,,,
JKNGO085,,A R AZAD MEMORIAL FOUNDATION,Society,,PULWAMA,Jammu And Kashmir,Pulwama,"Sample Address 85, PULWAMA, Jammu And Kashmir",180541,,Social Welfare,,,,,
JKNGO086,,A VOICE FOR JUSTICE,Society,,JAMMU,Jammu And Kashmir,Jammu,"Sample Address 86, JAMMU, Jammu And Kashmir",188923,,Women Empowerment,,,,,
JKNGO087,,A.K EDUCATIONAL RESEARCH FOUNDATION,Trust,,SRINAGAR,Jammu And Kashmir,Srinagar,"Sample Address 87, SRINAGAR, Jammu And Kashmir",189315,,Education,,,,,
JKNGO088,,AABRU WOMENS WELFARE SOCIETY,Society,,SRINAGAR,Jammu And Kashmir,SRINAGAR,"Sample Address 88, SRINAGAR, Jammu And Kashmir",184025,,Women Empowerment,,,,,
JKNGO089,,AAES SEWA FOUNDATION,Section 8 Company,,ANANTNAG,Jammu And Kashmir,Dooru,"Sample Address 89, ANANTNAG, Jammu And Kashmir",184750,,Social Welfare,,,,,
JKNGO090,,AAFIYAT HUMANITY VISION FOUNDATION,Section 8 Company,,PULWAMA,Jammu And Kashmir,Awantipora,"Sample Address 90, PULWAMA, Jammu And Kashmir",188230,,Health,,,,,
JKNGO091,,AAGAZ-E- HUNAR,Trust,,BARAMULLA,Jammu And Kashmir,Tangmarg,"Sample Address 91, BARAMULLA, Jammu And Kashmir",192854,,Skill Development,,,,,
JKNGO092,,AAMANI CHARITABLE TRUST INDIA,Trust,,JAMMU,Jammu And Kashmir,Jammu,"Sample Address 92, JAMMU, Jammu And Kashmir",182858,,Charity,,,,,
JKNGO093,,AANGAN-DOSTI FOUNDATION,Trust,,BUDGAM,Jammu And Kashmir,Budgam,"Sample Address 93, BUDGAM, Jammu And Kashmir",182622,,Social Welfare,,,,,
JKNGO094,,AARADHYA EDUCATION TRUST,Trust,,UDHAMPUR,Jammu And Kashmir,UDHAMPUR,"Sample Address 94, UDHAMPUR, Jammu And Kashmir",191987,,Education,,,,,
JKNGO095,,AARIFEEN CENTRE FOR YOUTH INITATIVE,Society,,BUDGAM,Jammu And Kashmir,SRINAGAR,"Sample Address 95, BUDGAM, Jammu And Kashmir",182654,,Youth,,,,,
JKNGO096,,AASH FOUNDATION HERMAN,Trust,,SHOPIAN,Jammu And Kashmir,Zainapora,"Sample Address 96, SHOPIAN, Jammu And Kashmir",188297,,Environment,,,,,
JKNGO097,,AASH HOPE OF KASHMIR,Trust,,SRINAGAR,Jammu And Kashmir,SRINAGAR,"Sample Address 97, SRINAGAR, Jammu And Kashmir",187158,,Women Empowerment,,,,,
JKNGO098,,AASHRAY CANCER TRUST,Trust,,JAMMU,Jammu And Kashmir,Jammu,"Sample Address 98, JAMMU, Jammu And Kashmir",193754,,Health,,,,,
JKNGO099,,ABDULLAH WELFARE FOUNDATION,Section 8 Company,,SRINAGAR,Jammu And Kashmir,Srinagar,"Sample Address 99, SRINAGAR, Jammu And Kashmir",180304,,Social Welfare,,,,,
JKNGO100,,ABHAAR EDUCATIONAL FOUNDATION,Section 8 Company,,JAMMU,Jammu And Kashmir,JAMMU,"Sample Address 100, JAMMU, Jammu And Kashmir",192079,,Education,,,,,
607f0af0d20040321505cd45c48e1b39,,'DEEP' Development For Environment Education Programme,,,GODDA,Jharkhand,,,,"Children, Civic Issues, Education & Literacy, Legal Awareness & Aid",,,,,,1
703409408801409486e5f895006f1eb5,,1ST STEP FOUNDATION,,,PALAMU,Jharkhand,,,,"Aged/Elderly, Agriculture, Education & Literacy",,,,,,2
e0b803b0540140ee8bc2cc4296291073,,99 KOYLANCHAL CITY MANDIR TRUST,,,DHANBAD,Jharkhand,,,,Religious,,,,,,3
50360910830640d12d80cb69e8469983,,99 SOCIAL HARTATORY AND NOVEL FOUNDATION,,,DHANBAD,Jharkhand,,,,,,,,,,4
70580b70930e40499852a67a021696b7,,A AND A CHARITABLE TRUST,,,DHANBAD,Jharkhand,,,,"Children, Education & Literacy",,,,,,5
e0f80f70ce0e40597dd3fc7c076b5d17,,A.M. MEMORIAL EDUCATIONAL AND WELFARE TRUST,,,RANCHI,Jharkhand,,,,Education & Literacy,,,,,,6
b0be0270480f408682228662832a3a91,,A.P.J. ABDUL KALAM MEMORIAL TRUST,,,BOKARO,Jharkhand,,,,"Aged/Elderly, Agriculture",,,,,,7
50480440600a40d10f268e5f365d3033,,A.R.ASSOCIATE.,,,EAST SINGHBUM,Jharkhand,,,,Education & Literacy,,,,,,8
50480ce04109407c1996b424810466b0,,AABAD SOCIAL WELFARE FOUNDATION,,,BOKARO,Jharkhand,,,,"Agriculture, Art & Culture",,,,,,9
e0db0080ac0e40b02b621f2ff7ea1019,,AABHA CREATIVE ORGANIZATION,,,HAZARIBAGH,Jharkhand,,,,"Agriculture, Differently Abled",,,,,,10
607f0af0d20040321505cd45c48e1b39,,'DEEP' Development For Environment Education Programme,,,GODDA,Jharkhand,,,,"Children, Civic Issues, Education & Literacy, Legal Awareness & Aid",,,,,,11
703409408801409486e5f895006f1eb5,,1ST STEP FOUNDATION,,,PALAMU,Jharkhand,,,,"Aged/Elderly, Agriculture, Education & Literacy",,,,,,12
e0b803b0540140ee8bc2cc4296291073,,99 KOYLANCHAL CITY MANDIR TRUST,,,DHANBAD,Jharkhand,,,,Religious,,,,,,13
50360910830640d12d80cb69e8469983,,99 SOCIAL HARTATORY AND NOVEL FOUNDATION,,,DHANBAD,Jharkhand,,,,,,,,,,14
70580b70930e40499852a67a021696b7,,A AND A CHARITABLE TRUST,,,DHANBAD,Jharkhand,,,,"Children, Education & Literacy",,,,,,15
e0f80f70ce0e40597dd3fc7c076b5d17,,A.M. MEMORIAL EDUCATIONAL AND WELFARE TRUST,,,RANCHI,Jharkhand,,,,Education & Literacy,,,,,,16
b0be0270480f408682228662832a3a91,,A.P.J. ABDUL KALAM MEMORIAL TRUST,,,BOKARO,Jharkhand,,,,"Aged/Elderly, Agriculture",,,,,,17
50480440600a40d10f268e5f365d3033,,A.R.ASSOCIATE.,,,EAST SINGHBUM,Jharkhand,,,,Education & Literacy,,,,,,18
50480ce04109407c1996b424810466b0,,AABAD SOCIAL WELFARE FOUNDATION,,,BOKARO,Jharkhand,,,,"Agriculture, Art & Culture",,,,,,19
e0db0080ac0e40b02b621f2ff7ea1019,,AABHA CREATIVE ORGANIZATION,,,HAZARIBAGH,Jharkhand,,,,"Agriculture, Differently Abled",,,,,,20
607f0af0d20040321505cd45c48e1b39,,'DEEP' Development For Environment Education Programme,,,GODDA,Jharkhand,,,,"Children, Civic Issues, Education & Literacy, Legal Awareness & Aid",,,,,,21
703409408801409486e5f895006f1eb5,,1ST STEP FOUNDATION,,,PALAMU,Jharkhand,,,,"Aged/Elderly, Agriculture, Education & Literacy",,,,,,22
e0b803b0540140ee8bc2cc4296291073,,99 KOYLANCHAL CITY MANDIR TRUST,,,DHANBAD,Jharkhand,,,,Religious,,,,,,23
50360910830640d12d80cb69e8469983,,99 SOCIAL HARTATORY AND NOVEL FOUNDATION,,,DHANBAD,Jharkhand,,,,,,,,,,24
70580b70930e40499852a67a021696b7,,A AND A CHARITABLE TRUST,,,DHANBAD,Jharkhand,,,,"Children, Education & Literacy",,,,,,25
e0f80f70ce0e40597dd3fc7c076b5d17,,A.M. MEMORIAL EDUCATIONAL AND WELFARE TRUST,,,RANCHI,Jharkhand,,,,Education & Literacy,,,,,,26
b0be0270480f408682228662832a3a91,,A.P.J. ABDUL KALAM MEMORIAL TRUST,,,BOKARO,Jharkhand,,,,"Aged/Elderly, Agriculture",,,,,,27
50480440600a40d10f268e5f365d3033,,A.R.ASSOCIATE.,,,EAST SINGHBUM,Jharkhand,,,,Education & Literacy,,,,,,28
50480ce04109407c1996b424810466b0,,AABAD SOCIAL WELFARE FOUNDATION,,,BOKARO,Jharkhand,,,,"Agriculture, Art & Culture",,,,,,29
e0db0080ac0e40b02b621f2ff7ea1019,,AABHA CREATIVE ORGANIZATION,,,HAZARIBAGH,Jharkhand,,,,"Agriculture, Differently Abled",,,,,,30
607f0af0d20040321505cd45c48e1b39,,'DEEP' Development For Environment Education Programme,,,GODDA,Jharkhand,,,,"Children, Civic Issues, Education & Literacy, Legal Awareness & Aid",,,,,,31
703409408801409486e5f895006f1eb5,,1ST STEP FOUNDATION,,,PALAMU,Jharkhand,,,,"Aged/Elderly, Agriculture, Education & Literacy",,,,,,32
e0b803b0540140ee8bc2cc4296291073,,99 KOYLANCHAL CITY MANDIR TRUST,,,DHANBAD,Jharkhand,,,,Religious,,,,,,33
50360910830640d12d80cb69e8469983,,99 SOCIAL HARTATORY AND NOVEL FOUNDATION,,,DHANBAD,Jharkhand,,,,,,,,,,34
70580b70930e40499852a67a021696b7,,A AND A CHARITABLE TRUST,,,DHANBAD,Jharkhand,,,,"Children, Education & Literacy",,,,,,35
e0f80f70ce0e40597dd3fc7c076b5d17,,A.M. MEMORIAL EDUCATIONAL AND WELFARE TRUST,,,RANCHI,Jharkhand,,,,Education & Literacy,,,,,,36
b0be0270480f408682228662832a3a91,,A.P.J. ABDUL KALAM MEMORIAL TRUST,,,BOKARO,Jharkhand,,,,"Aged/Elderly, Agriculture",,,,,,37
50480440600a40d10f268e5f365d3033,,A.R.ASSOCIATE.,,,EAST SINGHBUM,Jharkhand,,,,Education & Literacy,,,,,,38
50480ce04109407c1996b424810466b0,,AABAD SOCIAL WELFARE FOUNDATION,,,BOKARO,Jharkhand,,,,"Agriculture, Art & Culture",,,,,,39
e0db0080ac0e40b02b621f2ff7ea1019,,AABHA CREATIVE ORGANIZATION,,,HAZARIBAGH,Jharkhand,,,,"Agriculture, Differently Abled",,,,,,40
607f0af0d20040321505cd45c48e1b39,,'DEEP' Development For Environment Education Programme,,,GODDA,Jharkhand,,,,"Children, Civic Issues, Education & Literacy, Legal Awareness & Aid",,,,,,41
703409408801409486e5f895006f1eb5,,1ST STEP FOUNDATION,,,PALAMU,Jharkhand,,,,"Aged/Elderly, Agriculture, Education & Literacy",,,,,,42
e0b803b0540140ee8bc2cc4296291073,,99 KOYLANCHAL CITY MANDIR TRUST,,,DHANBAD,Jharkhand,,,,Religious,,,,,,43
50360910830640d12d80cb69e8469983,,99 SOCIAL HARTATORY AND NOVEL FOUNDATION,,,DHANBAD,Jharkhand,,,,,,,,,,44
70580b70930e40499852a67a021696b7,,A AND A CHARITABLE TRUST,,,DHANBAD,Jharkhand,,,,"Children, Education & Literacy",,,,,,45
e0f80f70ce0e40597dd3fc7c076b5d17,,A.M. MEMORIAL EDUCATIONAL AND WELFARE TRUST,,,RANCHI,Jharkhand,,,,Education & Literacy,,,,,,46
b0be0270480f408682228662832a3a91,,A.P.J. ABDUL KALAM MEMORIAL TRUST,,,BOKARO,Jharkhand,,,,"Aged/Elderly, Agriculture",,,,,,47
50480440600a40d10f268e5f365d3033,,A.R.ASSOCIATE.,,,EAST SINGHBUM,Jharkhand,,,,Education & Literacy,,,,,,48
50480ce04109407c1996b424810466b0,,AABAD SOCIAL WELFARE FOUNDATION,,,BOKARO,Jharkhand,,,,"Agriculture, Art & Culture",,,,,,49
e0db0080ac0e40b02b621f2ff7ea1019,,AABHA CREATIVE ORGANIZATION,,,HAZARIBAGH,Jharkhand,,,,"Agriculture, Differently Abled",,,,,,50
607f0af0d20040321505cd45c48e1b39,,'DEEP' Development For Environment Education Programme,,,GODDA,Jharkhand,,,,"Children, Civic Issues, Education & Literacy, Legal Awareness & Aid",,,,,,51
703409408801409486e5f895006f1eb5,,1ST STEP FOUNDATION,,,PALAMU,Jharkhand,,,,"Aged/Elderly, Agriculture, Education & Literacy",,,,,,52
e0b803b0540140ee8bc2cc4296291073,,99 KOYLANCHAL CITY MANDIR TRUST,,,DHANBAD,Jharkhand,,,,Religious,,,,,,53
50360910830640d12d80cb69e8469983,,99 SOCIAL HARTATORY AND NOVEL FOUNDATION,,,DHANBAD,Jharkhand,,,,,,,,,,54
70580b70930e40499852a67a021696b7,,A AND A CHARITABLE TRUST,,,DHANBAD,Jharkhand,,,,"Children, Education & Literacy",,,,,,55
e0f80f70ce0e40597dd3fc7c076b5d17,,A.M. MEMORIAL EDUCATIONAL AND WELFARE TRUST,,,RANCHI,Jharkhand,,,,Education & Literacy,,,,,,56
b0be0270480f408682228662832a3a91,,A.P.J. ABDUL KALAM MEMORIAL TRUST,,,BOKARO,Jharkhand,,,,"Aged/Elderly, Agriculture",,,,,,57
50480440600a40d10f268e5f365d3033,,A.R.ASSOCIATE.,,,EAST SINGHBUM,Jharkhand,,,,Education & Literacy,,,,,,58
50480ce04109407c1996b424810466b0,,AABAD SOCIAL WELFARE FOUNDATION,,,BOKARO,Jharkhand,,,,"Agriculture, Art & Culture",,,,,,59
e0db0080ac0e40b02b621f2ff7ea1019,,AABHA CREATIVE ORGANIZATION,,,HAZARIBAGH,Jharkhand,,,,"Agriculture, Differently Abled",,,,,,60
607f0af0d20040321505cd45c48e1b39,,'DEEP' Development For Environment Education Programme,,,GODDA,Jharkhand,,,,"Children, Civic Issues, Education & Literacy, Legal Awareness & Aid",,,,,,61
703409408801409486e5f895006f1eb5,,1ST STEP FOUNDATION,,,PALAMU,Jharkhand,,,,"Aged/Elderly, Agriculture, Education & Literacy",,,,,,62
e0b803b0540140ee8bc2cc4296291073,,99 KOYLANCHAL CITY MANDIR TRUST,,,DHANBAD,Jharkhand,,,,Religious,,,,,,63
50360910830640d12d80cb69e8469983,,99 SOCIAL HARTATORY AND NOVEL FOUNDATION,,,DHANBAD,Jharkhand,,,,,,,,,,64
70580b70930e40499852a67a021696b7,,A AND A CHARITABLE TRUST,,,DHANBAD,Jharkhand,,,,"Children, Education & Literacy",,,,,,65
e0f80f70ce0e40597dd3fc7c076b5d17,,A.M. MEMORIAL EDUCATIONAL AND WELFARE TRUST,,,RANCHI,Jharkhand,,,,Education & Literacy,,,,,,66
b0be0270480f408682228662832a3a91,,A.P.J. ABDUL KALAM MEMORIAL TRUST,,,BOKARO,Jharkhand,,,,"Aged/Elderly, Agriculture",,,,,,67
50480440600a40d10f268e5f365d3033,,A.R.ASSOCIATE.,,,EAST SINGHBUM,Jharkhand,,,,Education & Literacy,,,,,,68
50480ce04109407c1996b424810466b0,,AABAD SOCIAL WELFARE FOUNDATION,,,BOKARO,Jharkhand,,,,"Agriculture, Art & Culture",,,,,,69
e0db0080ac0e40b02b621f2ff7ea1019,,AABHA CREATIVE ORGANIZATION,,,HAZARIBAGH,Jharkhand,,,,"Agriculture, Differently Abled",,,,,,70
607f0af0d20040321505cd45c48e1b39,,'DEEP' Development For Environment Education Programme,,,GODDA,Jharkhand,,,,"Children, Civic Issues, Education & Literacy, Legal Awareness & Aid",,,,,,71
703409408801409486e5f895006f1eb5,,1ST STEP FOUNDATION,,,PALAMU,Jharkhand,,,,"Aged/Elderly, Agriculture, Education & Literacy",,,,,,72
e0b803b0540140ee8bc2cc4296291073,,99 KOYLANCHAL CITY MANDIR TRUST,,,DHANBAD,Jharkhand,,,,Religious,,,,,,73
50360910830640d12d80cb69e8469983,,99 SOCIAL HARTATORY AND NOVEL FOUNDATION,,,DHANBAD,Jharkhand,,,,,,,,,,74
70580b70930e40499852a67a021696b7,,A AND A CHARITABLE TRUST,,,DHANBAD,Jharkhand,,,,"Children, Education & Literacy",,,,,,75
e0f80f70ce0e40597dd3fc7c076b5d17,,A.M. MEMORIAL EDUCATIONAL AND WELFARE TRUST,,,RANCHI,Jharkhand,,,,Education & Literacy,,,,,,76
b0be0270480f408682228662832a3a91,,A.P.J. ABDUL KALAM MEMORIAL TRUST,,,BOKARO,Jharkhand,,,,"Aged/Elderly, Agriculture",,,,,,77
50480440600a40d10f268e5f365d3033,,A.R.ASSOCIATE.,,,EAST SINGHBUM,Jharkhand,,,,Education & Literacy,,,,,,78
50480ce04109407c1996b424810466b0,,AABAD SOCIAL WELFARE FOUNDATION,,,BOKARO,Jharkhand,,,,"Agriculture, Art & Culture",,,,,,79
e0db0080ac0e40b02b621f2ff7ea1019,,AABHA CREATIVE ORGANIZATION,,,HAZARIBAGH,Jharkhand,,,,"Agriculture, Differently Abled",,,,,,80
607f0af0d20040321505cd45c48e1b39,,'DEEP' Development For Environment Education Programme,,,GODDA,Jharkhand,,,,"Children, Civic Issues, Education & Literacy, Legal Awareness & Aid",,,,,,81
703409408801409486e5f895006f1eb5,,1ST STEP FOUNDATION,,,PALAMU,Jharkhand,,,,"Aged/Elderly, Agriculture, Education & Literacy",,,,,,82
e0b803b0540140ee8bc2cc4296291073,,99 KOYLANCHAL CITY MANDIR TRUST,,,DHANBAD,Jharkhand,,,,Religious,,,,,,83
50360910830640d12d80cb69e8469983,,99 SOCIAL HARTATORY AND NOVEL FOUNDATION,,,DHANBAD,Jharkhand,,,,,,,,,,84
70580b70930e40499852a67a021696b7,,A AND A CHARITABLE TRUST,,,DHANBAD,Jharkhand,,,,"Children, Education & Literacy",,,,,,85
e0f80f70ce0e40597dd3fc7c076b5d17,,A.M. MEMORIAL EDUCATIONAL AND WELFARE TRUST,,,RANCHI,Jharkhand,,,,Education & Literacy,,,,,,86
b0be0270480f408682228662832a3a91,,A.P.J. ABDUL KALAM MEMORIAL TRUST,,,BOKARO,Jharkhand,,,,"Aged/Elderly, Agriculture",,,,,,87
50480440600a40d10f268e5f365d3033,,A.R.ASSOCIATE.,,,EAST SINGHBUM,Jharkhand,,,,Education & Literacy,,,,,,88
50480ce04109407c1996b424810466b0,,AABAD SOCIAL WELFARE FOUNDATION,,,BOKARO,Jharkhand,,,,"Agriculture, Art & Culture",,,,,,89
e0db0080ac0e40b02b621f2ff7ea1019,,AABHA CREATIVE ORGANIZATION,,,HAZARIBAGH,Jharkhand,,,,"Agriculture, Differently Abled",,,,,,90
607f0af0d20040321505cd45c48e1b39,,'DEEP' Development For Environment Education Programme,,,GODDA,Jharkhand,,,,"Children, Civic Issues, Education & Literacy, Legal Awareness & Aid",,,,,,91
703409408801409486e5f895006f1eb5,,1ST STEP FOUNDATION,,,PALAMU,Jharkhand,,,,"Aged/Elderly, Agriculture, Education & Literacy",,,,,,92
e0b803b0540140ee8bc2cc4296291073,,99 KOYLANCHAL CITY MANDIR TRUST,,,DHANBAD,Jharkhand,,,,Religious,,,,,,93
50360910830640d12d80cb69e8469983,,99 SOCIAL HARTATORY AND NOVEL FOUNDATION,,,DHANBAD,Jharkhand,,,,,,,,,,94
70580b70930e40499852a67a021696b7,,A AND A CHARITABLE TRUST,,,DHANBAD,Jharkhand,,,,"Children, Education & Literacy",,,,,,95
e0f80f70ce0e40597dd3fc7c076b5d17,,A.M. MEMORIAL EDUCATIONAL AND WELFARE TRUST,,,RANCHI,Jharkhand,,,,Education & Literacy,,,,,,96
b0be0270480f408682228662832a3a91,,A.P.J. ABDUL KALAM MEMORIAL TRUST,,,BOKARO,Jharkhand,,,,"Aged/Elderly, Agriculture",,,,,,97
50480440600a40d10f268e5f365d3033,,A.R.ASSOCIATE.,,,EAST SINGHBUM,Jharkhand,,,,Education & Literacy,,,,,,98
50480ce04109407c1996b424810466b0,,AABAD SOCIAL WELFARE FOUNDATION,,,BOKARO,Jharkhand,,,,"Agriculture, Art & Culture",,,,,,99
e0db0080ac0e40b02b621f2ff7ea1019,,AABHA CREATIVE ORGANIZATION,,,HAZARIBAGH,Jharkhand,,,,"Agriculture, Differently Abled",,,,,,100
a0ea0540bc0840791b634806162731a8,,SHRI RAGHAVENDRA SWAMI SEVA SAMITI #1,,,BELAGAVI,Karnataka,,,,"Aged/Elderly, Differently Abled, Education & Literacy",,,,,,
906806d00d0a405428d9766e32cd89a8,,BILDENS PARADISE RESIDENTS WELFARE ASSOCIATION #1,,,BENGALURU URBAN,Karnataka,,,,,,,,,,
c0a601500c0d40592d34d364d9372ce7,,INAMDAR REGIONAL EDUCATIONAL & CHARITABLE TRUST #1,,,KALABURAGI,Karnataka,,,,Education & Literacy,,,,,,
801c0ee07d0141270fc4076ad85311f3,,(ACK) AKSHYA CHARITABLE KINNS (SC/ST) #1,,,CHITRADURGA,Karnataka,,,,Health & Family Welfare,,,,,,
60ee0990050b40790817f98445f501d7,,1008 BHAGWAN SHRI MAHAVEER JAIN MINORITY CHARITABLE TRUST (R) #1,,,VIJAYAPURA,Karnataka,,,,,,,,,,
90ed00600004409180b08258191064f1,,1008 BHAGWAN SRI AADINATH SEVA TRUST #1,,,KALABURAGI,Karnataka,,,,Women's Development & Empowerment,,,,,,
706c0a60d003401c61c1b78854346511,,1008 sri Marudhar Kesari Jain guru seva samiti trust karnataka #1,,,BENGALURU URBAN,Karnataka,,,,Animal Welfare,,,,,,
90fa0d20110640dc2f533064d92491f2,,101 REPORTERS MEDIA CHARITABLE TRUST #1,,,BENGALURU URBAN,Karnataka,,,,,,,,,,
d0610660ec0840282da6515311694e70,,10X RESIDENTS WELFARE ASSOCIATION #1,,,BENGALURU RURAL,Karnataka,,,,,,,,,,
c0350fe0540b408629797058d9532fc3,,16 DODDI TRUST #1,,,BENGALURU URBAN,Karnataka,,,,Women's Development & Empowerment,,,,,,
a0ea0540bc0840791b634806162731a8,,SHRI RAGHAVENDRA SWAMI SEVA SAMITI #2,,,BELAGAVI,Karnataka,,,,"Aged/Elderly, Differently Abled, Education & Literacy",,,,,,
906806d00d0a405428d9766e32cd89a8,,BILDENS PARADISE RESIDENTS WELFARE ASSOCIATION #2,,,BENGALURU URBAN,Karnataka,,,,,,,,,,
c0a601500c0d40592d34d364d9372ce7,,INAMDAR REGIONAL EDUCATIONAL & CHARITABLE TRUST #2,,,KALABURAGI,Karnataka,,,,Education & Literacy,,,,,,
801c0ee07d0141270fc4076ad85311f3,,(ACK) AKSHYA CHARITABLE KINNS (SC/ST) #2,,,CHITRADURGA,Karnataka,,,,Health & Family Welfare,,,,,,
60ee0990050b40790817f98445f501d7,,1008 BHAGWAN SHRI MAHAVEER JAIN MINORITY CHARITABLE TRUST (R) #2,,,VIJAYAPURA,Karnataka,,,,,,,,,,
90ed00600004409180b08258191064f1,,1008 BHAGWAN SRI AADINATH SEVA TRUST #2,,,KALABURAGI,Karnataka,,,,Women's Development & Empowerment,,,,,,
706c0a60d003401c61c1b78854346511,,1008 sri Marudhar Kesari Jain guru seva samiti trust karnataka #2,,,BENGALURU URBAN,Karnataka,,,,Animal Welfare,,,,,,
90fa0d20110640dc2f533064d92491f2,,101 REPORTERS MEDIA CHARITABLE TRUST #2,,,BENGALURU URBAN,Karnataka,,,,,,,,,,
d0610660ec0840282da6515311694e70,,10X RESIDENTS WELFARE ASSOCIATION #2,,,BENGALURU RURAL,Karnataka,,,,,,,,,,
c0350fe0540b408629797058d9532fc3,,16 DODDI TRUST #2,,,BENGALURU URBAN,Karnataka,,,,Women's Development & Empowerment,,,,,,
a0ea0540bc0840791b634806162731a8,,SHRI RAGHAVENDRA SWAMI SEVA SAMITI #3,,,BELAGAVI,Karnataka,,,,"Aged/Elderly, Differently Abled, Education & Literacy",,,,,,
906806d00d0a405428d9766e32cd89a8,,BILDENS PARADISE RESIDENTS WELFARE ASSOCIATION #3,,,BENGALURU URBAN,Karnataka,,,,,,,,,,
c0a601500c0d40592d34d364d9372ce7,,INAMDAR REGIONAL EDUCATIONAL & CHARITABLE TRUST #3,,,KALABURAGI,Karnataka,,,,Education & Literacy,,,,,,
801c0ee07d0141270fc4076ad85311f3,,(ACK) AKSHYA CHARITABLE KINNS (SC/ST) #3,,,CHITRADURGA,Karnataka,,,,Health & Family Welfare,,,,,,
60ee0990050b40790817f98445f501d7,,1008 BHAGWAN SHRI MAHAVEER JAIN MINORITY CHARITABLE TRUST (R) #3,,,VIJAYAPURA,Karnataka,,,,,,,,,,
90ed00600004409180b08258191064f1,,1008 BHAGWAN SRI AADINATH SEVA TRUST #3,,,KALABURAGI,Karnataka,,,,Women's Development & Empowerment,,,,,,
706c0a60d003401c61c1b78854346511,,1008 sri Marudhar Kesari Jain guru seva samiti trust karnataka #3,,,BENGALURU URBAN,Karnataka,,,,Animal Welfare,,,,,,
90fa0d20110640dc2f533064d92491f2,,101 REPORTERS MEDIA CHARITABLE TRUST #3,,,BENGALURU URBAN,Karnataka,,,,,,,,,,
d0610660ec0840282da6515311694e70,,10X RESIDENTS WELFARE ASSOCIATION #3,,,BENGALURU RURAL,Karnataka,,,,,,,,,,
c0350fe0540b408629797058d9532fc3,,16 DODDI TRUST #3,,,BENGALURU URBAN,Karnataka,,,,Women's Development & Empowerment,,,,,,
a0ea0540bc0840791b634806162731a8,,SHRI RAGHAVENDRA SWAMI SEVA SAMITI #4,,,BELAGAVI,Karnataka,,,,"Aged/Elderly, Differently Abled, Education & Literacy",,,,,,
906806d00d0a405428d9766e32cd89a8,,BILDENS PARADISE RESIDENTS WELFARE ASSOCIATION #4,,,BENGALURU URBAN,Karnataka,,,,,,,,,,
c0a601500c0d40592d34d364d9372ce7,,INAMDAR REGIONAL EDUCATIONAL & CHARITABLE TRUST #4,,,KALABURAGI,Karnataka,,,,Education & Literacy,,,,,,
801c0ee07d0141270fc4076ad85311f3,,(ACK) AKSHYA CHARITABLE KINNS (SC/ST) #4,,,CHITRADURGA,Karnataka,,,,Health & Family Welfare,,,,,,
60ee0990050b40790817f98445f501d7,,1008 BHAGWAN SHRI MAHAVEER JAIN MINORITY CHARITABLE TRUST (R) #4,,,VIJAYAPURA,Karnataka,,,,,,,,,,
90ed00600004409180b08258191064f1,,1008 BHAGWAN SRI AADINATH SEVA TRUST #4,,,KALABURAGI,Karnataka,,,,Women's Development & Empowerment,,,,,,
706c0a60d003401c61c1b78854346511,,1008 sri Marudhar Kesari Jain guru seva samiti trust karnataka #4,,,BENGALURU URBAN,Karnataka,,,,Animal Welfare,,,,,,
90fa0d20110640dc2f533064d92491f2,,101 REPORTERS MEDIA CHARITABLE TRUST #4,,,BENGALURU URBAN,Karnataka,,,,,,,,,,
d0610660ec0840282da6515311694e70,,10X RESIDENTS WELFARE ASSOCIATION #4,,,BENGALURU RURAL,Karnataka,,,,,,,,,,
c0350fe0540b408629797058d9532fc3,,16 DODDI TRUST #4,,,BENGALURU URBAN,Karnataka,,,,Women's Development & Empowerment,,,,,,
a0ea0540bc0840791b634806162731a8,,SHRI RAGHAVENDRA SWAMI SEVA SAMITI #5,,,BELAGAVI,Karnataka,,,,"Aged/Elderly, Differently Abled, Education & Literacy",,,,,,
906806d00d0a405428d9766e32cd89a8,,BILDENS PARADISE RESIDENTS WELFARE ASSOCIATION #5,,,BENGALURU URBAN,Karnataka,,,,,,,,,,
c0a601500c0d40592d34d364d9372ce7,,INAMDAR REGIONAL EDUCATIONAL & CHARITABLE TRUST #5,,,KALABURAGI,Karnataka,,,,Education & Literacy,,,,,,
801c0ee07d0141270fc4076ad85311f3,,(ACK) AKSHYA CHARITABLE KINNS (SC/ST) #5,,,CHITRADURGA,Karnataka,,,,Health & Family Welfare,,,,,,
60ee0990050b40790817f98445f501d7,,1008 BHAGWAN SHRI MAHAVEER JAIN MINORITY CHARITABLE TRUST (R) #5,,,VIJAYAPURA,Karnataka,,,,,,,,,,
90ed00600004409180b08258191064f1,,1008 BHAGWAN SRI AADINATH SEVA TRUST #5,,,KALABURAGI,Karnataka,,,,Women's Development & Empowerment,,,,,,
706c0a60d003401c61c1b78854346511,,1008 sri Marudhar Kesari Jain guru seva samiti trust karnataka #5,,,BENGALURU URBAN,Karnataka,,,,Animal Welfare,,,,,,
90fa0d20110640dc2f533064d92491f2,,101 REPORTERS MEDIA CHARITABLE TRUST #5,,,BENGALURU URBAN,Karnataka,,,,,,,,,,
d0610660ec0840282da6515311694e70,,10X RESIDENTS WELFARE ASSOCIATION #5,,,BENGALURU RURAL,Karnataka,,,,,,,,,,
c0350fe0540b408629797058d9532fc3,,16 DODDI TRUST #5,,,BENGALURU URBAN,Karnataka,,,,Women's Development & Empowerment,,,,,,
a0ea0540bc0840791b634806162731a8,,SHRI RAGHAVENDRA SWAMI SEVA SAMITI #6,,,BELAGAVI,Karnataka,,,,"Aged/Elderly, Differently Abled, Education & Literacy",,,,,,
906806d00d0a405428d9766e32cd89a8,,BILDENS PARADISE RESIDENTS WELFARE ASSOCIATION #6,,,BENGALURU URBAN,Karnataka,,,,,,,,,,
c0a601500c0d40592d34d364d9372ce7,,INAMDAR REGIONAL EDUCATIONAL & CHARITABLE TRUST #6,,,KALABURAGI,Karnataka,,,,Education & Literacy,,,,,,
801c0ee07d0141270fc4076ad85311f3,,(ACK) AKSHYA CHARITABLE KINNS (SC/ST) #6,,,CHITRADURGA,Karnataka,,,,Health & Family Welfare,,,,,,
60ee0990050b40790817f98445f501d7,,1008 BHAGWAN SHRI MAHAVEER JAIN MINORITY CHARITABLE TRUST (R) #6,,,VIJAYAPURA,Karnataka,,,,,,,,,,
90ed00600004409180b08258191064f1,,1008 BHAGWAN SRI AADINATH SEVA TRUST #6,,,KALABURAGI,Karnataka,,,,Women's Development & Empowerment,,,,,,
706c0a60d003401c61c1b78854346511,,1008 sri Marudhar Kesari Jain guru seva samiti trust karnataka #6,,,BENGALURU URBAN,Karnataka,,,,Animal Welfare,,,,,,
90fa0d20110640dc2f533064d92491f2,,101 REPORTERS MEDIA CHARITABLE TRUST #6,,,BENGALURU URBAN,Karnataka,,,,,,,,,,
d0610660ec0840282da6515311694e70,,10X RESIDENTS WELFARE ASSOCIATION #6,,,BENGALURU RURAL,Karnataka,,,,,,,,,,
c0350fe0540b408629797058d9532fc3,,16 DODDI TRUST #6,,,BENGALURU URBAN,Karnataka,,,,Women's Development & Empowerment,,,,,,
a0ea0540bc0840791b634806162731a8,,SHRI RAGHAVENDRA SWAMI SEVA SAMITI #7,,,BELAGAVI,Karnataka,,,,"Aged/Elderly, Differently Abled, Education & Literacy",,,,,,
906806d00d0a405428d9766e32cd89a8,,BILDENS PARADISE RESIDENTS WELFARE ASSOCIATION #7,,,BENGALURU URBAN,Karnataka,,,,,,,,,,
c0a601500c0d40592d34d364d9372ce7,,INAMDAR REGIONAL EDUCATIONAL & CHARITABLE TRUST #7,,,KALABURAGI,Karnataka,,,,Education & Literacy,,,,,,
801c0ee07d0141270fc4076ad85311f3,,(ACK) AKSHYA CHARITABLE KINNS (SC/ST) #7,,,CHITRADURGA,Karnataka,,,,Health & Family Welfare,,,,,,
60ee0990050b40790817f98445f501d7,,1008 BHAGWAN SHRI MAHAVEER JAIN MINORITY CHARITABLE TRUST (R) #7,,,VIJAYAPURA,Karnataka,,,,,,,,,,
90ed00600004409180b08258191064f1,,1008 BHAGWAN SRI AADINATH SEVA TRUST #7,,,KALABURAGI,Karnataka,,,,Women's Development & Empowerment,,,,,,
706c0a60d003401c61c1b78854346511,,1008 sri Marudhar Kesari Jain guru seva samiti trust karnataka #7,,,BENGALURU URBAN,Karnataka,,,,Animal Welfare,,,,,,
90fa0d20110640dc2f533064d92491f2,,101 REPORTERS MEDIA CHARITABLE TRUST #7,,,BENGALURU URBAN,Karnataka,,,,,,,,,,
d0610660ec0840282da6515311694e70,,10X RESIDENTS WELFARE ASSOCIATION #7,,,BENGALURU RURAL,Karnataka,,,,,,,,,,
c0350fe0540b408629797058d9532fc3,,16 DODDI TRUST #7,,,BENGALURU URBAN,Karnataka,,,,Women's Development & Empowerment,,,,,,
a0ea0540bc0840791b634806162731a8,,SHRI RAGHAVENDRA SWAMI SEVA SAMITI #8,,,BELAGAVI,Karnataka,,,,"Aged/Elderly, Differently Abled, Education & Literacy",,,,,,
906806d00d0a405428d9766e32cd89a8,,BILDENS PARADISE RESIDENTS WELFARE ASSOCIATION #8,,,BENGALURU URBAN,Karnataka,,,,,,,,,,
c0a601500c0d40592d34d364d9372ce7,,INAMDAR REGIONAL EDUCATIONAL & CHARITABLE TRUST #8,,,KALABURAGI,Karnataka,,,,Education & Literacy,,,,,,
801c0ee07d0141270fc4076ad85311f3,,(ACK) AKSHYA CHARITABLE KINNS (SC/ST) #8,,,CHITRADURGA,Karnataka,,,,Health & Family Welfare,,,,,,
60ee0990050b40790817f98445f501d7,,1008 BHAGWAN SHRI MAHAVEER JAIN MINORITY CHARITABLE TRUST (R) #8,,,VIJAYAPURA,Karnataka,,,,,,,,,,
90ed00600004409180b08258191064f1,,1008 BHAGWAN SRI AADINATH SEVA TRUST #8,,,KALABURAGI,Karnataka,,,,Women's Development & Empowerment,,,,,,
706c0a60d003401c61c1b78854346511,,1008 sri Marudhar Kesari Jain guru seva samiti trust karnataka #8,,,BENGALURU URBAN,Karnataka,,,,Animal Welfare,,,,,,
90fa0d20110640dc2f533064d92491f2,,101 REPORTERS MEDIA CHARITABLE TRUST #8,,,BENGALURU URBAN,Karnataka,,,,,,,,,,
d0610660ec0840282da6515311694e70,,10X RESIDENTS WELFARE ASSOCIATION #8,,,BENGALURU RURAL,Karnataka,,,,,,,,,,
c0350fe0540b408629797058d9532fc3,,16 DODDI TRUST #8,,,BENGALURU URBAN,Karnataka,,,,Women's Development & Empowerment,,,,,,
a0ea0540bc0840791b634806162731a8,,SHRI RAGHAVENDRA SWAMI SEVA SAMITI #9,,,BELAGAVI,Karnataka,,,,"Aged/Elderly, Differently Abled, Education & Literacy",,,,,,
906806d00d0a405428d9766e32cd89a8,,BILDENS PARADISE RESIDENTS WELFARE ASSOCIATION #9,,,BENGALURU URBAN,Karnataka,,,,,,,,,,
c0a601500c0d40592d34d364d9372ce7,,INAMDAR REGIONAL EDUCATIONAL & CHARITABLE TRUST #9,,,KALABURAGI,Karnataka,,,,Education & Literacy,,,,,,
801c0ee07d0141270fc4076ad85311f3,,(ACK) AKSHYA CHARITABLE KINNS (SC/ST) #9,,,CHITRADURGA,Karnataka,,,,Health & Family Welfare,,,,,,
60ee0990050b40790817f98445f501d7,,1008 BHAGWAN SHRI MAHAVEER JAIN MINORITY CHARITABLE TRUST (R) #9,,,VIJAYAPURA,Karnataka,,,,,,,,,,
90ed00600004409180b08258191064f1,,1008 BHAGWAN SRI AADINATH SEVA TRUST #9,,,KALABURAGI,Karnataka,,,,Women's Development & Empowerment,,,,,,
706c0a60d003401c61c1b78854346511,,1008 sri Marudhar Kesari Jain guru seva samiti trust karnataka #9,,,BENGALURU URBAN,Karnataka,,,,Animal Welfare,,,,,,
90fa0d20110640dc2f533064d92491f2,,101 REPORTERS MEDIA CHARITABLE TRUST #9,,,BENGALURU URBAN,Karnataka,,,,,,,,,,
d0610660ec0840282da6515311694e70,,10X RESIDENTS WELFARE ASSOCIATION #9,,,BENGALURU RURAL,Karnataka,,,,,,,,,,
c0350fe0540b408629797058d9532fc3,,16 DODDI TRUST #9,,,BENGALURU URBAN,Karnataka,,,,Women's Development & Empowerment,,,,,,
a0ea0540bc0840791b634806162731a8,,SHRI RAGHAVENDRA SWAMI SEVA SAMITI #10,,,BELAGAVI,Karnataka,,,,"Aged/Elderly, Differently Abled, Education & Literacy",,,,,,
906806d00d0a405428d9766e32cd89a8,,BILDENS PARADISE RESIDENTS WELFARE ASSOCIATION #10,,,BENGALURU URBAN,Karnataka,,,,,,,,,,
c0a601500c0d40592d34d364d9372ce7,,INAMDAR REGIONAL EDUCATIONAL & CHARITABLE TRUST #10,,,KALABURAGI,Karnataka,,,,Education & Literacy,,,,,,
801c0ee07d0141270fc4076ad85311f3,,(ACK) AKSHYA CHARITABLE KINNS (SC/ST) #10,,,CHITRADURGA,Karnataka,,,,Health & Family Welfare,,,,,,
60ee0990050b40790817f98445f501d7,,1008 BHAGWAN SHRI MAHAVEER JAIN MINORITY CHARITABLE TRUST (R) #10,,,VIJAYAPURA,Karnataka,,,,,,,,,,
90ed00600004409180b08258191064f1,,1008 BHAGWAN SRI AADINATH SEVA TRUST #10,,,KALABURAGI,Karnataka,,,,Women's Development & Empowerment,,,,,,
706c0a60d003401c61c1b78854346511,,1008 sri Marudhar Kesari Jain guru seva samiti trust karnataka #10,,,BENGALURU URBAN,Karnataka,,,,Animal Welfare,,,,,,
90fa0d20110640dc2f533064d92491f2,,101 REPORTERS MEDIA CHARITABLE TRUST #10,,,BENGALURU URBAN,Karnataka,,,,,,,,,,
d0610660ec0840282da6515311694e70,,10X RESIDENTS WELFARE ASSOCIATION #10,,,BENGALURU RURAL,Karnataka,,,,,,,,,,
c0350fe0540b408629797058d9532fc3,,16 DODDI TRUST #10,,,BENGALURU URBAN,Karnataka,,,,Women's Development & Empowerment,,,,,,
50aa0bf0d10b40ee03b9c77562470587,KL/2020/0267381,'K.S.ABDULLAH EDUCATIONAL TRUST,Trust,138/IV/1993,KASARAGOD,Kerala,KASARAGOD,,671172,,,,,,TRUE,1
003601b0f20d401b2ab09a1752a472c6,KL/2024/0381739,(KMA)KERALEEYAM MOTORSPORT ASSOCIATION,Society,EKM/TC/159/2022,ERNAKULAM,Kerala,Aluva,,683101,Sports,,,,,TRUE,2
20d40820a80e409a30a1da9dd1da0ec3,KL/2025/0517637,369 GLOBAL TRUST,Trust,70/IV/2022,KOZHIKODE,Kerala,THOLERY,,673523,Art & Culture|Children|Civic Issues|Disaster Management,,,,,TRUE,3
10de0e609c0a411901304834736b9743,KL/2026/1003393,AABASOFT FOUNDATION,Trust,9/IV/2021,ERNAKULAM,Kerala,Kanayannur,,682037,Aged/Elderly|Children|Differently Abled|Education & Literacy,,,,,FALSE,4
60090a80880440ef20479562f2023fc1,KL/2024/0445146,AADHISHANKARA JYOTHI CHARITABLE TRUST,Trust,IV/91/2020,THIRUVANANTHAPURAM,Kerala,THIRUVANANTHAPURAM,,695014,Education & Literacy|Environment & Forests,,,,,TRUE,5
b02001c08b0c41270212813299aa68c1,KL/2026/1023961,AADHIVARA FOUNDATION,Section 8 Company,U85500KL2026NPL099806,KANNUR,Kerala,Taliparamba,,670705,Art & Culture|Education & Literacy|Health & Family Welfare,,,,,FALSE,6
002c0d30f005402415b91c9f15aa77e3,KL/2023/0362887,AAHANA EDUCATIONAL AND CHARITABLE TRUST,Trust,144/IV/2021,ERNAKULAM,Kerala,Cochin,,682030,Differently Abled|Disaster Management|Education & Literacy,,,,,TRUE,7
60f501f04f0940b413f3518ff79559a8,KL/2022/0305069,AANANDAM TRUST,Trust,30-04-2010,PALAKKAD,Kerala,NEMMARA,,678508,,,,,,TRUE,8
e0f805c0180e40370941794ca3b93da5,KL/2014/0084114,AAROGYA CHARITABLE FOUNDATION TRUST,Trust,IV/161/2014,KOTTAYAM,Kerala,KOTTAYAM,,686019,Health & Family Welfare|HIV/AIDS|Education & Literacy,,,,,TRUE,9
901704501003411602445e23a1e29001,KL/2026/1042191,AASRAYA CULTURAL TRUST,Trust,42/IV/2026,PATHANAMTHITTA,Kerala,Kozhenchery,,689645,Art & Culture|Religious,,,,,FALSE,10
50aa0bf0d10b40ee03b9c77562470587,KL/2020/0267381,'K.S.ABDULLAH EDUCATIONAL TRUST,Trust,138/IV/1993,KASARAGOD,Kerala,KASARAGOD,,671172,,,,,,TRUE,11
003601b0f20d401b2ab09a1752a472c6,KL/2024/0381739,(KMA)KERALEEYAM MOTORSPORT ASSOCIATION,Society,EKM/TC/159/2022,ERNAKULAM,Kerala,Aluva,,683101,Sports,,,,,TRUE,12
20d40820a80e409a30a1da9dd1da0ec3,KL/2025/0517637,369 GLOBAL TRUST,Trust,70/IV/2022,KOZHIKODE,Kerala,THOLERY,,673523,Art & Culture|Children|Civic Issues|Disaster Management,,,,,TRUE,13
10de0e609c0a411901304834736b9743,KL/2026/1003393,AABASOFT FOUNDATION,Trust,9/IV/2021,ERNAKULAM,Kerala,Kanayannur,,682037,Aged/Elderly|Children|Differently Abled|Education & Literacy,,,,,FALSE,14
60090a80880440ef20479562f2023fc1,KL/2024/0445146,AADHISHANKARA JYOTHI CHARITABLE TRUST,Trust,IV/91/2020,THIRUVANANTHAPURAM,Kerala,THIRUVANANTHAPURAM,,695014,Education & Literacy|Environment & Forests,,,,,TRUE,15
b02001c08b0c41270212813299aa68c1,KL/2026/1023961,AADHIVARA FOUNDATION,Section 8 Company,U85500KL2026NPL099806,KANNUR,Kerala,Taliparamba,,670705,Art & Culture|Education & Literacy|Health & Family Welfare,,,,,FALSE,16
002c0d30f005402415b91c9f15aa77e3,KL/2023/0362887,AAHANA EDUCATIONAL AND CHARITABLE TRUST,Trust,144/IV/2021,ERNAKULAM,Kerala,Cochin,,682030,Differently Abled|Disaster Management|Education & Literacy,,,,,TRUE,17
60f501f04f0940b413f3518ff79559a8,KL/2022/0305069,AANANDAM TRUST,Trust,30-04-2010,PALAKKAD,Kerala,NEMMARA,,678508,,,,,,TRUE,18
e0f805c0180e40370941794ca3b93da5,KL/2014/0084114,AAROGYA CHARITABLE FOUNDATION TRUST,Trust,IV/161/2014,KOTTAYAM,Kerala,KOTTAYAM,,686019,Health & Family Welfare|HIV/AIDS|Education & Literacy,,,,,TRUE,19
901704501003411602445e23a1e29001,KL/2026/1042191,AASRAYA CULTURAL TRUST,Trust,42/IV/2026,PATHANAMTHITTA,Kerala,Kozhenchery,,689645,Art & Culture|Religious,,,,,FALSE,20
50aa0bf0d10b40ee03b9c77562470587,KL/2020/0267381,'K.S.ABDULLAH EDUCATIONAL TRUST,Trust,138/IV/1993,KASARAGOD,Kerala,KASARAGOD,,671172,,,,,,TRUE,21
003601b0f20d401b2ab09a1752a472c6,KL/2024/0381739,(KMA)KERALEEYAM MOTORSPORT ASSOCIATION,Society,EKM/TC/159/2022,ERNAKULAM,Kerala,Aluva,,683101,Sports,,,,,TRUE,22
20d40820a80e409a30a1da9dd1da0ec3,KL/2025/0517637,369 GLOBAL TRUST,Trust,70/IV/2022,KOZHIKODE,Kerala,THOLERY,,673523,Art & Culture|Children|Civic Issues|Disaster Management,,,,,TRUE,23
10de0e609c0a411901304834736b9743,KL/2026/1003393,AABASOFT FOUNDATION,Trust,9/IV/2021,ERNAKULAM,Kerala,Kanayannur,,682037,Aged/Elderly|Children|Differently Abled|Education & Literacy,,,,,FALSE,24
60090a80880440ef20479562f2023fc1,KL/2024/0445146,AADHISHANKARA JYOTHI CHARITABLE TRUST,Trust,IV/91/2020,THIRUVANANTHAPURAM,Kerala,THIRUVANANTHAPURAM,,695014,Education & Literacy|Environment & Forests,,,,,TRUE,25
b02001c08b0c41270212813299aa68c1,KL/2026/1023961,AADHIVARA FOUNDATION,Section 8 Company,U85500KL2026NPL099806,KANNUR,Kerala,Taliparamba,,670705,Art & Culture|Education & Literacy|Health & Family Welfare,,,,,FALSE,26
002c0d30f005402415b91c9f15aa77e3,KL/2023/0362887,AAHANA EDUCATIONAL AND CHARITABLE TRUST,Trust,144/IV/2021,ERNAKULAM,Kerala,Cochin,,682030,Differently Abled|Disaster Management|Education & Literacy,,,,,TRUE,27
60f501f04f0940b413f3518ff79559a8,KL/2022/0305069,AANANDAM TRUST,Trust,30-04-2010,PALAKKAD,Kerala,NEMMARA,,678508,,,,,,TRUE,28
e0f805c0180e40370941794ca3b93da5,KL/2014/0084114,AAROGYA CHARITABLE FOUNDATION TRUST,Trust,IV/161/2014,KOTTAYAM,Kerala,KOTTAYAM,,686019,Health & Family Welfare|HIV/AIDS|Education & Literacy,,,,,TRUE,29
901704501003411602445e23a1e29001,KL/2026/1042191,AASRAYA CULTURAL TRUST,Trust,42/IV/2026,PATHANAMTHITTA,Kerala,Kozhenchery,,689645,Art & Culture|Religious,,,,,FALSE,30
50aa0bf0d10b40ee03b9c77562470587,KL/2020/0267381,'K.S.ABDULLAH EDUCATIONAL TRUST,Trust,138/IV/1993,KASARAGOD,Kerala,KASARAGOD,,671172,,,,,,TRUE,31
003601b0f20d401b2ab09a1752a472c6,KL/2024/0381739,(KMA)KERALEEYAM MOTORSPORT ASSOCIATION,Society,EKM/TC/159/2022,ERNAKULAM,Kerala,Aluva,,683101,Sports,,,,,TRUE,32
20d40820a80e409a30a1da9dd1da0ec3,KL/2025/0517637,369 GLOBAL TRUST,Trust,70/IV/2022,KOZHIKODE,Kerala,THOLERY,,673523,Art & Culture|Children|Civic Issues|Disaster Management,,,,,TRUE,33
10de0e609c0a411901304834736b9743,KL/2026/1003393,AABASOFT FOUNDATION,Trust,9/IV/2021,ERNAKULAM,Kerala,Kanayannur,,682037,Aged/Elderly|Children|Differently Abled|Education & Literacy,,,,,FALSE,34
60090a80880440ef20479562f2023fc1,KL/2024/0445146,AADHISHANKARA JYOTHI CHARITABLE TRUST,Trust,IV/91/2020,THIRUVANANTHAPURAM,Kerala,THIRUVANANTHAPURAM,,695014,Education & Literacy|Environment & Forests,,,,,TRUE,35
b02001c08b0c41270212813299aa68c1,KL/2026/1023961,AADHIVARA FOUNDATION,Section 8 Company,U85500KL2026NPL099806,KANNUR,Kerala,Taliparamba,,670705,Art & Culture|Education & Literacy|Health & Family Welfare,,,,,FALSE,36
002c0d30f005402415b91c9f15aa77e3,KL/2023/0362887,AAHANA EDUCATIONAL AND CHARITABLE TRUST,Trust,144/IV/2021,ERNAKULAM,Kerala,Cochin,,682030,Differently Abled|Disaster Management|Education & Literacy,,,,,TRUE,37
60f501f04f0940b413f3518ff79559a8,KL/2022/0305069,AANANDAM TRUST,Trust,30-04-2010,PALAKKAD,Kerala,NEMMARA,,678508,,,,,,TRUE,38
e0f805c0180e40370941794ca3b93da5,KL/2014/0084114,AAROGYA CHARITABLE FOUNDATION TRUST,Trust,IV/161/2014,KOTTAYAM,Kerala,KOTTAYAM,,686019,Health & Family Welfare|HIV/AIDS|Education & Literacy,,,,,TRUE,39
901704501003411602445e23a1e29001,KL/2026/1042191,AASRAYA CULTURAL TRUST,Trust,42/IV/2026,PATHANAMTHITTA,Kerala,Kozhenchery,,689645,Art & Culture|Religious,,,,,FALSE,40
50aa0bf0d10b40ee03b9c77562470587,KL/2020/0267381,'K.S.ABDULLAH EDUCATIONAL TRUST,Trust,138/IV/1993,KASARAGOD,Kerala,KASARAGOD,,671172,,,,,,TRUE,41
003601b0f20d401b2ab09a1752a472c6,KL/2024/0381739,(KMA)KERALEEYAM MOTORSPORT ASSOCIATION,Society,EKM/TC/159/2022,ERNAKULAM,Kerala,Aluva,,683101,Sports,,,,,TRUE,42
20d40820a80e409a30a1da9dd1da0ec3,KL/2025/0517637,369 GLOBAL TRUST,Trust,70/IV/2022,KOZHIKODE,Kerala,THOLERY,,673523,Art & Culture|Children|Civic Issues|Disaster Management,,,,,TRUE,43
10de0e609c0a411901304834736b9743,KL/2026/1003393,AABASOFT FOUNDATION,Trust,9/IV/2021,ERNAKULAM,Kerala,Kanayannur,,682037,Aged/Elderly|Children|Differently Abled|Education & Literacy,,,,,FALSE,44
60090a80880440ef20479562f2023fc1,KL/2024/0445146,AADHISHANKARA JYOTHI CHARITABLE TRUST,Trust,IV/91/2020,THIRUVANANTHAPURAM,Kerala,THIRUVANANTHAPURAM,,695014,Education & Literacy|Environment & Forests,,,,,TRUE,45
b02001c08b0c41270212813299aa68c1,KL/2026/1023961,AADHIVARA FOUNDATION,Section 8 Company,U85500KL2026NPL099806,KANNUR,Kerala,Taliparamba,,670705,Art & Culture|Education & Literacy|Health & Family Welfare,,,,,FALSE,46
002c0d30f005402415b91c9f15aa77e3,KL/2023/0362887,AAHANA EDUCATIONAL AND CHARITABLE TRUST,Trust,144/IV/2021,ERNAKULAM,Kerala,Cochin,,682030,Differently Abled|Disaster Management|Education & Literacy,,,,,TRUE,47
60f501f04f0940b413f3518ff79559a8,KL/2022/0305069,AANANDAM TRUST,Trust,30-04-2010,PALAKKAD,Kerala,NEMMARA,,678508,,,,,,TRUE,48
e0f805c0180e40370941794ca3b93da5,KL/2014/0084114,AAROGYA CHARITABLE FOUNDATION TRUST,Trust,IV/161/2014,KOTTAYAM,Kerala,KOTTAYAM,,686019,Health & Family Welfare|HIV/AIDS|Education & Literacy,,,,,TRUE,49
901704501003411602445e23a1e29001,KL/2026/1042191,AASRAYA CULTURAL TRUST,Trust,42/IV/2026,PATHANAMTHITTA,Kerala,Kozhenchery,,689645,Art & Culture|Religious,,,,,FALSE,50
50aa0bf0d10b40ee03b9c77562470587,KL/2020/0267381,'K.S.ABDULLAH EDUCATIONAL TRUST,Trust,138/IV/1993,KASARAGOD,Kerala,KASARAGOD,,671172,,,,,,TRUE,51
003601b0f20d401b2ab09a1752a472c6,KL/2024/0381739,(KMA)KERALEEYAM MOTORSPORT ASSOCIATION,Society,EKM/TC/159/2022,ERNAKULAM,Kerala,Aluva,,683101,Sports,,,,,TRUE,52
20d40820a80e409a30a1da9dd1da0ec3,KL/2025/0517637,369 GLOBAL TRUST,Trust,70/IV/2022,KOZHIKODE,Kerala,THOLERY,,673523,Art & Culture|Children|Civic Issues|Disaster Management,,,,,TRUE,53
10de0e609c0a411901304834736b9743,KL/2026/1003393,AABASOFT FOUNDATION,Trust,9/IV/2021,ERNAKULAM,Kerala,Kanayannur,,682037,Aged/Elderly|Children|Differently Abled|Education & Literacy,,,,,FALSE,54
60090a80880440ef20479562f2023fc1,KL/2024/0445146,AADHISHANKARA JYOTHI CHARITABLE TRUST,Trust,IV/91/2020,THIRUVANANTHAPURAM,Kerala,THIRUVANANTHAPURAM,,695014,Education & Literacy|Environment & Forests,,,,,TRUE,55
b02001c08b0c41270212813299aa68c1,KL/2026/1023961,AADHIVARA FOUNDATION,Section 8 Company,U85500KL2026NPL099806,KANNUR,Kerala,Taliparamba,,670705,Art & Culture|Education & Literacy|Health & Family Welfare,,,,,FALSE,56
002c0d30f005402415b91c9f15aa77e3,KL/2023/0362887,AAHANA EDUCATIONAL AND CHARITABLE TRUST,Trust,144/IV/2021,ERNAKULAM,Kerala,Cochin,,682030,Differently Abled|Disaster Management|Education & Literacy,,,,,TRUE,57
60f501f04f0940b413f3518ff79559a8,KL/2022/0305069,AANANDAM TRUST,Trust,30-04-2010,PALAKKAD,Kerala,NEMMARA,,678508,,,,,,TRUE,58
e0f805c0180e40370941794ca3b93da5,KL/2014/0084114,AAROGYA CHARITABLE FOUNDATION TRUST,Trust,IV/161/2014,KOTTAYAM,Kerala,KOTTAYAM,,686019,Health & Family Welfare|HIV/AIDS|Education & Literacy,,,,,TRUE,59
901704501003411602445e23a1e29001,KL/2026/1042191,AASRAYA CULTURAL TRUST,Trust,42/IV/2026,PATHANAMTHITTA,Kerala,Kozhenchery,,689645,Art & Culture|Religious,,,,,FALSE,60
50aa0bf0d10b40ee03b9c77562470587,KL/2020/0267381,'K.S.ABDULLAH EDUCATIONAL TRUST,Trust,138/IV/1993,KASARAGOD,Kerala,KASARAGOD,,671172,,,,,,TRUE,61
003601b0f20d401b2ab09a1752a472c6,KL/2024/0381739,(KMA)KERALEEYAM MOTORSPORT ASSOCIATION,Society,EKM/TC/159/2022,ERNAKULAM,Kerala,Aluva,,683101,Sports,,,,,TRUE,62
20d40820a80e409a30a1da9dd1da0ec3,KL/2025/0517637,369 GLOBAL TRUST,Trust,70/IV/2022,KOZHIKODE,Kerala,THOLERY,,673523,Art & Culture|Children|Civic Issues|Disaster Management,,,,,TRUE,63
10de0e609c0a411901304834736b9743,KL/2026/1003393,AABASOFT FOUNDATION,Trust,9/IV/2021,ERNAKULAM,Kerala,Kanayannur,,682037,Aged/Elderly|Children|Differently Abled|Education & Literacy,,,,,FALSE,64
60090a80880440ef20479562f2023fc1,KL/2024/0445146,AADHISHANKARA JYOTHI CHARITABLE TRUST,Trust,IV/91/2020,THIRUVANANTHAPURAM,Kerala,THIRUVANANTHAPURAM,,695014,Education & Literacy|Environment & Forests,,,,,TRUE,65
b02001c08b0c41270212813299aa68c1,KL/2026/1023961,AADHIVARA FOUNDATION,Section 8 Company,U85500KL2026NPL099806,KANNUR,Kerala,Taliparamba,,670705,Art & Culture|Education & Literacy|Health & Family Welfare,,,,,FALSE,66
002c0d30f005402415b91c9f15aa77e3,KL/2023/0362887,AAHANA EDUCATIONAL AND CHARITABLE TRUST,Trust,144/IV/2021,ERNAKULAM,Kerala,Cochin,,682030,Differently Abled|Disaster Management|Education & Literacy,,,,,TRUE,67
60f501f04f0940b413f3518ff79559a8,KL/2022/0305069,AANANDAM TRUST,Trust,30-04-2010,PALAKKAD,Kerala,NEMMARA,,678508,,,,,,TRUE,68
e0f805c0180e40370941794ca3b93da5,KL/2014/0084114,AAROGYA CHARITABLE FOUNDATION TRUST,Trust,IV/161/2014,KOTTAYAM,Kerala,KOTTAYAM,,686019,Health & Family Welfare|HIV/AIDS|Education & Literacy,,,,,TRUE,69
901704501003411602445e23a1e29001,KL/2026/1042191,AASRAYA CULTURAL TRUST,Trust,42/IV/2026,PATHANAMTHITTA,Kerala,Kozhenchery,,689645,Art & Culture|Religious,,,,,FALSE,70
50aa0bf0d10b40ee03b9c77562470587,KL/2020/0267381,'K.S.ABDULLAH EDUCATIONAL TRUST,Trust,138/IV/1993,KASARAGOD,Kerala,KASARAGOD,,671172,,,,,,TRUE,71
003601b0f20d401b2ab09a1752a472c6,KL/2024/0381739,(KMA)KERALEEYAM MOTORSPORT ASSOCIATION,Society,EKM/TC/159/2022,ERNAKULAM,Kerala,Aluva,,683101,Sports,,,,,TRUE,72
20d40820a80e409a30a1da9dd1da0ec3,KL/2025/0517637,369 GLOBAL TRUST,Trust,70/IV/2022,KOZHIKODE,Kerala,THOLERY,,673523,Art & Culture|Children|Civic Issues|Disaster Management,,,,,TRUE,73
10de0e609c0a411901304834736b9743,KL/2026/1003393,AABASOFT FOUNDATION,Trust,9/IV/2021,ERNAKULAM,Kerala,Kanayannur,,682037,Aged/Elderly|Children|Differently Abled|Education & Literacy,,,,,FALSE,74
60090a80880440ef20479562f2023fc1,KL/2024/0445146,AADHISHANKARA JYOTHI CHARITABLE TRUST,Trust,IV/91/2020,THIRUVANANTHAPURAM,Kerala,THIRUVANANTHAPURAM,,695014,Education & Literacy|Environment & Forests,,,,,TRUE,75
b02001c08b0c41270212813299aa68c1,KL/2026/1023961,AADHIVARA FOUNDATION,Section 8 Company,U85500KL2026NPL099806,KANNUR,Kerala,Taliparamba,,670705,Art & Culture|Education & Literacy|Health & Family Welfare,,,,,FALSE,76
002c0d30f005402415b91c9f15aa77e3,KL/2023/0362887,AAHANA EDUCATIONAL AND CHARITABLE TRUST,Trust,144/IV/2021,ERNAKULAM,Kerala,Cochin,,682030,Differently Abled|Disaster Management|Education & Literacy,,,,,TRUE,77
60f501f04f0940b413f3518ff79559a8,KL/2022/0305069,AANANDAM TRUST,Trust,30-04-2010,PALAKKAD,Kerala,NEMMARA,,678508,,,,,,TRUE,78
e0f805c0180e40370941794ca3b93da5,KL/2014/0084114,AAROGYA CHARITABLE FOUNDATION TRUST,Trust,IV/161/2014,KOTTAYAM,Kerala,KOTTAYAM,,686019,Health & Family Welfare|HIV/AIDS|Education & Literacy,,,,,TRUE,79
901704501003411602445e23a1e29001,KL/2026/1042191,AASRAYA CULTURAL TRUST,Trust,42/IV/2026,PATHANAMTHITTA,Kerala,Kozhenchery,,689645,Art & Culture|Religious,,,,,FALSE,80
50aa0bf0d10b40ee03b9c77562470587,KL/2020/0267381,'K.S.ABDULLAH EDUCATIONAL TRUST,Trust,138/IV/1993,KASARAGOD,Kerala,KASARAGOD,,671172,,,,,,TRUE,81
003601b0f20d401b2ab09a1752a472c6,KL/2024/0381739,(KMA)KERALEEYAM MOTORSPORT ASSOCIATION,Society,EKM/TC/159/2022,ERNAKULAM,Kerala,Aluva,,683101,Sports,,,,,TRUE,82
20d40820a80e409a30a1da9dd1da0ec3,KL/2025/0517637,369 GLOBAL TRUST,Trust,70/IV/2022,KOZHIKODE,Kerala,THOLERY,,673523,Art & Culture|Children|Civic Issues|Disaster Management,,,,,TRUE,83
10de0e609c0a411901304834736b9743,KL/2026/1003393,AABASOFT FOUNDATION,Trust,9/IV/2021,ERNAKULAM,Kerala,Kanayannur,,682037,Aged/Elderly|Children|Differently Abled|Education & Literacy,,,,,FALSE,84
60090a80880440ef20479562f2023fc1,KL/2024/0445146,AADHISHANKARA JYOTHI CHARITABLE TRUST,Trust,IV/91/2020,THIRUVANANTHAPURAM,Kerala,THIRUVANANTHAPURAM,,695014,Education & Literacy|Environment & Forests,,,,,TRUE,85
b02001c08b0c41270212813299aa68c1,KL/2026/1023961,AADHIVARA FOUNDATION,Section 8 Company,U85500KL2026NPL099806,KANNUR,Kerala,Taliparamba,,670705,Art & Culture|Education & Literacy|Health & Family Welfare,,,,,FALSE,86
002c0d30f005402415b91c9f15aa77e3,KL/2023/0362887,AAHANA EDUCATIONAL AND CHARITABLE TRUST,Trust,144/IV/2021,ERNAKULAM,Kerala,Cochin,,682030,Differently Abled|Disaster Management|Education & Literacy,,,,,TRUE,87
60f501f04f0940b413f3518ff79559a8,KL/2022/0305069,AANANDAM TRUST,Trust,30-04-2010,PALAKKAD,Kerala,NEMMARA,,678508,,,,,,TRUE,88
e0f805c0180e40370941794ca3b93da5,KL/2014/0084114,AAROGYA CHARITABLE FOUNDATION TRUST,Trust,IV/161/2014,KOTTAYAM,Kerala,KOTTAYAM,,686019,Health & Family Welfare|HIV/AIDS|Education & Literacy,,,,,TRUE,89
901704501003411602445e23a1e29001,KL/2026/1042191,AASRAYA CULTURAL TRUST,Trust,42/IV/2026,PATHANAMTHITTA,Kerala,Kozhenchery,,689645,Art & Culture|Religious,,,,,FALSE,90
50aa0bf0d10b40ee03b9c77562470587,KL/2020/0267381,'K.S.ABDULLAH EDUCATIONAL TRUST,Trust,138/IV/1993,KASARAGOD,Kerala,KASARAGOD,,671172,,,,,,TRUE,91
003601b0f20d401b2ab09a1752a472c6,KL/2024/0381739,(KMA)KERALEEYAM MOTORSPORT ASSOCIATION,Society,EKM/TC/159/2022,ERNAKULAM,Kerala,Aluva,,683101,Sports,,,,,TRUE,92
20d40820a80e409a30a1da9dd1da0ec3,KL/2025/0517637,369 GLOBAL TRUST,Trust,70/IV/2022,KOZHIKODE,Kerala,THOLERY,,673523,Art & Culture|Children|Civic Issues|Disaster Management,,,,,TRUE,93
10de0e609c0a411901304834736b9743,KL/2026/1003393,AABASOFT FOUNDATION,Trust,9/IV/2021,ERNAKULAM,Kerala,Kanayannur,,682037,Aged/Elderly|Children|Differently Abled|Education & Literacy,,,,,FALSE,94
60090a80880440ef20479562f2023fc1,KL/2024/0445146,AADHISHANKARA JYOTHI CHARITABLE TRUST,Trust,IV/91/2020,THIRUVANANTHAPURAM,Kerala,THIRUVANANTHAPURAM,,695014,Education & Literacy|Environment & Forests,,,,,TRUE,95
b02001c08b0c41270212813299aa68c1,KL/2026/1023961,AADHIVARA FOUNDATION,Section 8 Company,U85500KL2026NPL099806,KANNUR,Kerala,Taliparamba,,670705,Art & Culture|Education & Literacy|Health & Family Welfare,,,,,FALSE,96
002c0d30f005402415b91c9f15aa77e3,KL/2023/0362887,AAHANA EDUCATIONAL AND CHARITABLE TRUST,Trust,144/IV/2021,ERNAKULAM,Kerala,Cochin,,682030,Differently Abled|Disaster Management|Education & Literacy,,,,,TRUE,97
60f501f04f0940b413f3518ff79559a8,KL/2022/0305069,AANANDAM TRUST,Trust,30-04-2010,PALAKKAD,Kerala,NEMMARA,,678508,,,,,,TRUE,98
e0f805c0180e40370941794ca3b93da5,KL/2014/0084114,AAROGYA CHARITABLE FOUNDATION TRUST,Trust,IV/161/2014,KOTTAYAM,Kerala,KOTTAYAM,,686019,Health & Family Welfare|HIV/AIDS|Education & Literacy,,,,,TRUE,99
901704501003411602445e23a1e29001,KL/2026/1042191,AASRAYA CULTURAL TRUST,Trust,42/IV/2026,PATHANAMTHITTA,Kerala,Kozhenchery,,689645,Art & Culture|Religious,,,,,FALSE,100
30a00bd03807407122a8064fb9561b97,LK/2024/0457657,11FRIENDS,Society,,LEH LADAKH,Ladakh,,,194107,"Aged/Elderly, Art & Culture, Differently Abled, Health & Family Welfare, Housing",,,,,TRUE,1
a0b70c106b0640d61af5e59e10dc1d06,LK/2022/0311517,Abchee Gonpa Tsogspa,Society,,LEH LADAKH,Ladakh,,,194106,,,,,,TRUE,2
f0600a30dd0240e790c3a35330290685,LA/2025/0935005,AL-MEHDI PUBLIC SCHOOL,Trust,,KARGIL,Ladakh,,,194103,Education & Literacy,,,,,FALSE,3
b0fb06b00c06404b21414a6b14fc4456,LK/2023/0378195,AL-REZA HEALTH CARE AND RESEARCH FOUNDATION,Society,,KARGIL,Ladakh,,,194103,"Agriculture, Education & Literacy, Health & Family Welfare",,,,,TRUE,4
f07b0cb08e0840702230364fd2534c38,LK/2023/0374400,ALL LADAKH BASKETBALL ASSOCIATION,Society,,LEH LADAKH,Ladakh,,,194101,Sports,,,,,TRUE,5
d0fd0950e006404b11e83a66810a10b7,LK/2023/0358406,CARING HANDS INITIATIVE,Trust,,LEH LADAKH,Ladakh,,,194101,"Aged/Elderly, Education & Literacy",,,,,TRUE,6
d0310880180f401a25446770e48a2897,LK/2024/0428455,CHAMBA ANIMAL WELFARE SOCIETY,Society,,LEH LADAKH,Ladakh,,,194101,Animal Welfare,,,,,TRUE,7
c0a90020b402401714b9d73690fd15a7,LK/2022/0328508,HEALTH INC.,Society,,LEH LADAKH,Ladakh,,,194101,Health & Family Welfare,,,,,TRUE,8
90310ac0ae0640b518637135e0bd0343,LK/2020/0261927,Himalayan Institute of Alternatives Ladakh,Section 8 Company,,LEH LADAKH,Ladakh,,,194101,Education & Literacy,,,,,TRUE,9
001505e0170440f77303c25d934b61f7,LA/2025/0735367,KARGIL DEVELOPMENT SOCIETY (KDS),Society,,KARGIL,Ladakh,,,194103,"Children, Differently Abled, Education & Literacy",,,,,FALSE,10
30a00bd03807407122a8064fb9561b97,LK/2024/0457657,11FRIENDS,Society,,LEH LADAKH,Ladakh,,,194107,"Aged/Elderly, Art & Culture, Differently Abled, Health & Family Welfare, Housing",,,,,TRUE,11
a0b70c106b0640d61af5e59e10dc1d06,LK/2022/0311517,Abchee Gonpa Tsogspa,Society,,LEH LADAKH,Ladakh,,,194106,,,,,,TRUE,12
f0600a30dd0240e790c3a35330290685,LA/2025/0935005,AL-MEHDI PUBLIC SCHOOL,Trust,,KARGIL,Ladakh,,,194103,Education & Literacy,,,,,FALSE,13
b0fb06b00c06404b21414a6b14fc4456,LK/2023/0378195,AL-REZA HEALTH CARE AND RESEARCH FOUNDATION,Society,,KARGIL,Ladakh,,,194103,"Agriculture, Education & Literacy, Health & Family Welfare",,,,,TRUE,14
f07b0cb08e0840702230364fd2534c38,LK/2023/0374400,ALL LADAKH BASKETBALL ASSOCIATION,Society,,LEH LADAKH,Ladakh,,,194101,Sports,,,,,TRUE,15
d0fd0950e006404b11e83a66810a10b7,LK/2023/0358406,CARING HANDS INITIATIVE,Trust,,LEH LADAKH,Ladakh,,,194101,"Aged/Elderly, Education & Literacy",,,,,TRUE,16
d0310880180f401a25446770e48a2897,LK/2024/0428455,CHAMBA ANIMAL WELFARE SOCIETY,Society,,LEH LADAKH,Ladakh,,,194101,Animal Welfare,,,,,TRUE,17
c0a90020b402401714b9d73690fd15a7,LK/2022/0328508,HEALTH INC.,Society,,LEH LADAKH,Ladakh,,,194101,Health & Family Welfare,,,,,TRUE,18
90310ac0ae0640b518637135e0bd0343,LK/2020/0261927,Himalayan Institute of Alternatives Ladakh,Section 8 Company,,LEH LADAKH,Ladakh,,,194101,Education & Literacy,,,,,TRUE,19
001505e0170440f77303c25d934b61f7,LA/2025/0735367,KARGIL DEVELOPMENT SOCIETY (KDS),Society,,KARGIL,Ladakh,,,194103,"Children, Differently Abled, Education & Literacy",,,,,FALSE,20
30a00bd03807407122a8064fb9561b97,LK/2024/0457657,11FRIENDS,Society,,LEH LADAKH,Ladakh,,,194107,"Aged/Elderly, Art & Culture, Differently Abled, Health & Family Welfare, Housing",,,,,TRUE,21
a0b70c106b0640d61af5e59e10dc1d06,LK/2022/0311517,Abchee Gonpa Tsogspa,Society,,LEH LADAKH,Ladakh,,,194106,,,,,,TRUE,22
f0600a30dd0240e790c3a35330290685,LA/2025/0935005,AL-MEHDI PUBLIC SCHOOL,Trust,,KARGIL,Ladakh,,,194103,Education & Literacy,,,,,FALSE,23
b0fb06b00c06404b21414a6b14fc4456,LK/2023/0378195,AL-REZA HEALTH CARE AND RESEARCH FOUNDATION,Society,,KARGIL,Ladakh,,,194103,"Agriculture, Education & Literacy, Health & Family Welfare",,,,,TRUE,24
f07b0cb08e0840702230364fd2534c38,LK/2023/0374400,ALL LADAKH BASKETBALL ASSOCIATION,Society,,LEH LADAKH,Ladakh,,,194101,Sports,,,,,TRUE,25
d0fd0950e006404b11e83a66810a10b7,LK/2023/0358406,CARING HANDS INITIATIVE,Trust,,LEH LADAKH,Ladakh,,,194101,"Aged/Elderly, Education & Literacy",,,,,TRUE,26
d0310880180f401a25446770e48a2897,LK/2024/0428455,CHAMBA ANIMAL WELFARE SOCIETY,Society,,LEH LADAKH,Ladakh,,,194101,Animal Welfare,,,,,TRUE,27
c0a90020b402401714b9d73690fd15a7,LK/2022/0328508,HEALTH INC.,Society,,LEH LADAKH,Ladakh,,,194101,Health & Family Welfare,,,,,TRUE,28
90310ac0ae0640b518637135e0bd0343,LK/2020/0261927,Himalayan Institute of Alternatives Ladakh,Section 8 Company,,LEH LADAKH,Ladakh,,,194101,Education & Literacy,,,,,TRUE,29
001505e0170440f77303c25d934b61f7,LA/2025/0735367,KARGIL DEVELOPMENT SOCIETY (KDS),Society,,KARGIL,Ladakh,,,194103,"Children, Differently Abled, Education & Literacy",,,,,FALSE,30
30a00bd03807407122a8064fb9561b97,LK/2024/0457657,11FRIENDS,Society,,LEH LADAKH,Ladakh,,,194107,"Aged/Elderly, Art & Culture, Differently Abled, Health & Family Welfare, Housing",,,,,TRUE,31
a0b70c106b0640d61af5e59e10dc1d06,LK/2022/0311517,Abchee Gonpa Tsogspa,Society,,LEH LADAKH,Ladakh,,,194106,,,,,,TRUE,32
f0600a30dd0240e790c3a35330290685,LA/2025/0935005,AL-MEHDI PUBLIC SCHOOL,Trust,,KARGIL,Ladakh,,,194103,Education & Literacy,,,,,FALSE,33
b0fb06b00c06404b21414a6b14fc4456,LK/2023/0378195,AL-REZA HEALTH CARE AND RESEARCH FOUNDATION,Society,,KARGIL,Ladakh,,,194103,"Agriculture, Education & Literacy, Health & Family Welfare",,,,,TRUE,34
f07b0cb08e0840702230364fd2534c38,LK/2023/0374400,ALL LADAKH BASKETBALL ASSOCIATION,Society,,LEH LADAKH,Ladakh,,,194101,Sports,,,,,TRUE,35
d0fd0950e006404b11e83a66810a10b7,LK/2023/0358406,CARING HANDS INITIATIVE,Trust,,LEH LADAKH,Ladakh,,,194101,"Aged/Elderly, Education & Literacy",,,,,TRUE,36
d0310880180f401a25446770e48a2897,LK/2024/0428455,CHAMBA ANIMAL WELFARE SOCIETY,Society,,LEH LADAKH,Ladakh,,,194101,Animal Welfare,,,,,TRUE,37
c0a90020b402401714b9d73690fd15a7,LK/2022/0328508,HEALTH INC.,Society,,LEH LADAKH,Ladakh,,,194101,Health & Family Welfare,,,,,TRUE,38
90310ac0ae0640b518637135e0bd0343,LK/2020/0261927,Himalayan Institute of Alternatives Ladakh,Section 8 Company,,LEH LADAKH,Ladakh,,,194101,Education & Literacy,,,,,TRUE,39
001505e0170440f77303c25d934b61f7,LA/2025/0735367,KARGIL DEVELOPMENT SOCIETY (KDS),Society,,KARGIL,Ladakh,,,194103,"Children, Differently Abled, Education & Literacy",,,,,FALSE,40
30a00bd03807407122a8064fb9561b97,LK/2024/0457657,11FRIENDS,Society,,LEH LADAKH,Ladakh,,,194107,"Aged/Elderly, Art & Culture, Differently Abled, Health & Family Welfare, Housing",,,,,TRUE,41
a0b70c106b0640d61af5e59e10dc1d06,LK/2022/0311517,Abchee Gonpa Tsogspa,Society,,LEH LADAKH,Ladakh,,,194106,,,,,,TRUE,42
f0600a30dd0240e790c3a35330290685,LA/2025/0935005,AL-MEHDI PUBLIC SCHOOL,Trust,,KARGIL,Ladakh,,,194103,Education & Literacy,,,,,FALSE,43
b0fb06b00c06404b21414a6b14fc4456,LK/2023/0378195,AL-REZA HEALTH CARE AND RESEARCH FOUNDATION,Society,,KARGIL,Ladakh,,,194103,"Agriculture, Education & Literacy, Health & Family Welfare",,,,,TRUE,44
f07b0cb08e0840702230364fd2534c38,LK/2023/0374400,ALL LADAKH BASKETBALL ASSOCIATION,Society,,LEH LADAKH,Ladakh,,,194101,Sports,,,,,TRUE,45
d0fd0950e006404b11e83a66810a10b7,LK/2023/0358406,CARING HANDS INITIATIVE,Trust,,LEH LADAKH,Ladakh,,,194101,"Aged/Elderly, Education & Literacy",,,,,TRUE,46
d0310880180f401a25446770e48a2897,LK/2024/0428455,CHAMBA ANIMAL WELFARE SOCIETY,Society,,LEH LADAKH,Ladakh,,,194101,Animal Welfare,,,,,TRUE,47
c0a90020b402401714b9d73690fd15a7,LK/2022/0328508,HEALTH INC.,Society,,LEH LADAKH,Ladakh,,,194101,Health & Family Welfare,,,,,TRUE,48
90310ac0ae0640b518637135e0bd0343,LK/2020/0261927,Himalayan Institute of Alternatives Ladakh,Section 8 Company,,LEH LADAKH,Ladakh,,,194101,Education & Literacy,,,,,TRUE,49
001505e0170440f77303c25d934b61f7,LA/2025/0735367,KARGIL DEVELOPMENT SOCIETY (KDS),Society,,KARGIL,Ladakh,,,194103,"Children, Differently Abled, Education & Literacy",,,,,FALSE,50
30a00bd03807407122a8064fb9561b97,LK/2024/0457657,11FRIENDS,Society,,LEH LADAKH,Ladakh,,,194107,"Aged/Elderly, Art & Culture, Differently Abled, Health & Family Welfare, Housing",,,,,TRUE,51
a0b70c106b0640d61af5e59e10dc1d06,LK/2022/0311517,Abchee Gonpa Tsogspa,Society,,LEH LADAKH,Ladakh,,,194106,,,,,,TRUE,52
f0600a30dd0240e790c3a35330290685,LA/2025/0935005,AL-MEHDI PUBLIC SCHOOL,Trust,,KARGIL,Ladakh,,,194103,Education & Literacy,,,,,FALSE,53
b0fb06b00c06404b21414a6b14fc4456,LK/2023/0378195,AL-REZA HEALTH CARE AND RESEARCH FOUNDATION,Society,,KARGIL,Ladakh,,,194103,"Agriculture, Education & Literacy, Health & Family Welfare",,,,,TRUE,54
f07b0cb08e0840702230364fd2534c38,LK/2023/0374400,ALL LADAKH BASKETBALL ASSOCIATION,Society,,LEH LADAKH,Ladakh,,,194101,Sports,,,,,TRUE,55
d0fd0950e006404b11e83a66810a10b7,LK/2023/0358406,CARING HANDS INITIATIVE,Trust,,LEH LADAKH,Ladakh,,,194101,"Aged/Elderly, Education & Literacy",,,,,TRUE,56
d0310880180f401a25446770e48a2897,LK/2024/0428455,CHAMBA ANIMAL WELFARE SOCIETY,Society,,LEH LADAKH,Ladakh,,,194101,Animal Welfare,,,,,TRUE,57
c0a90020b402401714b9d73690fd15a7,LK/2022/0328508,HEALTH INC.,Society,,LEH LADAKH,Ladakh,,,194101,Health & Family Welfare,,,,,TRUE,58
90310ac0ae0640b518637135e0bd0343,LK/2020/0261927,Himalayan Institute of Alternatives Ladakh,Section 8 Company,,LEH LADAKH,Ladakh,,,194101,Education & Literacy,,,,,TRUE,59
001505e0170440f77303c25d934b61f7,LA/2025/0735367,KARGIL DEVELOPMENT SOCIETY (KDS),Society,,KARGIL,Ladakh,,,194103,"Children, Differently Abled, Education & Literacy",,,,,FALSE,60
30a00bd03807407122a8064fb9561b97,LK/2024/0457657,11FRIENDS,Society,,LEH LADAKH,Ladakh,,,194107,"Aged/Elderly, Art & Culture, Differently Abled, Health & Family Welfare, Housing",,,,,TRUE,61
a0b70c106b0640d61af5e59e10dc1d06,LK/2022/0311517,Abchee Gonpa Tsogspa,Society,,LEH LADAKH,Ladakh,,,194106,,,,,,TRUE,62
f0600a30dd0240e790c3a35330290685,LA/2025/0935005,AL-MEHDI PUBLIC SCHOOL,Trust,,KARGIL,Ladakh,,,194103,Education & Literacy,,,,,FALSE,63
b0fb06b00c06404b21414a6b14fc4456,LK/2023/0378195,AL-REZA HEALTH CARE AND RESEARCH FOUNDATION,Society,,KARGIL,Ladakh,,,194103,"Agriculture, Education & Literacy, Health & Family Welfare",,,,,TRUE,64
f07b0cb08e0840702230364fd2534c38,LK/2023/0374400,ALL LADAKH BASKETBALL ASSOCIATION,Society,,LEH LADAKH,Ladakh,,,194101,Sports,,,,,TRUE,65
d0fd0950e006404b11e83a66810a10b7,LK/2023/0358406,CARING HANDS INITIATIVE,Trust,,LEH LADAKH,Ladakh,,,194101,"Aged/Elderly, Education & Literacy",,,,,TRUE,66
d0310880180f401a25446770e48a2897,LK/2024/0428455,CHAMBA ANIMAL WELFARE SOCIETY,Society,,LEH LADAKH,Ladakh,,,194101,Animal Welfare,,,,,TRUE,67
c0a90020b402401714b9d73690fd15a7,LK/2022/0328508,HEALTH INC.,Society,,LEH LADAKH,Ladakh,,,194101,Health & Family Welfare,,,,,TRUE,68
90310ac0ae0640b518637135e0bd0343,LK/2020/0261927,Himalayan Institute of Alternatives Ladakh,Section 8 Company,,LEH LADAKH,Ladakh,,,194101,Education & Literacy,,,,,TRUE,69
001505e0170440f77303c25d934b61f7,LA/2025/0735367,KARGIL DEVELOPMENT SOCIETY (KDS),Society,,KARGIL,Ladakh,,,194103,"Children, Differently Abled, Education & Literacy",,,,,FALSE,70
30a00bd03807407122a8064fb9561b97,LK/2024/0457657,11FRIENDS,Society,,LEH LADAKH,Ladakh,,,194107,"Aged/Elderly, Art & Culture, Differently Abled, Health & Family Welfare, Housing",,,,,TRUE,71
a0b70c106b0640d61af5e59e10dc1d06,LK/2022/0311517,Abchee Gonpa Tsogspa,Society,,LEH LADAKH,Ladakh,,,194106,,,,,,TRUE,72
f0600a30dd0240e790c3a35330290685,LA/2025/0935005,AL-MEHDI PUBLIC SCHOOL,Trust,,KARGIL,Ladakh,,,194103,Education & Literacy,,,,,FALSE,73
b0fb06b00c06404b21414a6b14fc4456,LK/2023/0378195,AL-REZA HEALTH CARE AND RESEARCH FOUNDATION,Society,,KARGIL,Ladakh,,,194103,"Agriculture, Education & Literacy, Health & Family Welfare",,,,,TRUE,74
f07b0cb08e0840702230364fd2534c38,LK/2023/0374400,ALL LADAKH BASKETBALL ASSOCIATION,Society,,LEH LADAKH,Ladakh,,,194101,Sports,,,,,TRUE,75
d0fd0950e006404b11e83a66810a10b7,LK/2023/0358406,CARING HANDS INITIATIVE,Trust,,LEH LADAKH,Ladakh,,,194101,"Aged/Elderly, Education & Literacy",,,,,TRUE,76
d0310880180f401a25446770e48a2897,LK/2024/0428455,CHAMBA ANIMAL WELFARE SOCIETY,Society,,LEH LADAKH,Ladakh,,,194101,Animal Welfare,,,,,TRUE,77
c0a90020b402401714b9d73690fd15a7,LK/2022/0328508,HEALTH INC.,Society,,LEH LADAKH,Ladakh,,,194101,Health & Family Welfare,,,,,TRUE,78
90310ac0ae0640b518637135e0bd0343,LK/2020/0261927,Himalayan Institute of Alternatives Ladakh,Section 8 Company,,LEH LADAKH,Ladakh,,,194101,Education & Literacy,,,,,TRUE,79
001505e0170440f77303c25d934b61f7,LA/2025/0735367,KARGIL DEVELOPMENT SOCIETY (KDS),Society,,KARGIL,Ladakh,,,194103,"Children, Differently Abled, Education & Literacy",,,,,FALSE,80
30a00bd03807407122a8064fb9561b97,LK/2024/0457657,11FRIENDS,Society,,LEH LADAKH,Ladakh,,,194107,"Aged/Elderly, Art & Culture, Differently Abled, Health & Family Welfare, Housing",,,,,TRUE,81
a0b70c106b0640d61af5e59e10dc1d06,LK/2022/0311517,Abchee Gonpa Tsogspa,Society,,LEH LADAKH,Ladakh,,,194106,,,,,,TRUE,82
f0600a30dd0240e790c3a35330290685,LA/2025/0935005,AL-MEHDI PUBLIC SCHOOL,Trust,,KARGIL,Ladakh,,,194103,Education & Literacy,,,,,FALSE,83
b0fb06b00c06404b21414a6b14fc4456,LK/2023/0378195,AL-REZA HEALTH CARE AND RESEARCH FOUNDATION,Society,,KARGIL,Ladakh,,,194103,"Agriculture, Education & Literacy, Health & Family Welfare",,,,,TRUE,84
f07b0cb08e0840702230364fd2534c38,LK/2023/0374400,ALL LADAKH BASKETBALL ASSOCIATION,Society,,LEH LADAKH,Ladakh,,,194101,Sports,,,,,TRUE,85
d0fd0950e006404b11e83a66810a10b7,LK/2023/0358406,CARING HANDS INITIATIVE,Trust,,LEH LADAKH,Ladakh,,,194101,"Aged/Elderly, Education & Literacy",,,,,TRUE,86
d0310880180f401a25446770e48a2897,LK/2024/0428455,CHAMBA ANIMAL WELFARE SOCIETY,Society,,LEH LADAKH,Ladakh,,,194101,Animal Welfare,,,,,TRUE,87
c0a90020b402401714b9d73690fd15a7,LK/2022/0328508,HEALTH INC.,Society,,LEH LADAKH,Ladakh,,,194101,Health & Family Welfare,,,,,TRUE,88
90310ac0ae0640b518637135e0bd0343,LK/2020/0261927,Himalayan Institute of Alternatives Ladakh,Section 8 Company,,LEH LADAKH,Ladakh,,,194101,Education & Literacy,,,,,TRUE,89
001505e0170440f77303c25d934b61f7,LA/2025/0735367,KARGIL DEVELOPMENT SOCIETY (KDS),Society,,KARGIL,Ladakh,,,194103,"Children, Differently Abled, Education & Literacy",,,,,FALSE,90
30a00bd03807407122a8064fb9561b97,LK/2024/0457657,11FRIENDS,Society,,LEH LADAKH,Ladakh,,,194107,"Aged/Elderly, Art & Culture, Differently Abled, Health & Family Welfare, Housing",,,,,TRUE,91
a0b70c106b0640d61af5e59e10dc1d06,LK/2022/0311517,Abchee Gonpa Tsogspa,Society,,LEH LADAKH,Ladakh,,,194106,,,,,,TRUE,92
f0600a30dd0240e790c3a35330290685,LA/2025/0935005,AL-MEHDI PUBLIC SCHOOL,Trust,,KARGIL,Ladakh,,,194103,Education & Literacy,,,,,FALSE,93
b0fb06b00c06404b21414a6b14fc4456,LK/2023/0378195,AL-REZA HEALTH CARE AND RESEARCH FOUNDATION,Society,,KARGIL,Ladakh,,,194103,"Agriculture, Education & Literacy, Health & Family Welfare",,,,,TRUE,94
f07b0cb08e0840702230364fd2534c38,LK/2023/0374400,ALL LADAKH BASKETBALL ASSOCIATION,Society,,LEH LADAKH,Ladakh,,,194101,Sports,,,,,TRUE,95
d0fd0950e006404b11e83a66810a10b7,LK/2023/0358406,CARING HANDS INITIATIVE,Trust,,LEH LADAKH,Ladakh,,,194101,"Aged/Elderly, Education & Literacy",,,,,TRUE,96
d0310880180f401a25446770e48a2897,LK/2024/0428455,CHAMBA ANIMAL WELFARE SOCIETY,Society,,LEH LADAKH,Ladakh,,,194101,Animal Welfare,,,,,TRUE,97
c0a90020b402401714b9d73690fd15a7,LK/2022/0328508,HEALTH INC.,Society,,LEH LADAKH,Ladakh,,,194101,Health & Family Welfare,,,,,TRUE,98
90310ac0ae0640b518637135e0bd0343,LK/2020/0261927,Himalayan Institute of Alternatives Ladakh,Section 8 Company,,LEH LADAKH,Ladakh,,,194101,Education & Literacy,,,,,TRUE,99
001505e0170440f77303c25d934b61f7,LA/2025/0735367,KARGIL DEVELOPMENT SOCIETY (KDS),Society,,KARGIL,Ladakh,,,194103,"Children, Differently Abled, Education & Literacy",,,,,FALSE,100
30a00bd03807407122a8064fb9561b97,LK/2024/0457657,11FRIENDS,Society,,LEH LADAKH,Ladakh,,,194107,"Aged/Elderly, Art & Culture, Differently Abled, Health & Family Welfare, Housing",,,,,TRUE,101
a0b70c106b0640d61af5e59e10dc1d06,LK/2022/0311517,Abchee Gonpa Tsogspa,Society,,LEH LADAKH,Ladakh,,,194106,,,,,,TRUE,102
f0600a30dd0240e790c3a35330290685,LA/2025/0935005,AL-MEHDI PUBLIC SCHOOL,Trust,,KARGIL,Ladakh,,,194103,Education & Literacy,,,,,FALSE,103
b0fb06b00c06404b21414a6b14fc4456,LK/2023/0378195,AL-REZA HEALTH CARE AND RESEARCH FOUNDATION,Society,,KARGIL,Ladakh,,,194103,"Agriculture, Education & Literacy, Health & Family Welfare",,,,,TRUE,104
f07b0cb08e0840702230364fd2534c38,LK/2023/0374400,ALL LADAKH BASKETBALL ASSOCIATION,Society,,LEH LADAKH,Ladakh,,,194101,Sports,,,,,TRUE,105
d0fd0950e006404b11e83a66810a10b7,LK/2023/0358406,CARING HANDS INITIATIVE,Trust,,LEH LADAKH,Ladakh,,,194101,"Aged/Elderly, Education & Literacy",,,,,TRUE,106
d0310880180f401a25446770e48a2897,LK/2024/0428455,CHAMBA ANIMAL WELFARE SOCIETY,Society,,LEH LADAKH,Ladakh,,,194101,Animal Welfare,,,,,TRUE,107
c0a90020b402401714b9d73690fd15a7,LK/2022/0328508,HEALTH INC.,Society,,LEH LADAKH,Ladakh,,,194101,Health & Family Welfare,,,,,TRUE,108
90310ac0ae0640b518637135e0bd0343,LK/2020/0261927,Himalayan Institute of Alternatives Ladakh,Section 8 Company,,LEH LADAKH,Ladakh,,,194101,Education & Literacy,,,,,TRUE,109
001505e0170440f77303c25d934b61f7,LA/2025/0735367,KARGIL DEVELOPMENT SOCIETY (KDS),Society,,KARGIL,Ladakh,,,194103,"Children, Differently Abled, Education & Literacy",,,,,FALSE,110
30a00bd03807407122a8064fb9561b97,LK/2024/0457657,11FRIENDS,Society,,LEH LADAKH,Ladakh,,,194107,"Aged/Elderly, Art & Culture, Differently Abled, Health & Family Welfare, Housing",,,,,TRUE,111
a0b70c106b0640d61af5e59e10dc1d06,LK/2022/0311517,Abchee Gonpa Tsogspa,Society,,LEH LADAKH,Ladakh,,,194106,,,,,,TRUE,112
f0600a30dd0240e790c3a35330290685,LA/2025/0935005,AL-MEHDI PUBLIC SCHOOL,Trust,,KARGIL,Ladakh,,,194103,Education & Literacy,,,,,FALSE,113
b0fb06b00c06404b21414a6b14fc4456,LK/2023/0378195,AL-REZA HEALTH CARE AND RESEARCH FOUNDATION,Society,,KARGIL,Ladakh,,,194103,"Agriculture, Education & Literacy, Health & Family Welfare",,,,,TRUE,114
f07b0cb08e0840702230364fd2534c38,LK/2023/0374400,ALL LADAKH BASKETBALL ASSOCIATION,Society,,LEH LADAKH,Ladakh,,,194101,Sports,,,,,TRUE,115
d0fd0950e006404b11e83a66810a10b7,LK/2023/0358406,CARING HANDS INITIATIVE,Trust,,LEH LADAKH,Ladakh,,,194101,"Aged/Elderly, Education & Literacy",,,,,TRUE,116
d0310880180f401a25446770e48a2897,LK/2024/0428455,CHAMBA ANIMAL WELFARE SOCIETY,Society,,LEH LADAKH,Ladakh,,,194101,Animal Welfare,,,,,TRUE,117
c0a90020b402401714b9d73690fd15a7,LK/2022/0328508,HEALTH INC.,Society,,LEH LADAKH,Ladakh,,,194101,Health & Family Welfare,,,,,TRUE,118
90310ac0ae0640b518637135e0bd0343,LK/2020/0261927,Himalayan Institute of Alternatives Ladakh,Section 8 Company,,LEH LADAKH,Ladakh,,,194101,Education & Literacy,,,,,TRUE,119
001505e0170440f77303c25d934b61f7,LA/2025/0735367,KARGIL DEVELOPMENT SOCIETY (KDS),Society,,KARGIL,Ladakh,,,194103,"Children, Differently Abled, Education & Literacy",,,,,FALSE,120
30a00bd03807407122a8064fb9561b97,LK/2024/0457657,11FRIENDS,Society,,LEH LADAKH,Ladakh,,,194107,"Aged/Elderly, Art & Culture, Differently Abled, Health & Family Welfare, Housing",,,,,TRUE,121
a0b70c106b0640d61af5e59e10dc1d06,LK/2022/0311517,Abchee Gonpa Tsogspa,Society,,LEH LADAKH,Ladakh,,,194106,,,,,,TRUE,122
f0600a30dd0240e790c3a35330290685,LA/2025/0935005,AL-MEHDI PUBLIC SCHOOL,Trust,,KARGIL,Ladakh,,,194103,Education & Literacy,,,,,FALSE,123
b0fb06b00c06404b21414a6b14fc4456,LK/2023/0378195,AL-REZA HEALTH CARE AND RESEARCH FOUNDATION,Society,,KARGIL,Ladakh,,,194103,"Agriculture, Education & Literacy, Health & Family Welfare",,,,,TRUE,124
f07b0cb08e0840702230364fd2534c38,LK/2023/0374400,ALL LADAKH BASKETBALL ASSOCIATION,Society,,LEH LADAKH,Ladakh,,,194101,Sports,,,,,TRUE,125
d0fd0950e006404b11e83a66810a10b7,LK/2023/0358406,CARING HANDS INITIATIVE,Trust,,LEH LADAKH,Ladakh,,,194101,"Aged/Elderly, Education & Literacy",,,,,TRUE,126
d0310880180f401a25446770e48a2897,LK/2024/0428455,CHAMBA ANIMAL WELFARE SOCIETY,Society,,LEH LADAKH,Ladakh,,,194101,Animal Welfare,,,,,TRUE,127
c0a90020b402401714b9d73690fd15a7,LK/2022/0328508,HEALTH INC.,Society,,LEH LADAKH,Ladakh,,,194101,Health & Family Welfare,,,,,TRUE,128
90310ac0ae0640b518637135e0bd0343,LK/2020/0261927,Himalayan Institute of Alternatives Ladakh,Section 8 Company,,LEH LADAKH,Ladakh,,,194101,Education & Literacy,,,,,TRUE,129
001505e0170440f77303c25d934b61f7,LA/2025/0735367,KARGIL DEVELOPMENT SOCIETY (KDS),Society,,KARGIL,Ladakh,,,194103,"Children, Differently Abled, Education & Literacy",,,,,FALSE,130
30a00bd03807407122a8064fb9561b97,LK/2024/0457657,11FRIENDS,Society,,LEH LADAKH,Ladakh,,,194107,"Aged/Elderly, Art & Culture, Differently Abled, Health & Family Welfare, Housing",,,,,TRUE,131
a0b70c106b0640d61af5e59e10dc1d06,LK/2022/0311517,Abchee Gonpa Tsogspa,Society,,LEH LADAKH,Ladakh,,,194106,,,,,,TRUE,132
f0600a30dd0240e790c3a35330290685,LA/2025/0935005,AL-MEHDI PUBLIC SCHOOL,Trust,,KARGIL,Ladakh,,,194103,Education & Literacy,,,,,FALSE,133
b0fb06b00c06404b21414a6b14fc4456,LK/2023/0378195,AL-REZA HEALTH CARE AND RESEARCH FOUNDATION,Society,,KARGIL,Ladakh,,,194103,"Agriculture, Education & Literacy, Health & Family Welfare",,,,,TRUE,134
f07b0cb08e0840702230364fd2534c38,LK/2023/0374400,ALL LADAKH BASKETBALL ASSOCIATION,Society,,LEH LADAKH,Ladakh,,,194101,Sports,,,,,TRUE,135
d0fd0950e006404b11e83a66810a10b7,LK/2023/0358406,CARING HANDS INITIATIVE,Trust,,LEH LADAKH,Ladakh,,,194101,"Aged/Elderly, Education & Literacy",,,,,TRUE,136
d0310880180f401a25446770e48a2897,LK/2024/0428455,CHAMBA ANIMAL WELFARE SOCIETY,Society,,LEH LADAKH,Ladakh,,,194101,Animal Welfare,,,,,TRUE,137
c0a90020b402401714b9d73690fd15a7,LK/2022/0328508,HEALTH INC.,Society,,LEH LADAKH,Ladakh,,,194101,Health & Family Welfare,,,,,TRUE,138
90310ac0ae0640b518637135e0bd0343,LK/2020/0261927,Himalayan Institute of Alternatives Ladakh,Section 8 Company,,LEH LADAKH,Ladakh,,,194101,Education & Literacy,,,,,TRUE,139
001505e0170440f77303c25d934b61f7,LA/2025/0735367,KARGIL DEVELOPMENT SOCIETY (KDS),Society,,KARGIL,Ladakh,,,194103,"Children, Differently Abled, Education & Literacy",,,,,FALSE,140
30a00bd03807407122a8064fb9561b97,LK/2024/0457657,11FRIENDS,Society,,LEH LADAKH,Ladakh,,,194107,"Aged/Elderly, Art & Culture, Differently Abled, Health & Family Welfare, Housing",,,,,TRUE,141
a0b70c106b0640d61af5e59e10dc1d06,LK/2022/0311517,Abchee Gonpa Tsogspa,Society,,LEH LADAKH,Ladakh,,,194106,,,,,,TRUE,142
f0600a30dd0240e790c3a35330290685,LA/2025/0935005,AL-MEHDI PUBLIC SCHOOL,Trust,,KARGIL,Ladakh,,,194103,Education & Literacy,,,,,FALSE,143
b0fb06b00c06404b21414a6b14fc4456,LK/2023/0378195,AL-REZA HEALTH CARE AND RESEARCH FOUNDATION,Society,,KARGIL,Ladakh,,,194103,"Agriculture, Education & Literacy, Health & Family Welfare",,,,,TRUE,144
f07b0cb08e0840702230364fd2534c38,LK/2023/0374400,ALL LADAKH BASKETBALL ASSOCIATION,Society,,LEH LADAKH,Ladakh,,,194101,Sports,,,,,TRUE,145
d0fd0950e006404b11e83a66810a10b7,LK/2023/0358406,CARING HANDS INITIATIVE,Trust,,LEH LADAKH,Ladakh,,,194101,"Aged/Elderly, Education & Literacy",,,,,TRUE,146
d0310880180f401a25446770e48a2897,LK/2024/0428455,CHAMBA ANIMAL WELFARE SOCIETY,Society,,LEH LADAKH,Ladakh,,,194101,Animal Welfare,,,,,TRUE,147
c0a90020b402401714b9d73690fd15a7,LK/2022/0328508,HEALTH INC.,Society,,LEH LADAKH,Ladakh,,,194101,Health & Family Welfare,,,,,TRUE,148
90310ac0ae0640b518637135e0bd0343,LK/2020/0261927,Himalayan Institute of Alternatives Ladakh,Section 8 Company,,LEH LADAKH,Ladakh,,,194101,Education & Literacy,,,,,TRUE,149
001505e0170440f77303c25d934b61f7,LA/2025/0735367,KARGIL DEVELOPMENT SOCIETY (KDS),Society,,KARGIL,Ladakh,,,194103,"Children, Differently Abled, Education & Literacy",,,,,FALSE,150
30a00bd03807407122a8064fb9561b97,LK/2024/0457657,11FRIENDS,Society,,LEH LADAKH,Ladakh,,,194107,"Aged/Elderly, Art & Culture, Differently Abled, Health & Family Welfare, Housing",,,,,TRUE,151
a0b70c106b0640d61af5e59e10dc1d06,LK/2022/0311517,Abchee Gonpa Tsogspa,Society,,LEH LADAKH,Ladakh,,,194106,,,,,,TRUE,152
f0600a30dd0240e790c3a35330290685,LA/2025/0935005,AL-MEHDI PUBLIC SCHOOL,Trust,,KARGIL,Ladakh,,,194103,Education & Literacy,,,,,FALSE,153
b0fb06b00c06404b21414a6b14fc4456,LK/2023/0378195,AL-REZA HEALTH CARE AND RESEARCH FOUNDATION,Society,,KARGIL,Ladakh,,,194103,"Agriculture, Education & Literacy, Health & Family Welfare",,,,,TRUE,154
f07b0cb08e0840702230364fd2534c38,LK/2023/0374400,ALL LADAKH BASKETBALL ASSOCIATION,Society,,LEH LADAKH,Ladakh,,,194101,Sports,,,,,TRUE,155
d0fd0950e006404b11e83a66810a10b7,LK/2023/0358406,CARING HANDS INITIATIVE,Trust,,LEH LADAKH,Ladakh,,,194101,"Aged/Elderly, Education & Literacy",,,,,TRUE,156
d0310880180f401a25446770e48a2897,LK/2024/0428455,CHAMBA ANIMAL WELFARE SOCIETY,Society,,LEH LADAKH,Ladakh,,,194101,Animal Welfare,,,,,TRUE,157
c0a90020b402401714b9d73690fd15a7,LK/2022/0328508,HEALTH INC.,Society,,LEH LADAKH,Ladakh,,,194101,Health & Family Welfare,,,,,TRUE,158
90310ac0ae0640b518637135e0bd0343,LK/2020/0261927,Himalayan Institute of Alternatives Ladakh,Section 8 Company,,LEH LADAKH,Ladakh,,,194101,Education & Literacy,,,,,TRUE,159
001505e0170440f77303c25d934b61f7,LA/2025/0735367,KARGIL DEVELOPMENT SOCIETY (KDS),Society,,KARGIL,Ladakh,,,194103,"Children, Differently Abled, Education & Literacy",,,,,FALSE,160
30a00bd03807407122a8064fb9561b97,LK/2024/0457657,11FRIENDS,Society,,LEH LADAKH,Ladakh,,,194107,"Aged/Elderly, Art & Culture, Differently Abled, Health & Family Welfare, Housing",,,,,TRUE,161
a0b70c106b0640d61af5e59e10dc1d06,LK/2022/0311517,Abchee Gonpa Tsogspa,Society,,LEH LADAKH,Ladakh,,,194106,,,,,,TRUE,162
f0600a30dd0240e790c3a35330290685,LA/2025/0935005,AL-MEHDI PUBLIC SCHOOL,Trust,,KARGIL,Ladakh,,,194103,Education & Literacy,,,,,FALSE,163
b0fb06b00c06404b21414a6b14fc4456,LK/2023/0378195,AL-REZA HEALTH CARE AND RESEARCH FOUNDATION,Society,,KARGIL,Ladakh,,,194103,"Agriculture, Education & Literacy, Health & Family Welfare",,,,,TRUE,164
f07b0cb08e0840702230364fd2534c38,LK/2023/0374400,ALL LADAKH BASKETBALL ASSOCIATION,Society,,LEH LADAKH,Ladakh,,,194101,Sports,,,,,TRUE,165
d0fd0950e006404b11e83a66810a10b7,LK/2023/0358406,CARING HANDS INITIATIVE,Trust,,LEH LADAKH,Ladakh,,,194101,"Aged/Elderly, Education & Literacy",,,,,TRUE,166
d0310880180f401a25446770e48a2897,LK/2024/0428455,CHAMBA ANIMAL WELFARE SOCIETY,Society,,LEH LADAKH,Ladakh,,,194101,Animal Welfare,,,,,TRUE,167
c0a90020b402401714b9d73690fd15a7,LK/2022/0328508,HEALTH INC.,Society,,LEH LADAKH,Ladakh,,,194101,Health & Family Welfare,,,,,TRUE,168
90310ac0ae0640b518637135e0bd0343,LK/2020/0261927,Himalayan Institute of Alternatives Ladakh,Section 8 Company,,LEH LADAKH,Ladakh,,,194101,Education & Literacy,,,,,TRUE,169
001505e0170440f77303c25d934b61f7,LA/2025/0735367,KARGIL DEVELOPMENT SOCIETY (KDS),Society,,KARGIL,Ladakh,,,194103,"Children, Differently Abled, Education & Literacy",,,,,FALSE,170
30a00bd03807407122a8064fb9561b97,LK/2024/0457657,11FRIENDS,Society,,LEH LADAKH,Ladakh,,,194107,"Aged/Elderly, Art & Culture, Differently Abled, Health & Family Welfare, Housing",,,,,TRUE,171
a0b70c106b0640d61af5e59e10dc1d06,LK/2022/0311517,Abchee Gonpa Tsogspa,Society,,LEH LADAKH,Ladakh,,,194106,,,,,,TRUE,172
f0600a30dd0240e790c3a35330290685,LA/2025/0935005,AL-MEHDI PUBLIC SCHOOL,Trust,,KARGIL,Ladakh,,,194103,Education & Literacy,,,,,FALSE,173
b0fb06b00c06404b21414a6b14fc4456,LK/2023/0378195,AL-REZA HEALTH CARE AND RESEARCH FOUNDATION,Society,,KARGIL,Ladakh,,,194103,"Agriculture, Education & Literacy, Health & Family Welfare",,,,,TRUE,174
f07b0cb08e0840702230364fd2534c38,LK/2023/0374400,ALL LADAKH BASKETBALL ASSOCIATION,Society,,LEH LADAKH,Ladakh,,,194101,Sports,,,,,TRUE,175
d0fd0950e006404b11e83a66810a10b7,LK/2023/0358406,CARING HANDS INITIATIVE,Trust,,LEH LADAKH,Ladakh,,,194101,"Aged/Elderly, Education & Literacy",,,,,TRUE,176
d0310880180f401a25446770e48a2897,LK/2024/0428455,CHAMBA ANIMAL WELFARE SOCIETY,Society,,LEH LADAKH,Ladakh,,,194101,Animal Welfare,,,,,TRUE,177
c0a90020b402401714b9d73690fd15a7,LK/2022/0328508,HEALTH INC.,Society,,LEH LADAKH,Ladakh,,,194101,Health & Family Welfare,,,,,TRUE,178
90310ac0ae0640b518637135e0bd0343,LK/2020/0261927,Himalayan Institute of Alternatives Ladakh,Section 8 Company,,LEH LADAKH,Ladakh,,,194101,Education & Literacy,,,,,TRUE,179
001505e0170440f77303c25d934b61f7,LA/2025/0735367,KARGIL DEVELOPMENT SOCIETY (KDS),Society,,KARGIL,Ladakh,,,194103,"Children, Differently Abled, Education & Literacy",,,,,FALSE,180
30a00bd03807407122a8064fb9561b97,LK/2024/0457657,11FRIENDS,Society,,LEH LADAKH,Ladakh,,,194107,"Aged/Elderly, Art & Culture, Differently Abled, Health & Family Welfare, Housing",,,,,TRUE,181
a0b70c106b0640d61af5e59e10dc1d06,LK/2022/0311517,Abchee Gonpa Tsogspa,Society,,LEH LADAKH,Ladakh,,,194106,,,,,,TRUE,182
f0600a30dd0240e790c3a35330290685,LA/2025/0935005,AL-MEHDI PUBLIC SCHOOL,Trust,,KARGIL,Ladakh,,,194103,Education & Literacy,,,,,FALSE,183
b0fb06b00c06404b21414a6b14fc4456,LK/2023/0378195,AL-REZA HEALTH CARE AND RESEARCH FOUNDATION,Society,,KARGIL,Ladakh,,,194103,"Agriculture, Education & Literacy, Health & Family Welfare",,,,,TRUE,184
f07b0cb08e0840702230364fd2534c38,LK/2023/0374400,ALL LADAKH BASKETBALL ASSOCIATION,Society,,LEH LADAKH,Ladakh,,,194101,Sports,,,,,TRUE,185
d0fd0950e006404b11e83a66810a10b7,LK/2023/0358406,CARING HANDS INITIATIVE,Trust,,LEH LADAKH,Ladakh,,,194101,"Aged/Elderly, Education & Literacy",,,,,TRUE,186
d0310880180f401a25446770e48a2897,LK/2024/0428455,CHAMBA ANIMAL WELFARE SOCIETY,Society,,LEH LADAKH,Ladakh,,,194101,Animal Welfare,,,,,TRUE,187
c0a90020b402401714b9d73690fd15a7,LK/2022/0328508,HEALTH INC.,Society,,LEH LADAKH,Ladakh,,,194101,Health & Family Welfare,,,,,TRUE,188
90310ac0ae0640b518637135e0bd0343,LK/2020/0261927,Himalayan Institute of Alternatives Ladakh,Section 8 Company,,LEH LADAKH,Ladakh,,,194101,Education & Literacy,,,,,TRUE,189
001505e0170440f77303c25d934b61f7,LA/2025/0735367,KARGIL DEVELOPMENT SOCIETY (KDS),Society,,KARGIL,Ladakh,,,194103,"Children, Differently Abled, Education & Literacy",,,,,FALSE,190
30a00bd03807407122a8064fb9561b97,LK/2024/0457657,11FRIENDS,Society,,LEH LADAKH,Ladakh,,,194107,"Aged/Elderly, Art & Culture, Differently Abled, Health & Family Welfare, Housing",,,,,TRUE,191
a0b70c106b0640d61af5e59e10dc1d06,LK/2022/0311517,Abchee Gonpa Tsogspa,Society,,LEH LADAKH,Ladakh,,,194106,,,,,,TRUE,192
f0600a30dd0240e790c3a35330290685,LA/2025/0935005,AL-MEHDI PUBLIC SCHOOL,Trust,,KARGIL,Ladakh,,,194103,Education & Literacy,,,,,FALSE,193
b0fb06b00c06404b21414a6b14fc4456,LK/2023/0378195,AL-REZA HEALTH CARE AND RESEARCH FOUNDATION,Society,,KARGIL,Ladakh,,,194103,"Agriculture, Education & Literacy, Health & Family Welfare",,,,,TRUE,194
f07b0cb08e0840702230364fd2534c38,LK/2023/0374400,ALL LADAKH BASKETBALL ASSOCIATION,Society,,LEH LADAKH,Ladakh,,,194101,Sports,,,,,TRUE,195
d0fd0950e006404b11e83a66810a10b7,LK/2023/0358406,CARING HANDS INITIATIVE,Trust,,LEH LADAKH,Ladakh,,,194101,"Aged/Elderly, Education & Literacy",,,,,TRUE,196
d0310880180f401a25446770e48a2897,LK/2024/0428455,CHAMBA ANIMAL WELFARE SOCIETY,Society,,LEH LADAKH,Ladakh,,,194101,Animal Welfare,,,,,TRUE,197
c0a90020b402401714b9d73690fd15a7,LK/2022/0328508,HEALTH INC.,Society,,LEH LADAKH,Ladakh,,,194101,Health & Family Welfare,,,,,TRUE,198
90310ac0ae0640b518637135e0bd0343,LK/2020/0261927,Himalayan Institute of Alternatives Ladakh,Section 8 Company,,LEH LADAKH,Ladakh,,,194101,Education & Literacy,,,,,TRUE,199
001505e0170440f77303c25d934b61f7,LA/2025/0735367,KARGIL DEVELOPMENT SOCIETY (KDS),Society,,KARGIL,Ladakh,,,194103,"Children, Differently Abled, Education & Literacy",,,,,FALSE,200
30a00bd03807407122a8064fb9561b97,LK/2024/0457657,11FRIENDS,Society,,LEH LADAKH,Ladakh,,,194107,"Aged/Elderly, Art & Culture, Differently Abled, Health & Family Welfare, Housing",,,,,TRUE,201
a0b70c106b0640d61af5e59e10dc1d06,LK/2022/0311517,Abchee Gonpa Tsogspa,Society,,LEH LADAKH,Ladakh,,,194106,,,,,,TRUE,202
f0600a30dd0240e790c3a35330290685,LA/2025/0935005,AL-MEHDI PUBLIC SCHOOL,Trust,,KARGIL,Ladakh,,,194103,Education & Literacy,,,,,FALSE,203
b0fb06b00c06404b21414a6b14fc4456,LK/2023/0378195,AL-REZA HEALTH CARE AND RESEARCH FOUNDATION,Society,,KARGIL,Ladakh,,,194103,"Agriculture, Education & Literacy, Health & Family Welfare",,,,,TRUE,204
f07b0cb08e0840702230364fd2534c38,LK/2023/0374400,ALL LADAKH BASKETBALL ASSOCIATION,Society,,LEH LADAKH,Ladakh,,,194101,Sports,,,,,TRUE,205
d0fd0950e006404b11e83a66810a10b7,LK/2023/0358406,CARING HANDS INITIATIVE,Trust,,LEH LADAKH,Ladakh,,,194101,"Aged/Elderly, Education & Literacy",,,,,TRUE,206
d0310880180f401a25446770e48a2897,LK/2024/0428455,CHAMBA ANIMAL WELFARE SOCIETY,Society,,LEH LADAKH,Ladakh,,,194101,Animal Welfare,,,,,TRUE,207
c0a90020b402401714b9d73690fd15a7,LK/2022/0328508,HEALTH INC.,Society,,LEH LADAKH,Ladakh,,,194101,Health & Family Welfare,,,,,TRUE,208
90310ac0ae0640b518637135e0bd0343,LK/2020/0261927,Himalayan Institute of Alternatives Ladakh,Section 8 Company,,LEH LADAKH,Ladakh,,,194101,Education & Literacy,,,,,TRUE,209
001505e0170440f77303c25d934b61f7,LA/2025/0735367,KARGIL DEVELOPMENT SOCIETY (KDS),Society,,KARGIL,Ladakh,,,194103,"Children, Differently Abled, Education & Literacy",,,,,FALSE,210
30a00bd03807407122a8064fb9561b97,LK/2024/0457657,11FRIENDS,Society,,LEH LADAKH,Ladakh,,,194107,"Aged/Elderly, Art & Culture, Differently Abled, Health & Family Welfare, Housing",,,,,TRUE,211
a0b70c106b0640d61af5e59e10dc1d06,LK/2022/0311517,Abchee Gonpa Tsogspa,Society,,LEH LADAKH,Ladakh,,,194106,,,,,,TRUE,212
f0600a30dd0240e790c3a35330290685,LA/2025/0935005,AL-MEHDI PUBLIC SCHOOL,Trust,,KARGIL,Ladakh,,,194103,Education & Literacy,,,,,FALSE,213
b0fb06b00c06404b21414a6b14fc4456,LK/2023/0378195,AL-REZA HEALTH CARE AND RESEARCH FOUNDATION,Society,,KARGIL,Ladakh,,,194103,"Agriculture, Education & Literacy, Health & Family Welfare",,,,,TRUE,214
f07b0cb08e0840702230364fd2534c38,LK/2023/0374400,ALL LADAKH BASKETBALL ASSOCIATION,Society,,LEH LADAKH,Ladakh,,,194101,Sports,,,,,TRUE,215
d0fd0950e006404b11e83a66810a10b7,LK/2023/0358406,CARING HANDS INITIATIVE,Trust,,LEH LADAKH,Ladakh,,,194101,"Aged/Elderly, Education & Literacy",,,,,TRUE,216
d0310880180f401a25446770e48a2897,LK/2024/0428455,CHAMBA ANIMAL WELFARE SOCIETY,Society,,LEH LADAKH,Ladakh,,,194101,Animal Welfare,,,,,TRUE,217
c0a90020b402401714b9d73690fd15a7,LK/2022/0328508,HEALTH INC.,Society,,LEH LADAKH,Ladakh,,,194101,Health & Family Welfare,,,,,TRUE,218
90310ac0ae0640b518637135e0bd0343,LK/2020/0261927,Himalayan Institute of Alternatives Ladakh,Section 8 Company,,LEH LADAKH,Ladakh,,,194101,Education & Literacy,,,,,TRUE,219
001505e0170440f77303c25d934b61f7,LA/2025/0735367,KARGIL DEVELOPMENT SOCIETY (KDS),Society,,KARGIL,Ladakh,,,194103,"Children, Differently Abled, Education & Literacy",,,,,FALSE,220
30a00bd03807407122a8064fb9561b97,LK/2024/0457657,11FRIENDS,Society,,LEH LADAKH,Ladakh,,,194107,"Aged/Elderly, Art & Culture, Differently Abled, Health & Family Welfare, Housing",,,,,TRUE,221
a0b70c106b0640d61af5e59e10dc1d06,LK/2022/0311517,Abchee Gonpa Tsogspa,Society,,LEH LADAKH,Ladakh,,,194106,,,,,,TRUE,222
f0600a30dd0240e790c3a35330290685,LA/2025/0935005,AL-MEHDI PUBLIC SCHOOL,Trust,,KARGIL,Ladakh,,,194103,Education & Literacy,,,,,FALSE,223
b0fb06b00c06404b21414a6b14fc4456,LK/2023/0378195,AL-REZA HEALTH CARE AND RESEARCH FOUNDATION,Society,,KARGIL,Ladakh,,,194103,"Agriculture, Education & Literacy, Health & Family Welfare",,,,,TRUE,224
f07b0cb08e0840702230364fd2534c38,LK/2023/0374400,ALL LADAKH BASKETBALL ASSOCIATION,Society,,LEH LADAKH,Ladakh,,,194101,Sports,,,,,TRUE,225
d0fd0950e006404b11e83a66810a10b7,LK/2023/0358406,CARING HANDS INITIATIVE,Trust,,LEH LADAKH,Ladakh,,,194101,"Aged/Elderly, Education & Literacy",,,,,TRUE,226
d0310880180f401a25446770e48a2897,LK/2024/0428455,CHAMBA ANIMAL WELFARE SOCIETY,Society,,LEH LADAKH,Ladakh,,,194101,Animal Welfare,,,,,TRUE,227
c0a90020b402401714b9d73690fd15a7,LK/2022/0328508,HEALTH INC.,Society,,LEH LADAKH,Ladakh,,,194101,Health & Family Welfare,,,,,TRUE,228
90310ac0ae0640b518637135e0bd0343,LK/2020/0261927,Himalayan Institute of Alternatives Ladakh,Section 8 Company,,LEH LADAKH,Ladakh,,,194101,Education & Literacy,,,,,TRUE,229
001505e0170440f77303c25d934b61f7,LA/2025/0735367,KARGIL DEVELOPMENT SOCIETY (KDS),Society,,KARGIL,Ladakh,,,194103,"Children, Differently Abled, Education & Literacy",,,,,FALSE,230
30a00bd03807407122a8064fb9561b97,LK/2024/0457657,11FRIENDS,Society,,LEH LADAKH,Ladakh,,,194107,"Aged/Elderly, Art & Culture, Differently Abled, Health & Family Welfare, Housing",,,,,TRUE,231
a0b70c106b0640d61af5e59e10dc1d06,LK/2022/0311517,Abchee Gonpa Tsogspa,Society,,LEH LADAKH,Ladakh,,,194106,,,,,,TRUE,232
f0600a30dd0240e790c3a35330290685,LA/2025/0935005,AL-MEHDI PUBLIC SCHOOL,Trust,,KARGIL,Ladakh,,,194103,Education & Literacy,,,,,FALSE,233
b0fb06b00c06404b21414a6b14fc4456,LK/2023/0378195,AL-REZA HEALTH CARE AND RESEARCH FOUNDATION,Society,,KARGIL,Ladakh,,,194103,"Agriculture, Education & Literacy, Health & Family Welfare",,,,,TRUE,234
f07b0cb08e0840702230364fd2534c38,LK/2023/0374400,ALL LADAKH BASKETBALL ASSOCIATION,Society,,LEH LADAKH,Ladakh,,,194101,Sports,,,,,TRUE,235
d0fd0950e006404b11e83a66810a10b7,LK/2023/0358406,CARING HANDS INITIATIVE,Trust,,LEH LADAKH,Ladakh,,,194101,"Aged/Elderly, Education & Literacy",,,,,TRUE,236
d0310880180f401a25446770e48a2897,LK/2024/0428455,CHAMBA ANIMAL WELFARE SOCIETY,Society,,LEH LADAKH,Ladakh,,,194101,Animal Welfare,,,,,TRUE,237
c0a90020b402401714b9d73690fd15a7,LK/2022/0328508,HEALTH INC.,Society,,LEH LADAKH,Ladakh,,,194101,Health & Family Welfare,,,,,TRUE,238
90310ac0ae0640b518637135e0bd0343,LK/2020/0261927,Himalayan Institute of Alternatives Ladakh,Section 8 Company,,LEH LADAKH,Ladakh,,,194101,Education & Literacy,,,,,TRUE,239
001505e0170440f77303c25d934b61f7,LA/2025/0735367,KARGIL DEVELOPMENT SOCIETY (KDS),Society,,KARGIL,Ladakh,,,194103,"Children, Differently Abled, Education & Literacy",,,,,FALSE,240
30a00bd03807407122a8064fb9561b97,LK/2024/0457657,11FRIENDS,Society,,LEH LADAKH,Ladakh,,,194107,"Aged/Elderly, Art & Culture, Differently Abled, Health & Family Welfare, Housing",,,,,TRUE,241
a0b70c106b0640d61af5e59e10dc1d06,LK/2022/0311517,Abchee Gonpa Tsogspa,Society,,LEH LADAKH,Ladakh,,,194106,,,,,,TRUE,242
f0600a30dd0240e790c3a35330290685,LA/2025/0935005,AL-MEHDI PUBLIC SCHOOL,Trust,,KARGIL,Ladakh,,,194103,Education & Literacy,,,,,FALSE,243
b0fb06b00c06404b21414a6b14fc4456,LK/2023/0378195,AL-REZA HEALTH CARE AND RESEARCH FOUNDATION,Society,,KARGIL,Ladakh,,,194103,"Agriculture, Education & Literacy, Health & Family Welfare",,,,,TRUE,244
f07b0cb08e0840702230364fd2534c38,LK/2023/0374400,ALL LADAKH BASKETBALL ASSOCIATION,Society,,LEH LADAKH,Ladakh,,,194101,Sports,,,,,TRUE,245
d0fd0950e006404b11e83a66810a10b7,LK/2023/0358406,CARING HANDS INITIATIVE,Trust,,LEH LADAKH,Ladakh,,,194101,"Aged/Elderly, Education & Literacy",,,,,TRUE,246
d0310880180f401a25446770e48a2897,LK/2024/0428455,CHAMBA ANIMAL WELFARE SOCIETY,Society,,LEH LADAKH,Ladakh,,,194101,Animal Welfare,,,,,TRUE,247
c0a90020b402401714b9d73690fd15a7,LK/2022/0328508,HEALTH INC.,Society,,LEH LADAKH,Ladakh,,,194101,Health & Family Welfare,,,,,TRUE,248
90310ac0ae0640b518637135e0bd0343,LK/2020/0261927,Himalayan Institute of Alternatives Ladakh,Section 8 Company,,LEH LADAKH,Ladakh,,,194101,Education & Literacy,,,,,TRUE,249
001505e0170440f77303c25d934b61f7,LA/2025/0735367,KARGIL DEVELOPMENT SOCIETY (KDS),Society,,KARGIL,Ladakh,,,194103,"Children, Differently Abled, Education & Literacy",,,,,FALSE,250
30a00bd03807407122a8064fb9561b97,LK/2024/0457657,11FRIENDS,Society,,LEH LADAKH,Ladakh,,,194107,"Aged/Elderly, Art & Culture, Differently Abled, Health & Family Welfare, Housing",,,,,TRUE,251
a0b70c106b0640d61af5e59e10dc1d06,LK/2022/0311517,Abchee Gonpa Tsogspa,Society,,LEH LADAKH,Ladakh,,,194106,,,,,,TRUE,252
f0600a30dd0240e790c3a35330290685,LA/2025/0935005,AL-MEHDI PUBLIC SCHOOL,Trust,,KARGIL,Ladakh,,,194103,Education & Literacy,,,,,FALSE,253
b0fb06b00c06404b21414a6b14fc4456,LK/2023/0378195,AL-REZA HEALTH CARE AND RESEARCH FOUNDATION,Society,,KARGIL,Ladakh,,,194103,"Agriculture, Education & Literacy, Health & Family Welfare",,,,,TRUE,254
f07b0cb08e0840702230364fd2534c38,LK/2023/0374400,ALL LADAKH BASKETBALL ASSOCIATION,Society,,LEH LADAKH,Ladakh,,,194101,Sports,,,,,TRUE,255
d0fd0950e006404b11e83a66810a10b7,LK/2023/0358406,CARING HANDS INITIATIVE,Trust,,LEH LADAKH,Ladakh,,,194101,"Aged/Elderly, Education & Literacy",,,,,TRUE,256
d0310880180f401a25446770e48a2897,LK/2024/0428455,CHAMBA ANIMAL WELFARE SOCIETY,Society,,LEH LADAKH,Ladakh,,,194101,Animal Welfare,,,,,TRUE,257
c0a90020b402401714b9d73690fd15a7,LK/2022/0328508,HEALTH INC.,Society,,LEH LADAKH,Ladakh,,,194101,Health & Family Welfare,,,,,TRUE,258
90310ac0ae0640b518637135e0bd0343,LK/2020/0261927,Himalayan Institute of Alternatives Ladakh,Section 8 Company,,LEH LADAKH,Ladakh,,,194101,Education & Literacy,,,,,TRUE,259
001505e0170440f77303c25d934b61f7,LA/2025/0735367,KARGIL DEVELOPMENT SOCIETY (KDS),Society,,KARGIL,Ladakh,,,194103,"Children, Differently Abled, Education & Literacy",,,,,FALSE,260
30a00bd03807407122a8064fb9561b97,LK/2024/0457657,11FRIENDS,Society,,LEH LADAKH,Ladakh,,,194107,"Aged/Elderly, Art & Culture, Differently Abled, Health & Family Welfare, Housing",,,,,TRUE,261
a0b70c106b0640d61af5e59e10dc1d06,LK/2022/0311517,Abchee Gonpa Tsogspa,Society,,LEH LADAKH,Ladakh,,,194106,,,,,,TRUE,262
f0600a30dd0240e790c3a35330290685,LA/2025/0935005,AL-MEHDI PUBLIC SCHOOL,Trust,,KARGIL,Ladakh,,,194103,Education & Literacy,,,,,FALSE,263
b0fb06b00c06404b21414a6b14fc4456,LK/2023/0378195,AL-REZA HEALTH CARE AND RESEARCH FOUNDATION,Society,,KARGIL,Ladakh,,,194103,"Agriculture, Education & Literacy, Health & Family Welfare",,,,,TRUE,264
f07b0cb08e0840702230364fd2534c38,LK/2023/0374400,ALL LADAKH BASKETBALL ASSOCIATION,Society,,LEH LADAKH,Ladakh,,,194101,Sports,,,,,TRUE,265
d0fd0950e006404b11e83a66810a10b7,LK/2023/0358406,CARING HANDS INITIATIVE,Trust,,LEH LADAKH,Ladakh,,,194101,"Aged/Elderly, Education & Literacy",,,,,TRUE,266
d0310880180f401a25446770e48a2897,LK/2024/0428455,CHAMBA ANIMAL WELFARE SOCIETY,Society,,LEH LADAKH,Ladakh,,,194101,Animal Welfare,,,,,TRUE,267
c0a90020b402401714b9d73690fd15a7,LK/2022/0328508,HEALTH INC.,Society,,LEH LADAKH,Ladakh,,,194101,Health & Family Welfare,,,,,TRUE,268
90310ac0ae0640b518637135e0bd0343,LK/2020/0261927,Himalayan Institute of Alternatives Ladakh,Section 8 Company,,LEH LADAKH,Ladakh,,,194101,Education & Literacy,,,,,TRUE,269
408301b03503403b0495bd9fa92a22d7,MH/2018/0220090,AADHAR BAHUUDDESHIYA SEVA SANSTHA,Trust,,LAKSHADWEEP DISTRICT,Lakshadweep,,,400066,Water Resources,,,,,TRUE,
c0fa0620fe0f416305d3cb1e079c26f3,LD/2026/1031723,AUTO OWNERS AND DRIVERS ASSOCIATION AGATTI,Society,,LAKSHADWEEP DISTRICT,Lakshadweep,,,682553,"Health & Family Welfare, Tourism",,,,,FALSE,
e0c905c05106406c0bf5227987d126a4,LD/2018/0189562,Dr.koya memorial charitable & educational trust,Trust,,LAKSHADWEEP DISTRICT,Lakshadweep,,,682555,"Education & Literacy, Tourism, Sports",,,,,TRUE,
f0f109a06000405d28f47615530b50b0,LD/2024/0426687,FOUNDATION OF ISLANDS WELFARE ASSOCIATION,Trust,,LAKSHADWEEP DISTRICT,Lakshadweep,,,682555,,,,,,TRUE,
20ad0860fe07408113f21294e92b0407,KL/2021/0291782,Jan shikshan Sansthan Lakshadweep,Society,,LAKSHADWEEP DISTRICT,Lakshadweep,,,673001,Skill Development,,,,,TRUE,
403f03a08d07406411640e9d78552279,LD/2022/0308665,JAN SHIKSHAN SANSTHAN LAKSHADWEEP,Society,,LAKSHADWEEP DISTRICT,Lakshadweep,,,682555,"Education & Literacy, Health & Family Welfare, Vocational Training",,,,,TRUE,
70a70cb0d50440c78ac65847b8d51585,LD/2025/0864815,JAWAHAR ARTS & SPORTS CLUB AMINI,Society,,LAKSHADWEEP DISTRICT,Lakshadweep,,,682552,"Sports, Skill Development, Youth Affairs",,,,,FALSE,
00080c30ca0b40299ef4ea1d74b28fb1,LD/2026/0941481,KADMAT ISLANDER'S RELIEF FINANCIAL ASSISTANCE & CHARITABLE SOCIETY,Society,,LAKSHADWEEP DISTRICT,Lakshadweep,,,682555,"Aged/Elderly, Health & Family Welfare",,,,,FALSE,
e0330490150d40b411c82771a8d79729,LD/2023/0359017,LAKSHADWEEP DISABLED WELFARE ASSOCIATION,Society,,LAKSHADWEEP DISTRICT,Lakshadweep,,,682555,Differently Abled,,,,,TRUE,
402e02602a0040c796339e5f933f4277,LD/2025/0935347,PEOPLES UNITED SOCIETY FOR HUMAN PROGRESSIVE APPROACH,Society,,LAKSHADWEEP DISTRICT,Lakshadweep,,,682555,"Education & Literacy, Skill Development, Women's Development & Empowerment",,,,,FALSE,
70b80800e20c403c13902662f6924374_1,MH/2020/0270413,14 Trees Foundation,Section 8 Company,U93090PN2020NPL191410,PUNE,Maharashtra,PUNE,"A-502, Swojas Anand, Anand Park, Aundh",411007,Environment & Forests,environment,,,2020-12-11T13:56:22,TRUE,1
70b80800e20c403c13902662f6924374_2,MH/2020/0270413,14 Trees Foundation,Section 8 Company,U93090PN2020NPL191410,PUNE,Maharashtra,PUNE,"A-502, Swojas Anand, Anand Park, Aundh",411007,Environment & Forests,environment,,,2020-12-11T13:56:22,TRUE,2
70b80800e20c403c13902662f6924374_3,MH/2020/0270413,14 Trees Foundation,Section 8 Company,U93090PN2020NPL191410,PUNE,Maharashtra,PUNE,"A-502, Swojas Anand, Anand Park, Aundh",411007,Environment & Forests,environment,,,2020-12-11T13:56:22,TRUE,3
b03f0080860640041a54457de7bf3690_4,MH/2021/0297461,LOKDHARA PRATISHTHAN,Trust,E-12361 (THANE),THANE,Maharashtra,BHIWANDI,"AT. SAMATANAGAR, BORIVALI, NEAR Z.P. SCHOOL MARATHI, POST. PADGHA, TAL. BHIWANDI",421101,"Aged/Elderly, Art & Culture, Children, Education & Literacy",elderly_care,,,2022-03-30T01:17:24,TRUE,4
005d02805d0240bb1292be7425fc87a1_5,MH/2021/0291000,1 RUPEE CLINIC FOUNDATION,Section 8 Company,U85100MH2021NPL361664,THANE,Maharashtra,Thane,"Dimond Homes Basment B, Opp Manas Society",400099,Health & Family Welfare,health,,,2021-08-28T14:41:43,TRUE,5
70b80800e20c403c13902662f6924374_6,MH/2020/0270413,14 Trees Foundation,Section 8 Company,U93090PN2020NPL191410,PUNE,Maharashtra,PUNE,"A-502, Swojas Anand, Anand Park, Aundh",411007,Environment & Forests,environment,,,2020-12-11T13:56:22,TRUE,6
307907d0db09403658b9a810e0363d68_7,MH/2025/0591038,252 Acres Foundation,Section 8 Company,U85300MH2021NPL361859,THANE,Maharashtra,Thane,"Unit 211, OPALSquare, Wagle estate, Thane West",400604,"Environment & Forests, Micro Small & Medium Enterprises",environment,19.19052,72.95503,2025-04-11T12:30:07,FALSE,7
70b80800e20c403c13902662f6924374_8,MH/2020/0270413,14 Trees Foundation,Section 8 Company,U93090PN2020NPL191410,PUNE,Maharashtra,PUNE,"A-502, Swojas Anand, Anand Park, Aundh",411007,Environment & Forests,environment,,,2020-12-11T13:56:22,TRUE,8
70b80800e20c403c13902662f6924374_9,MH/2020/0270413,14 Trees Foundation,Section 8 Company,U93090PN2020NPL191410,PUNE,Maharashtra,PUNE,"A-502, Swojas Anand, Anand Park, Aundh",411007,Environment & Forests,environment,,,2020-12-11T13:56:22,TRUE,9
b03f0080860640041a54457de7bf3690_10,MH/2021/0297461,LOKDHARA PRATISHTHAN,Trust,E-12361 (THANE),THANE,Maharashtra,BHIWANDI,"AT. SAMATANAGAR, BORIVALI, NEAR Z.P. SCHOOL MARATHI, POST. PADGHA, TAL. BHIWANDI",421101,"Aged/Elderly, Art & Culture, Children, Education & Literacy",elderly_care,,,2022-03-30T01:17:24,TRUE,10
70b80800e20c403c13902662f6924374_11,MH/2020/0270413,14 Trees Foundation,Section 8 Company,U93090PN2020NPL191410,PUNE,Maharashtra,PUNE,"A-502, Swojas Anand, Anand Park, Aundh",411007,Environment & Forests,environment,,,2020-12-11T13:56:22,TRUE,11
307907d0db09403658b9a810e0363d68_12,MH/2025/0591038,252 Acres Foundation,Section 8 Company,U85300MH2021NPL361859,THANE,Maharashtra,Thane,"Unit 211, OPALSquare, Wagle estate, Thane West",400604,"Environment & Forests, Micro Small & Medium Enterprises",environment,19.19052,72.95503,2025-04-11T12:30:07,FALSE,12
80bd0050530940cc2068cc3b783e1751_13,MH/2024/0457335,SHASVAT-A SUSTAINABLE DEVELOPMENT INITIATIVES FOUNDATION,Section 8 Company,U85300HR2020NPL088674,CHHATRAPATI SAMBHAJINAGAR,Maharashtra,Vaijapur,"Adhar Hospital Basement, Vaijapur",423701,"Health & Family Welfare, Women's Development & Empowerment",social_welfare,,,2024-10-23T15:32:37,TRUE,13
b03f0080860640041a54457de7bf3690_14,MH/2021/0297461,LOKDHARA PRATISHTHAN,Trust,E-12361 (THANE),THANE,Maharashtra,BHIWANDI,"AT. SAMATANAGAR, BORIVALI, NEAR Z.P. SCHOOL MARATHI, POST. PADGHA, TAL. BHIWANDI",421101,"Aged/Elderly, Art & Culture, Children, Education & Literacy",elderly_care,,,2022-03-30T01:17:24,TRUE,14
005d02805d0240bb1292be7425fc87a1_15,MH/2021/0291000,1 RUPEE CLINIC FOUNDATION,Section 8 Company,U85100MH2021NPL361664,THANE,Maharashtra,Thane,"Dimond Homes Basment B, Opp Manas Society",400099,Health & Family Welfare,health,,,2021-08-28T14:41:43,TRUE,15
70b80800e20c403c13902662f6924374_16,MH/2020/0270413,14 Trees Foundation,Section 8 Company,U93090PN2020NPL191410,PUNE,Maharashtra,PUNE,"A-502, Swojas Anand, Anand Park, Aundh",411007,Environment & Forests,environment,,,2020-12-11T13:56:22,TRUE,16
80bd0050530940cc2068cc3b783e1751_17,MH/2024/0457335,SHASVAT-A SUSTAINABLE DEVELOPMENT INITIATIVES FOUNDATION,Section 8 Company,U85300HR2020NPL088674,CHHATRAPATI SAMBHAJINAGAR,Maharashtra,Vaijapur,"Adhar Hospital Basement, Vaijapur",423701,"Health & Family Welfare, Women's Development & Empowerment",social_welfare,,,2024-10-23T15:32:37,TRUE,17
307907d0db09403658b9a810e0363d68_18,MH/2025/0591038,252 Acres Foundation,Section 8 Company,U85300MH2021NPL361859,THANE,Maharashtra,Thane,"Unit 211, OPALSquare, Wagle estate, Thane West",400604,"Environment & Forests, Micro Small & Medium Enterprises",environment,19.19052,72.95503,2025-04-11T12:30:07,FALSE,18
307907d0db09403658b9a810e0363d68_19,MH/2025/0591038,252 Acres Foundation,Section 8 Company,U85300MH2021NPL361859,THANE,Maharashtra,Thane,"Unit 211, OPALSquare, Wagle estate, Thane West",400604,"Environment & Forests, Micro Small & Medium Enterprises",environment,19.19052,72.95503,2025-04-11T12:30:07,FALSE,19
307907d0db09403658b9a810e0363d68_20,MH/2025/0591038,252 Acres Foundation,Section 8 Company,U85300MH2021NPL361859,THANE,Maharashtra,Thane,"Unit 211, OPALSquare, Wagle estate, Thane West",400604,"Environment & Forests, Micro Small & Medium Enterprises",environment,19.19052,72.95503,2025-04-11T12:30:07,FALSE,20
80bd0050530940cc2068cc3b783e1751_21,MH/2024/0457335,SHASVAT-A SUSTAINABLE DEVELOPMENT INITIATIVES FOUNDATION,Section 8 Company,U85300HR2020NPL088674,CHHATRAPATI SAMBHAJINAGAR,Maharashtra,Vaijapur,"Adhar Hospital Basement, Vaijapur",423701,"Health & Family Welfare, Women's Development & Empowerment",social_welfare,,,2024-10-23T15:32:37,TRUE,21
80bd0050530940cc2068cc3b783e1751_22,MH/2024/0457335,SHASVAT-A SUSTAINABLE DEVELOPMENT INITIATIVES FOUNDATION,Section 8 Company,U85300HR2020NPL088674,CHHATRAPATI SAMBHAJINAGAR,Maharashtra,Vaijapur,"Adhar Hospital Basement, Vaijapur",423701,"Health & Family Welfare, Women's Development & Empowerment",social_welfare,,,2024-10-23T15:32:37,TRUE,22
80bd0050530940cc2068cc3b783e1751_23,MH/2024/0457335,SHASVAT-A SUSTAINABLE DEVELOPMENT INITIATIVES FOUNDATION,Section 8 Company,U85300HR2020NPL088674,CHHATRAPATI SAMBHAJINAGAR,Maharashtra,Vaijapur,"Adhar Hospital Basement, Vaijapur",423701,"Health & Family Welfare, Women's Development & Empowerment",social_welfare,,,2024-10-23T15:32:37,TRUE,23
80bd0050530940cc2068cc3b783e1751_24,MH/2024/0457335,SHASVAT-A SUSTAINABLE DEVELOPMENT INITIATIVES FOUNDATION,Section 8 Company,U85300HR2020NPL088674,CHHATRAPATI SAMBHAJINAGAR,Maharashtra,Vaijapur,"Adhar Hospital Basement, Vaijapur",423701,"Health & Family Welfare, Women's Development & Empowerment",social_welfare,,,2024-10-23T15:32:37,TRUE,24
70b80800e20c403c13902662f6924374_25,MH/2020/0270413,14 Trees Foundation,Section 8 Company,U93090PN2020NPL191410,PUNE,Maharashtra,PUNE,"A-502, Swojas Anand, Anand Park, Aundh",411007,Environment & Forests,environment,,,2020-12-11T13:56:22,TRUE,25
80bd0050530940cc2068cc3b783e1751_26,MH/2024/0457335,SHASVAT-A SUSTAINABLE DEVELOPMENT INITIATIVES FOUNDATION,Section 8 Company,U85300HR2020NPL088674,CHHATRAPATI SAMBHAJINAGAR,Maharashtra,Vaijapur,"Adhar Hospital Basement, Vaijapur",423701,"Health & Family Welfare, Women's Development & Empowerment",social_welfare,,,2024-10-23T15:32:37,TRUE,26
b03f0080860640041a54457de7bf3690_27,MH/2021/0297461,LOKDHARA PRATISHTHAN,Trust,E-12361 (THANE),THANE,Maharashtra,BHIWANDI,"AT. SAMATANAGAR, BORIVALI, NEAR Z.P. SCHOOL MARATHI, POST. PADGHA, TAL. BHIWANDI",421101,"Aged/Elderly, Art & Culture, Children, Education & Literacy",elderly_care,,,2022-03-30T01:17:24,TRUE,27
70b80800e20c403c13902662f6924374_28,MH/2020/0270413,14 Trees Foundation,Section 8 Company,U93090PN2020NPL191410,PUNE,Maharashtra,PUNE,"A-502, Swojas Anand, Anand Park, Aundh",411007,Environment & Forests,environment,,,2020-12-11T13:56:22,TRUE,28
b03f0080860640041a54457de7bf3690_29,MH/2021/0297461,LOKDHARA PRATISHTHAN,Trust,E-12361 (THANE),THANE,Maharashtra,BHIWANDI,"AT. SAMATANAGAR, BORIVALI, NEAR Z.P. SCHOOL MARATHI, POST. PADGHA, TAL. BHIWANDI",421101,"Aged/Elderly, Art & Culture, Children, Education & Literacy",elderly_care,,,2022-03-30T01:17:24,TRUE,29
80bd0050530940cc2068cc3b783e1751_30,MH/2024/0457335,SHASVAT-A SUSTAINABLE DEVELOPMENT INITIATIVES FOUNDATION,Section 8 Company,U85300HR2020NPL088674,CHHATRAPATI SAMBHAJINAGAR,Maharashtra,Vaijapur,"Adhar Hospital Basement, Vaijapur",423701,"Health & Family Welfare, Women's Development & Empowerment",social_welfare,,,2024-10-23T15:32:37,TRUE,30
80bd0050530940cc2068cc3b783e1751_31,MH/2024/0457335,SHASVAT-A SUSTAINABLE DEVELOPMENT INITIATIVES FOUNDATION,Section 8 Company,U85300HR2020NPL088674,CHHATRAPATI SAMBHAJINAGAR,Maharashtra,Vaijapur,"Adhar Hospital Basement, Vaijapur",423701,"Health & Family Welfare, Women's Development & Empowerment",social_welfare,,,2024-10-23T15:32:37,TRUE,31
70b80800e20c403c13902662f6924374_32,MH/2020/0270413,14 Trees Foundation,Section 8 Company,U93090PN2020NPL191410,PUNE,Maharashtra,PUNE,"A-502, Swojas Anand, Anand Park, Aundh",411007,Environment & Forests,environment,,,2020-12-11T13:56:22,TRUE,32
005d02805d0240bb1292be7425fc87a1_33,MH/2021/0291000,1 RUPEE CLINIC FOUNDATION,Section 8 Company,U85100MH2021NPL361664,THANE,Maharashtra,Thane,"Dimond Homes Basment B, Opp Manas Society",400099,Health & Family Welfare,health,,,2021-08-28T14:41:43,TRUE,33
70b80800e20c403c13902662f6924374_34,MH/2020/0270413,14 Trees Foundation,Section 8 Company,U93090PN2020NPL191410,PUNE,Maharashtra,PUNE,"A-502, Swojas Anand, Anand Park, Aundh",411007,Environment & Forests,environment,,,2020-12-11T13:56:22,TRUE,34
005d02805d0240bb1292be7425fc87a1_35,MH/2021/0291000,1 RUPEE CLINIC FOUNDATION,Section 8 Company,U85100MH2021NPL361664,THANE,Maharashtra,Thane,"Dimond Homes Basment B, Opp Manas Society",400099,Health & Family Welfare,health,,,2021-08-28T14:41:43,TRUE,35
307907d0db09403658b9a810e0363d68_36,MH/2025/0591038,252 Acres Foundation,Section 8 Company,U85300MH2021NPL361859,THANE,Maharashtra,Thane,"Unit 211, OPALSquare, Wagle estate, Thane West",400604,"Environment & Forests, Micro Small & Medium Enterprises",environment,19.19052,72.95503,2025-04-11T12:30:07,FALSE,36
80bd0050530940cc2068cc3b783e1751_37,MH/2024/0457335,SHASVAT-A SUSTAINABLE DEVELOPMENT INITIATIVES FOUNDATION,Section 8 Company,U85300HR2020NPL088674,CHHATRAPATI SAMBHAJINAGAR,Maharashtra,Vaijapur,"Adhar Hospital Basement, Vaijapur",423701,"Health & Family Welfare, Women's Development & Empowerment",social_welfare,,,2024-10-23T15:32:37,TRUE,37
70b80800e20c403c13902662f6924374_38,MH/2020/0270413,14 Trees Foundation,Section 8 Company,U93090PN2020NPL191410,PUNE,Maharashtra,PUNE,"A-502, Swojas Anand, Anand Park, Aundh",411007,Environment & Forests,environment,,,2020-12-11T13:56:22,TRUE,38
80bd0050530940cc2068cc3b783e1751_39,MH/2024/0457335,SHASVAT-A SUSTAINABLE DEVELOPMENT INITIATIVES FOUNDATION,Section 8 Company,U85300HR2020NPL088674,CHHATRAPATI SAMBHAJINAGAR,Maharashtra,Vaijapur,"Adhar Hospital Basement, Vaijapur",423701,"Health & Family Welfare, Women's Development & Empowerment",social_welfare,,,2024-10-23T15:32:37,TRUE,39
b03f0080860640041a54457de7bf3690_40,MH/2021/0297461,LOKDHARA PRATISHTHAN,Trust,E-12361 (THANE),THANE,Maharashtra,BHIWANDI,"AT. SAMATANAGAR, BORIVALI, NEAR Z.P. SCHOOL MARATHI, POST. PADGHA, TAL. BHIWANDI",421101,"Aged/Elderly, Art & Culture, Children, Education & Literacy",elderly_care,,,2022-03-30T01:17:24,TRUE,40
307907d0db09403658b9a810e0363d68_41,MH/2025/0591038,252 Acres Foundation,Section 8 Company,U85300MH2021NPL361859,THANE,Maharashtra,Thane,"Unit 211, OPALSquare, Wagle estate, Thane West",400604,"Environment & Forests, Micro Small & Medium Enterprises",environment,19.19052,72.95503,2025-04-11T12:30:07,FALSE,41
307907d0db09403658b9a810e0363d68_42,MH/2025/0591038,252 Acres Foundation,Section 8 Company,U85300MH2021NPL361859,THANE,Maharashtra,Thane,"Unit 211, OPALSquare, Wagle estate, Thane West",400604,"Environment & Forests, Micro Small & Medium Enterprises",environment,19.19052,72.95503,2025-04-11T12:30:07,FALSE,42
80bd0050530940cc2068cc3b783e1751_43,MH/2024/0457335,SHASVAT-A SUSTAINABLE DEVELOPMENT INITIATIVES FOUNDATION,Section 8 Company,U85300HR2020NPL088674,CHHATRAPATI SAMBHAJINAGAR,Maharashtra,Vaijapur,"Adhar Hospital Basement, Vaijapur",423701,"Health & Family Welfare, Women's Development & Empowerment",social_welfare,,,2024-10-23T15:32:37,TRUE,43
80bd0050530940cc2068cc3b783e1751_44,MH/2024/0457335,SHASVAT-A SUSTAINABLE DEVELOPMENT INITIATIVES FOUNDATION,Section 8 Company,U85300HR2020NPL088674,CHHATRAPATI SAMBHAJINAGAR,Maharashtra,Vaijapur,"Adhar Hospital Basement, Vaijapur",423701,"Health & Family Welfare, Women's Development & Empowerment",social_welfare,,,2024-10-23T15:32:37,TRUE,44
80bd0050530940cc2068cc3b783e1751_45,MH/2024/0457335,SHASVAT-A SUSTAINABLE DEVELOPMENT INITIATIVES FOUNDATION,Section 8 Company,U85300HR2020NPL088674,CHHATRAPATI SAMBHAJINAGAR,Maharashtra,Vaijapur,"Adhar Hospital Basement, Vaijapur",423701,"Health & Family Welfare, Women's Development & Empowerment",social_welfare,,,2024-10-23T15:32:37,TRUE,45
b03f0080860640041a54457de7bf3690_46,MH/2021/0297461,LOKDHARA PRATISHTHAN,Trust,E-12361 (THANE),THANE,Maharashtra,BHIWANDI,"AT. SAMATANAGAR, BORIVALI, NEAR Z.P. SCHOOL MARATHI, POST. PADGHA, TAL. BHIWANDI",421101,"Aged/Elderly, Art & Culture, Children, Education & Literacy",elderly_care,,,2022-03-30T01:17:24,TRUE,46
005d02805d0240bb1292be7425fc87a1_47,MH/2021/0291000,1 RUPEE CLINIC FOUNDATION,Section 8 Company,U85100MH2021NPL361664,THANE,Maharashtra,Thane,"Dimond Homes Basment B, Opp Manas Society",400099,Health & Family Welfare,health,,,2021-08-28T14:41:43,TRUE,47
307907d0db09403658b9a810e0363d68_48,MH/2025/0591038,252 Acres Foundation,Section 8 Company,U85300MH2021NPL361859,THANE,Maharashtra,Thane,"Unit 211, OPALSquare, Wagle estate, Thane West",400604,"Environment & Forests, Micro Small & Medium Enterprises",environment,19.19052,72.95503,2025-04-11T12:30:07,FALSE,48
307907d0db09403658b9a810e0363d68_49,MH/2025/0591038,252 Acres Foundation,Section 8 Company,U85300MH2021NPL361859,THANE,Maharashtra,Thane,"Unit 211, OPALSquare, Wagle estate, Thane West",400604,"Environment & Forests, Micro Small & Medium Enterprises",environment,19.19052,72.95503,2025-04-11T12:30:07,FALSE,49
70b80800e20c403c13902662f6924374_50,MH/2020/0270413,14 Trees Foundation,Section 8 Company,U93090PN2020NPL191410,PUNE,Maharashtra,PUNE,"A-502, Swojas Anand, Anand Park, Aundh",411007,Environment & Forests,environment,,,2020-12-11T13:56:22,TRUE,50
70b80800e20c403c13902662f6924374_51,MH/2020/0270413,14 Trees Foundation,Section 8 Company,U93090PN2020NPL191410,PUNE,Maharashtra,PUNE,"A-502, Swojas Anand, Anand Park, Aundh",411007,Environment & Forests,environment,,,2020-12-11T13:56:22,TRUE,51
b03f0080860640041a54457de7bf3690_52,MH/2021/0297461,LOKDHARA PRATISHTHAN,Trust,E-12361 (THANE),THANE,Maharashtra,BHIWANDI,"AT. SAMATANAGAR, BORIVALI, NEAR Z.P. SCHOOL MARATHI, POST. PADGHA, TAL. BHIWANDI",421101,"Aged/Elderly, Art & Culture, Children, Education & Literacy",elderly_care,,,2022-03-30T01:17:24,TRUE,52
307907d0db09403658b9a810e0363d68_53,MH/2025/0591038,252 Acres Foundation,Section 8 Company,U85300MH2021NPL361859,THANE,Maharashtra,Thane,"Unit 211, OPALSquare, Wagle estate, Thane West",400604,"Environment & Forests, Micro Small & Medium Enterprises",environment,19.19052,72.95503,2025-04-11T12:30:07,FALSE,53
70b80800e20c403c13902662f6924374_54,MH/2020/0270413,14 Trees Foundation,Section 8 Company,U93090PN2020NPL191410,PUNE,Maharashtra,PUNE,"A-502, Swojas Anand, Anand Park, Aundh",411007,Environment & Forests,environment,,,2020-12-11T13:56:22,TRUE,54
70b80800e20c403c13902662f6924374_55,MH/2020/0270413,14 Trees Foundation,Section 8 Company,U93090PN2020NPL191410,PUNE,Maharashtra,PUNE,"A-502, Swojas Anand, Anand Park, Aundh",411007,Environment & Forests,environment,,,2020-12-11T13:56:22,TRUE,55
307907d0db09403658b9a810e0363d68_56,MH/2025/0591038,252 Acres Foundation,Section 8 Company,U85300MH2021NPL361859,THANE,Maharashtra,Thane,"Unit 211, OPALSquare, Wagle estate, Thane West",400604,"Environment & Forests, Micro Small & Medium Enterprises",environment,19.19052,72.95503,2025-04-11T12:30:07,FALSE,56
b03f0080860640041a54457de7bf3690_57,MH/2021/0297461,LOKDHARA PRATISHTHAN,Trust,E-12361 (THANE),THANE,Maharashtra,BHIWANDI,"AT. SAMATANAGAR, BORIVALI, NEAR Z.P. SCHOOL MARATHI, POST. PADGHA, TAL. BHIWANDI",421101,"Aged/Elderly, Art & Culture, Children, Education & Literacy",elderly_care,,,2022-03-30T01:17:24,TRUE,57
b03f0080860640041a54457de7bf3690_58,MH/2021/0297461,LOKDHARA PRATISHTHAN,Trust,E-12361 (THANE),THANE,Maharashtra,BHIWANDI,"AT. SAMATANAGAR, BORIVALI, NEAR Z.P. SCHOOL MARATHI, POST. PADGHA, TAL. BHIWANDI",421101,"Aged/Elderly, Art & Culture, Children, Education & Literacy",elderly_care,,,2022-03-30T01:17:24,TRUE,58
005d02805d0240bb1292be7425fc87a1_59,MH/2021/0291000,1 RUPEE CLINIC FOUNDATION,Section 8 Company,U85100MH2021NPL361664,THANE,Maharashtra,Thane,"Dimond Homes Basment B, Opp Manas Society",400099,Health & Family Welfare,health,,,2021-08-28T14:41:43,TRUE,59
307907d0db09403658b9a810e0363d68_60,MH/2025/0591038,252 Acres Foundation,Section 8 Company,U85300MH2021NPL361859,THANE,Maharashtra,Thane,"Unit 211, OPALSquare, Wagle estate, Thane West",400604,"Environment & Forests, Micro Small & Medium Enterprises",environment,19.19052,72.95503,2025-04-11T12:30:07,FALSE,60
80bd0050530940cc2068cc3b783e1751_61,MH/2024/0457335,SHASVAT-A SUSTAINABLE DEVELOPMENT INITIATIVES FOUNDATION,Section 8 Company,U85300HR2020NPL088674,CHHATRAPATI SAMBHAJINAGAR,Maharashtra,Vaijapur,"Adhar Hospital Basement, Vaijapur",423701,"Health & Family Welfare, Women's Development & Empowerment",social_welfare,,,2024-10-23T15:32:37,TRUE,61
80bd0050530940cc2068cc3b783e1751_62,MH/2024/0457335,SHASVAT-A SUSTAINABLE DEVELOPMENT INITIATIVES FOUNDATION,Section 8 Company,U85300HR2020NPL088674,CHHATRAPATI SAMBHAJINAGAR,Maharashtra,Vaijapur,"Adhar Hospital Basement, Vaijapur",423701,"Health & Family Welfare, Women's Development & Empowerment",social_welfare,,,2024-10-23T15:32:37,TRUE,62
005d02805d0240bb1292be7425fc87a1_63,MH/2021/0291000,1 RUPEE CLINIC FOUNDATION,Section 8 Company,U85100MH2021NPL361664,THANE,Maharashtra,Thane,"Dimond Homes Basment B, Opp Manas Society",400099,Health & Family Welfare,health,,,2021-08-28T14:41:43,TRUE,63
005d02805d0240bb1292be7425fc87a1_64,MH/2021/0291000,1 RUPEE CLINIC FOUNDATION,Section 8 Company,U85100MH2021NPL361664,THANE,Maharashtra,Thane,"Dimond Homes Basment B, Opp Manas Society",400099,Health & Family Welfare,health,,,2021-08-28T14:41:43,TRUE,64
005d02805d0240bb1292be7425fc87a1_65,MH/2021/0291000,1 RUPEE CLINIC FOUNDATION,Section 8 Company,U85100MH2021NPL361664,THANE,Maharashtra,Thane,"Dimond Homes Basment B, Opp Manas Society",400099,Health & Family Welfare,health,,,2021-08-28T14:41:43,TRUE,65
307907d0db09403658b9a810e0363d68_66,MH/2025/0591038,252 Acres Foundation,Section 8 Company,U85300MH2021NPL361859,THANE,Maharashtra,Thane,"Unit 211, OPALSquare, Wagle estate, Thane West",400604,"Environment & Forests, Micro Small & Medium Enterprises",environment,19.19052,72.95503,2025-04-11T12:30:07,FALSE,66
307907d0db09403658b9a810e0363d68_67,MH/2025/0591038,252 Acres Foundation,Section 8 Company,U85300MH2021NPL361859,THANE,Maharashtra,Thane,"Unit 211, OPALSquare, Wagle estate, Thane West",400604,"Environment & Forests, Micro Small & Medium Enterprises",environment,19.19052,72.95503,2025-04-11T12:30:07,FALSE,67
307907d0db09403658b9a810e0363d68_68,MH/2025/0591038,252 Acres Foundation,Section 8 Company,U85300MH2021NPL361859,THANE,Maharashtra,Thane,"Unit 211, OPALSquare, Wagle estate, Thane West",400604,"Environment & Forests, Micro Small & Medium Enterprises",environment,19.19052,72.95503,2025-04-11T12:30:07,FALSE,68
80bd0050530940cc2068cc3b783e1751_69,MH/2024/0457335,SHASVAT-A SUSTAINABLE DEVELOPMENT INITIATIVES FOUNDATION,Section 8 Company,U85300HR2020NPL088674,CHHATRAPATI SAMBHAJINAGAR,Maharashtra,Vaijapur,"Adhar Hospital Basement, Vaijapur",423701,"Health & Family Welfare, Women's Development & Empowerment",social_welfare,,,2024-10-23T15:32:37,TRUE,69
70b80800e20c403c13902662f6924374_70,MH/2020/0270413,14 Trees Foundation,Section 8 Company,U93090PN2020NPL191410,PUNE,Maharashtra,PUNE,"A-502, Swojas Anand, Anand Park, Aundh",411007,Environment & Forests,environment,,,2020-12-11T13:56:22,TRUE,70
70b80800e20c403c13902662f6924374_71,MH/2020/0270413,14 Trees Foundation,Section 8 Company,U93090PN2020NPL191410,PUNE,Maharashtra,PUNE,"A-502, Swojas Anand, Anand Park, Aundh",411007,Environment & Forests,environment,,,2020-12-11T13:56:22,TRUE,71
80bd0050530940cc2068cc3b783e1751_72,MH/2024/0457335,SHASVAT-A SUSTAINABLE DEVELOPMENT INITIATIVES FOUNDATION,Section 8 Company,U85300HR2020NPL088674,CHHATRAPATI SAMBHAJINAGAR,Maharashtra,Vaijapur,"Adhar Hospital Basement, Vaijapur",423701,"Health & Family Welfare, Women's Development & Empowerment",social_welfare,,,2024-10-23T15:32:37,TRUE,72
70b80800e20c403c13902662f6924374_73,MH/2020/0270413,14 Trees Foundation,Section 8 Company,U93090PN2020NPL191410,PUNE,Maharashtra,PUNE,"A-502, Swojas Anand, Anand Park, Aundh",411007,Environment & Forests,environment,,,2020-12-11T13:56:22,TRUE,73
005d02805d0240bb1292be7425fc87a1_74,MH/2021/0291000,1 RUPEE CLINIC FOUNDATION,Section 8 Company,U85100MH2021NPL361664,THANE,Maharashtra,Thane,"Dimond Homes Basment B, Opp Manas Society",400099,Health & Family Welfare,health,,,2021-08-28T14:41:43,TRUE,74
80bd0050530940cc2068cc3b783e1751_75,MH/2024/0457335,SHASVAT-A SUSTAINABLE DEVELOPMENT INITIATIVES FOUNDATION,Section 8 Company,U85300HR2020NPL088674,CHHATRAPATI SAMBHAJINAGAR,Maharashtra,Vaijapur,"Adhar Hospital Basement, Vaijapur",423701,"Health & Family Welfare, Women's Development & Empowerment",social_welfare,,,2024-10-23T15:32:37,TRUE,75
307907d0db09403658b9a810e0363d68_76,MH/2025/0591038,252 Acres Foundation,Section 8 Company,U85300MH2021NPL361859,THANE,Maharashtra,Thane,"Unit 211, OPALSquare, Wagle estate, Thane West",400604,"Environment & Forests, Micro Small & Medium Enterprises",environment,19.19052,72.95503,2025-04-11T12:30:07,FALSE,76
b03f0080860640041a54457de7bf3690_77,MH/2021/0297461,LOKDHARA PRATISHTHAN,Trust,E-12361 (THANE),THANE,Maharashtra,BHIWANDI,"AT. SAMATANAGAR, BORIVALI, NEAR Z.P. SCHOOL MARATHI, POST. PADGHA, TAL. BHIWANDI",421101,"Aged/Elderly, Art & Culture, Children, Education & Literacy",elderly_care,,,2022-03-30T01:17:24,TRUE,77
70b80800e20c403c13902662f6924374_78,MH/2020/0270413,14 Trees Foundation,Section 8 Company,U93090PN2020NPL191410,PUNE,Maharashtra,PUNE,"A-502, Swojas Anand, Anand Park, Aundh",411007,Environment & Forests,environment,,,2020-12-11T13:56:22,TRUE,78
307907d0db09403658b9a810e0363d68_79,MH/2025/0591038,252 Acres Foundation,Section 8 Company,U85300MH2021NPL361859,THANE,Maharashtra,Thane,"Unit 211, OPALSquare, Wagle estate, Thane West",400604,"Environment & Forests, Micro Small & Medium Enterprises",environment,19.19052,72.95503,2025-04-11T12:30:07,FALSE,79
307907d0db09403658b9a810e0363d68_80,MH/2025/0591038,252 Acres Foundation,Section 8 Company,U85300MH2021NPL361859,THANE,Maharashtra,Thane,"Unit 211, OPALSquare, Wagle estate, Thane West",400604,"Environment & Forests, Micro Small & Medium Enterprises",environment,19.19052,72.95503,2025-04-11T12:30:07,FALSE,80
005d02805d0240bb1292be7425fc87a1_81,MH/2021/0291000,1 RUPEE CLINIC FOUNDATION,Section 8 Company,U85100MH2021NPL361664,THANE,Maharashtra,Thane,"Dimond Homes Basment B, Opp Manas Society",400099,Health & Family Welfare,health,,,2021-08-28T14:41:43,TRUE,81
70b80800e20c403c13902662f6924374_82,MH/2020/0270413,14 Trees Foundation,Section 8 Company,U93090PN2020NPL191410,PUNE,Maharashtra,PUNE,"A-502, Swojas Anand, Anand Park, Aundh",411007,Environment & Forests,environment,,,2020-12-11T13:56:22,TRUE,82
307907d0db09403658b9a810e0363d68_83,MH/2025/0591038,252 Acres Foundation,Section 8 Company,U85300MH2021NPL361859,THANE,Maharashtra,Thane,"Unit 211, OPALSquare, Wagle estate, Thane West",400604,"Environment & Forests, Micro Small & Medium Enterprises",environment,19.19052,72.95503,2025-04-11T12:30:07,FALSE,83
80bd0050530940cc2068cc3b783e1751_84,MH/2024/0457335,SHASVAT-A SUSTAINABLE DEVELOPMENT INITIATIVES FOUNDATION,Section 8 Company,U85300HR2020NPL088674,CHHATRAPATI SAMBHAJINAGAR,Maharashtra,Vaijapur,"Adhar Hospital Basement, Vaijapur",423701,"Health & Family Welfare, Women's Development & Empowerment",social_welfare,,,2024-10-23T15:32:37,TRUE,84
80bd0050530940cc2068cc3b783e1751_85,MH/2024/0457335,SHASVAT-A SUSTAINABLE DEVELOPMENT INITIATIVES FOUNDATION,Section 8 Company,U85300HR2020NPL088674,CHHATRAPATI SAMBHAJINAGAR,Maharashtra,Vaijapur,"Adhar Hospital Basement, Vaijapur",423701,"Health & Family Welfare, Women's Development & Empowerment",social_welfare,,,2024-10-23T15:32:37,TRUE,85
80bd0050530940cc2068cc3b783e1751_86,MH/2024/0457335,SHASVAT-A SUSTAINABLE DEVELOPMENT INITIATIVES FOUNDATION,Section 8 Company,U85300HR2020NPL088674,CHHATRAPATI SAMBHAJINAGAR,Maharashtra,Vaijapur,"Adhar Hospital Basement, Vaijapur",423701,"Health & Family Welfare, Women's Development & Empowerment",social_welfare,,,2024-10-23T15:32:37,TRUE,86
307907d0db09403658b9a810e0363d68_87,MH/2025/0591038,252 Acres Foundation,Section 8 Company,U85300MH2021NPL361859,THANE,Maharashtra,Thane,"Unit 211, OPALSquare, Wagle estate, Thane West",400604,"Environment & Forests, Micro Small & Medium Enterprises",environment,19.19052,72.95503,2025-04-11T12:30:07,FALSE,87
80bd0050530940cc2068cc3b783e1751_88,MH/2024/0457335,SHASVAT-A SUSTAINABLE DEVELOPMENT INITIATIVES FOUNDATION,Section 8 Company,U85300HR2020NPL088674,CHHATRAPATI SAMBHAJINAGAR,Maharashtra,Vaijapur,"Adhar Hospital Basement, Vaijapur",423701,"Health & Family Welfare, Women's Development & Empowerment",social_welfare,,,2024-10-23T15:32:37,TRUE,88
307907d0db09403658b9a810e0363d68_89,MH/2025/0591038,252 Acres Foundation,Section 8 Company,U85300MH2021NPL361859,THANE,Maharashtra,Thane,"Unit 211, OPALSquare, Wagle estate, Thane West",400604,"Environment & Forests, Micro Small & Medium Enterprises",environment,19.19052,72.95503,2025-04-11T12:30:07,FALSE,89
b03f0080860640041a54457de7bf3690_90,MH/2021/0297461,LOKDHARA PRATISHTHAN,Trust,E-12361 (THANE),THANE,Maharashtra,BHIWANDI,"AT. SAMATANAGAR, BORIVALI, NEAR Z.P. SCHOOL MARATHI, POST. PADGHA, TAL. BHIWANDI",421101,"Aged/Elderly, Art & Culture, Children, Education & Literacy",elderly_care,,,2022-03-30T01:17:24,TRUE,90
005d02805d0240bb1292be7425fc87a1_91,MH/2021/0291000,1 RUPEE CLINIC FOUNDATION,Section 8 Company,U85100MH2021NPL361664,THANE,Maharashtra,Thane,"Dimond Homes Basment B, Opp Manas Society",400099,Health & Family Welfare,health,,,2021-08-28T14:41:43,TRUE,91
b03f0080860640041a54457de7bf3690_92,MH/2021/0297461,LOKDHARA PRATISHTHAN,Trust,E-12361 (THANE),THANE,Maharashtra,BHIWANDI,"AT. SAMATANAGAR, BORIVALI, NEAR Z.P. SCHOOL MARATHI, POST. PADGHA, TAL. BHIWANDI",421101,"Aged/Elderly, Art & Culture, Children, Education & Literacy",elderly_care,,,2022-03-30T01:17:24,TRUE,92
307907d0db09403658b9a810e0363d68_93,MH/2025/0591038,252 Acres Foundation,Section 8 Company,U85300MH2021NPL361859,THANE,Maharashtra,Thane,"Unit 211, OPALSquare, Wagle estate, Thane West",400604,"Environment & Forests, Micro Small & Medium Enterprises",environment,19.19052,72.95503,2025-04-11T12:30:07,FALSE,93
307907d0db09403658b9a810e0363d68_94,MH/2025/0591038,252 Acres Foundation,Section 8 Company,U85300MH2021NPL361859,THANE,Maharashtra,Thane,"Unit 211, OPALSquare, Wagle estate, Thane West",400604,"Environment & Forests, Micro Small & Medium Enterprises",environment,19.19052,72.95503,2025-04-11T12:30:07,FALSE,94
b03f0080860640041a54457de7bf3690_95,MH/2021/0297461,LOKDHARA PRATISHTHAN,Trust,E-12361 (THANE),THANE,Maharashtra,BHIWANDI,"AT. SAMATANAGAR, BORIVALI, NEAR Z.P. SCHOOL MARATHI, POST. PADGHA, TAL. BHIWANDI",421101,"Aged/Elderly, Art & Culture, Children, Education & Literacy",elderly_care,,,2022-03-30T01:17:24,TRUE,95
80bd0050530940cc2068cc3b783e1751_96,MH/2024/0457335,SHASVAT-A SUSTAINABLE DEVELOPMENT INITIATIVES FOUNDATION,Section 8 Company,U85300HR2020NPL088674,CHHATRAPATI SAMBHAJINAGAR,Maharashtra,Vaijapur,"Adhar Hospital Basement, Vaijapur",423701,"Health & Family Welfare, Women's Development & Empowerment",social_welfare,,,2024-10-23T15:32:37,TRUE,96
70b80800e20c403c13902662f6924374_97,MH/2020/0270413,14 Trees Foundation,Section 8 Company,U93090PN2020NPL191410,PUNE,Maharashtra,PUNE,"A-502, Swojas Anand, Anand Park, Aundh",411007,Environment & Forests,environment,,,2020-12-11T13:56:22,TRUE,97
005d02805d0240bb1292be7425fc87a1_98,MH/2021/0291000,1 RUPEE CLINIC FOUNDATION,Section 8 Company,U85100MH2021NPL361664,THANE,Maharashtra,Thane,"Dimond Homes Basment B, Opp Manas Society",400099,Health & Family Welfare,health,,,2021-08-28T14:41:43,TRUE,98
307907d0db09403658b9a810e0363d68_99,MH/2025/0591038,252 Acres Foundation,Section 8 Company,U85300MH2021NPL361859,THANE,Maharashtra,Thane,"Unit 211, OPALSquare, Wagle estate, Thane West",400604,"Environment & Forests, Micro Small & Medium Enterprises",environment,19.19052,72.95503,2025-04-11T12:30:07,FALSE,99
b03f0080860640041a54457de7bf3690_100,MH/2021/0297461,LOKDHARA PRATISHTHAN,Trust,E-12361 (THANE),THANE,Maharashtra,BHIWANDI,"AT. SAMATANAGAR, BORIVALI, NEAR Z.P. SCHOOL MARATHI, POST. PADGHA, TAL. BHIWANDI",421101,"Aged/Elderly, Art & Culture, Children, Education & Literacy",elderly_care,,,2022-03-30T01:17:24,TRUE,100
40640d20310240bb12e7d472274563c6_1,MN/2022/0323981,1 STEP FOUNDATION,Society,249/UD/SR/2022,UKHRUL,Manipur,UKHRUL,TALUI VILLAGE UKHRUL DISTRICT MANIPUR,795142,"Agriculture, Environment & Forests, Education & Literacy",,,,2022-09-05T20:00:11,TRUE,1
b01c04b0f40b402217e05c38a3f37733_2,MN/2020/0252630,7 Sisters Foundation,Society,167/M/SR/2000,IMPHAL EAST,Manipur,Imphal,"Sermon Road, Dewlahland",795010,"Health & Family Welfare, Women Development",,,,2020-03-26T16:14:14,TRUE,2
709a0800c409401a2c57694813f63934_3,MN/2024/0444454,ABOK SHAKHI MEMORIAL CHARITABLE TRUST,Trust,27 OF 2013,IMPHAL WEST,Manipur,Imphal,Sagolband Tera Bazar Sayang Road,795001,"Women Development & Empowerment, Youth Affairs",,,,2024-09-02T16:19:58,TRUE,3
90c30b20fd05404489c87e1fe6b407f9_4,MN/2025/0881609,ABUNDANT GRACE ENLIGHTENS,Society,1204,SENAPATI,Manipur,Paomata,"Pouna Colony, Senapati",795106,"Minority Issues, Religious",,,,2025-11-12T17:01:27,FALSE,4
00980c607b0e403c6c92dd4986be6803_5,MN/2025/0624663,ACHUNG KAMEI MEMORIAL TRUST,Trust,25 OF 2013,CHANDEL,Manipur,Chandel,"Moreh, Chandel District",795131,"Health & Family Welfare, Education & Literacy",,24.332,94.0007,2025-05-15T12:15:19,FALSE,5
40640d20310240bb12e7d472274563c6_6,MN/2022/0323981,1 STEP FOUNDATION,Society,249/UD/SR/2022,UKHRUL,Manipur,UKHRUL,TALUI VILLAGE UKHRUL DISTRICT MANIPUR,795142,"Agriculture, Environment & Forests, Education & Literacy",,,,2022-09-05T20:00:11,TRUE,6
b01c04b0f40b402217e05c38a3f37733_7,MN/2020/0252630,7 Sisters Foundation,Society,167/M/SR/2000,IMPHAL EAST,Manipur,Imphal,"Sermon Road, Dewlahland",795010,"Health & Family Welfare, Women Development",,,,2020-03-26T16:14:14,TRUE,7
709a0800c409401a2c57694813f63934_8,MN/2024/0444454,ABOK SHAKHI MEMORIAL CHARITABLE TRUST,Trust,27 OF 2013,IMPHAL WEST,Manipur,Imphal,Sagolband Tera Bazar Sayang Road,795001,"Women Development & Empowerment, Youth Affairs",,,,2024-09-02T16:19:58,TRUE,8
90c30b20fd05404489c87e1fe6b407f9_9,MN/2025/0881609,ABUNDANT GRACE ENLIGHTENS,Society,1204,SENAPATI,Manipur,Paomata,"Pouna Colony, Senapati",795106,"Minority Issues, Religious",,,,2025-11-12T17:01:27,FALSE,9
00980c607b0e403c6c92dd4986be6803_10,MN/2025/0624663,ACHUNG KAMEI MEMORIAL TRUST,Trust,25 OF 2013,CHANDEL,Manipur,Chandel,"Moreh, Chandel District",795131,"Health & Family Welfare, Education & Literacy",,24.332,94.0007,2025-05-15T12:15:19,FALSE,10
40640d20310240bb12e7d472274563c6_11,MN/2022/0323981,1 STEP FOUNDATION,Society,249/UD/SR/2022,UKHRUL,Manipur,UKHRUL,TALUI VILLAGE UKHRUL DISTRICT MANIPUR,795142,"Agriculture, Environment & Forests, Education & Literacy",,,,2022-09-05T20:00:11,TRUE,11
b01c04b0f40b402217e05c38a3f37733_12,MN/2020/0252630,7 Sisters Foundation,Society,167/M/SR/2000,IMPHAL EAST,Manipur,Imphal,"Sermon Road, Dewlahland",795010,"Health & Family Welfare, Women Development",,,,2020-03-26T16:14:14,TRUE,12
709a0800c409401a2c57694813f63934_13,MN/2024/0444454,ABOK SHAKHI MEMORIAL CHARITABLE TRUST,Trust,27 OF 2013,IMPHAL WEST,Manipur,Imphal,Sagolband Tera Bazar Sayang Road,795001,"Women Development & Empowerment, Youth Affairs",,,,2024-09-02T16:19:58,TRUE,13
90c30b20fd05404489c87e1fe6b407f9_14,MN/2025/0881609,ABUNDANT GRACE ENLIGHTENS,Society,1204,SENAPATI,Manipur,Paomata,"Pouna Colony, Senapati",795106,"Minority Issues, Religious",,,,2025-11-12T17:01:27,FALSE,14
00980c607b0e403c6c92dd4986be6803_15,MN/2025/0624663,ACHUNG KAMEI MEMORIAL TRUST,Trust,25 OF 2013,CHANDEL,Manipur,Chandel,"Moreh, Chandel District",795131,"Health & Family Welfare, Education & Literacy",,24.332,94.0007,2025-05-15T12:15:19,FALSE,15
40640d20310240bb12e7d472274563c6_16,MN/2022/0323981,1 STEP FOUNDATION,Society,249/UD/SR/2022,UKHRUL,Manipur,UKHRUL,TALUI VILLAGE UKHRUL DISTRICT MANIPUR,795142,"Agriculture, Environment & Forests, Education & Literacy",,,,2022-09-05T20:00:11,TRUE,16
b01c04b0f40b402217e05c38a3f37733_17,MN/2020/0252630,7 Sisters Foundation,Society,167/M/SR/2000,IMPHAL EAST,Manipur,Imphal,"Sermon Road, Dewlahland",795010,"Health & Family Welfare, Women Development",,,,2020-03-26T16:14:14,TRUE,17
709a0800c409401a2c57694813f63934_18,MN/2024/0444454,ABOK SHAKHI MEMORIAL CHARITABLE TRUST,Trust,27 OF 2013,IMPHAL WEST,Manipur,Imphal,Sagolband Tera Bazar Sayang Road,795001,"Women Development & Empowerment, Youth Affairs",,,,2024-09-02T16:19:58,TRUE,18
90c30b20fd05404489c87e1fe6b407f9_19,MN/2025/0881609,ABUNDANT GRACE ENLIGHTENS,Society,1204,SENAPATI,Manipur,Paomata,"Pouna Colony, Senapati",795106,"Minority Issues, Religious",,,,2025-11-12T17:01:27,FALSE,19
00980c607b0e403c6c92dd4986be6803_20,MN/2025/0624663,ACHUNG KAMEI MEMORIAL TRUST,Trust,25 OF 2013,CHANDEL,Manipur,Chandel,"Moreh, Chandel District",795131,"Health & Family Welfare, Education & Literacy",,24.332,94.0007,2025-05-15T12:15:19,FALSE,20
40640d20310240bb12e7d472274563c6_21,MN/2022/0323981,1 STEP FOUNDATION,Society,249/UD/SR/2022,UKHRUL,Manipur,UKHRUL,TALUI VILLAGE UKHRUL DISTRICT MANIPUR,795142,"Agriculture, Environment & Forests, Education & Literacy",,,,2022-09-05T20:00:11,TRUE,21
b01c04b0f40b402217e05c38a3f37733_22,MN/2020/0252630,7 Sisters Foundation,Society,167/M/SR/2000,IMPHAL EAST,Manipur,Imphal,"Sermon Road, Dewlahland",795010,"Health & Family Welfare, Women Development",,,,2020-03-26T16:14:14,TRUE,22
709a0800c409401a2c57694813f63934_23,MN/2024/0444454,ABOK SHAKHI MEMORIAL CHARITABLE TRUST,Trust,27 OF 2013,IMPHAL WEST,Manipur,Imphal,Sagolband Tera Bazar Sayang Road,795001,"Women Development & Empowerment, Youth Affairs",,,,2024-09-02T16:19:58,TRUE,23
90c30b20fd05404489c87e1fe6b407f9_24,MN/2025/0881609,ABUNDANT GRACE ENLIGHTENS,Society,1204,SENAPATI,Manipur,Paomata,"Pouna Colony, Senapati",795106,"Minority Issues, Religious",,,,2025-11-12T17:01:27,FALSE,24
00980c607b0e403c6c92dd4986be6803_25,MN/2025/0624663,ACHUNG KAMEI MEMORIAL TRUST,Trust,25 OF 2013,CHANDEL,Manipur,Chandel,"Moreh, Chandel District",795131,"Health & Family Welfare, Education & Literacy",,24.332,94.0007,2025-05-15T12:15:19,FALSE,25
40640d20310240bb12e7d472274563c6_26,MN/2022/0323981,1 STEP FOUNDATION,Society,249/UD/SR/2022,UKHRUL,Manipur,UKHRUL,TALUI VILLAGE UKHRUL DISTRICT MANIPUR,795142,"Agriculture, Environment & Forests, Education & Literacy",,,,2022-09-05T20:00:11,TRUE,26
b01c04b0f40b402217e05c38a3f37733_27,MN/2020/0252630,7 Sisters Foundation,Society,167/M/SR/2000,IMPHAL EAST,Manipur,Imphal,"Sermon Road, Dewlahland",795010,"Health & Family Welfare, Women Development",,,,2020-03-26T16:14:14,TRUE,27
709a0800c409401a2c57694813f63934_28,MN/2024/0444454,ABOK SHAKHI MEMORIAL CHARITABLE TRUST,Trust,27 OF 2013,IMPHAL WEST,Manipur,Imphal,Sagolband Tera Bazar Sayang Road,795001,"Women Development & Empowerment, Youth Affairs",,,,2024-09-02T16:19:58,TRUE,28
90c30b20fd05404489c87e1fe6b407f9_29,MN/2025/0881609,ABUNDANT GRACE ENLIGHTENS,Society,1204,SENAPATI,Manipur,Paomata,"Pouna Colony, Senapati",795106,"Minority Issues, Religious",,,,2025-11-12T17:01:27,FALSE,29
00980c607b0e403c6c92dd4986be6803_30,MN/2025/0624663,ACHUNG KAMEI MEMORIAL TRUST,Trust,25 OF 2013,CHANDEL,Manipur,Chandel,"Moreh, Chandel District",795131,"Health & Family Welfare, Education & Literacy",,24.332,94.0007,2025-05-15T12:15:19,FALSE,30
40640d20310240bb12e7d472274563c6_31,MN/2022/0323981,1 STEP FOUNDATION,Society,249/UD/SR/2022,UKHRUL,Manipur,UKHRUL,TALUI VILLAGE UKHRUL DISTRICT MANIPUR,795142,"Agriculture, Environment & Forests, Education & Literacy",,,,2022-09-05T20:00:11,TRUE,31
b01c04b0f40b402217e05c38a3f37733_32,MN/2020/0252630,7 Sisters Foundation,Society,167/M/SR/2000,IMPHAL EAST,Manipur,Imphal,"Sermon Road, Dewlahland",795010,"Health & Family Welfare, Women Development",,,,2020-03-26T16:14:14,TRUE,32
709a0800c409401a2c57694813f63934_33,MN/2024/0444454,ABOK SHAKHI MEMORIAL CHARITABLE TRUST,Trust,27 OF 2013,IMPHAL WEST,Manipur,Imphal,Sagolband Tera Bazar Sayang Road,795001,"Women Development & Empowerment, Youth Affairs",,,,2024-09-02T16:19:58,TRUE,33
90c30b20fd05404489c87e1fe6b407f9_34,MN/2025/0881609,ABUNDANT GRACE ENLIGHTENS,Society,1204,SENAPATI,Manipur,Paomata,"Pouna Colony, Senapati",795106,"Minority Issues, Religious",,,,2025-11-12T17:01:27,FALSE,34
00980c607b0e403c6c92dd4986be6803_35,MN/2025/0624663,ACHUNG KAMEI MEMORIAL TRUST,Trust,25 OF 2013,CHANDEL,Manipur,Chandel,"Moreh, Chandel District",795131,"Health & Family Welfare, Education & Literacy",,24.332,94.0007,2025-05-15T12:15:19,FALSE,35
40640d20310240bb12e7d472274563c6_36,MN/2022/0323981,1 STEP FOUNDATION,Society,249/UD/SR/2022,UKHRUL,Manipur,UKHRUL,TALUI VILLAGE UKHRUL DISTRICT MANIPUR,795142,"Agriculture, Environment & Forests, Education & Literacy",,,,2022-09-05T20:00:11,TRUE,36
b01c04b0f40b402217e05c38a3f37733_37,MN/2020/0252630,7 Sisters Foundation,Society,167/M/SR/2000,IMPHAL EAST,Manipur,Imphal,"Sermon Road, Dewlahland",795010,"Health & Family Welfare, Women Development",,,,2020-03-26T16:14:14,TRUE,37
709a0800c409401a2c57694813f63934_38,MN/2024/0444454,ABOK SHAKHI MEMORIAL CHARITABLE TRUST,Trust,27 OF 2013,IMPHAL WEST,Manipur,Imphal,Sagolband Tera Bazar Sayang Road,795001,"Women Development & Empowerment, Youth Affairs",,,,2024-09-02T16:19:58,TRUE,38
90c30b20fd05404489c87e1fe6b407f9_39,MN/2025/0881609,ABUNDANT GRACE ENLIGHTENS,Society,1204,SENAPATI,Manipur,Paomata,"Pouna Colony, Senapati",795106,"Minority Issues, Religious",,,,2025-11-12T17:01:27,FALSE,39
00980c607b0e403c6c92dd4986be6803_40,MN/2025/0624663,ACHUNG KAMEI MEMORIAL TRUST,Trust,25 OF 2013,CHANDEL,Manipur,Chandel,"Moreh, Chandel District",795131,"Health & Family Welfare, Education & Literacy",,24.332,94.0007,2025-05-15T12:15:19,FALSE,40
40640d20310240bb12e7d472274563c6_41,MN/2022/0323981,1 STEP FOUNDATION,Society,249/UD/SR/2022,UKHRUL,Manipur,UKHRUL,TALUI VILLAGE UKHRUL DISTRICT MANIPUR,795142,"Agriculture, Environment & Forests, Education & Literacy",,,,2022-09-05T20:00:11,TRUE,41
b01c04b0f40b402217e05c38a3f37733_42,MN/2020/0252630,7 Sisters Foundation,Society,167/M/SR/2000,IMPHAL EAST,Manipur,Imphal,"Sermon Road, Dewlahland",795010,"Health & Family Welfare, Women Development",,,,2020-03-26T16:14:14,TRUE,42
709a0800c409401a2c57694813f63934_43,MN/2024/0444454,ABOK SHAKHI MEMORIAL CHARITABLE TRUST,Trust,27 OF 2013,IMPHAL WEST,Manipur,Imphal,Sagolband Tera Bazar Sayang Road,795001,"Women Development & Empowerment, Youth Affairs",,,,2024-09-02T16:19:58,TRUE,43
90c30b20fd05404489c87e1fe6b407f9_44,MN/2025/0881609,ABUNDANT GRACE ENLIGHTENS,Society,1204,SENAPATI,Manipur,Paomata,"Pouna Colony, Senapati",795106,"Minority Issues, Religious",,,,2025-11-12T17:01:27,FALSE,44
00980c607b0e403c6c92dd4986be6803_45,MN/2025/0624663,ACHUNG KAMEI MEMORIAL TRUST,Trust,25 OF 2013,CHANDEL,Manipur,Chandel,"Moreh, Chandel District",795131,"Health & Family Welfare, Education & Literacy",,24.332,94.0007,2025-05-15T12:15:19,FALSE,45
40640d20310240bb12e7d472274563c6_46,MN/2022/0323981,1 STEP FOUNDATION,Society,249/UD/SR/2022,UKHRUL,Manipur,UKHRUL,TALUI VILLAGE UKHRUL DISTRICT MANIPUR,795142,"Agriculture, Environment & Forests, Education & Literacy",,,,2022-09-05T20:00:11,TRUE,46
b01c04b0f40b402217e05c38a3f37733_47,MN/2020/0252630,7 Sisters Foundation,Society,167/M/SR/2000,IMPHAL EAST,Manipur,Imphal,"Sermon Road, Dewlahland",795010,"Health & Family Welfare, Women Development",,,,2020-03-26T16:14:14,TRUE,47
709a0800c409401a2c57694813f63934_48,MN/2024/0444454,ABOK SHAKHI MEMORIAL CHARITABLE TRUST,Trust,27 OF 2013,IMPHAL WEST,Manipur,Imphal,Sagolband Tera Bazar Sayang Road,795001,"Women Development & Empowerment, Youth Affairs",,,,2024-09-02T16:19:58,TRUE,48
90c30b20fd05404489c87e1fe6b407f9_49,MN/2025/0881609,ABUNDANT GRACE ENLIGHTENS,Society,1204,SENAPATI,Manipur,Paomata,"Pouna Colony, Senapati",795106,"Minority Issues, Religious",,,,2025-11-12T17:01:27,FALSE,49
00980c607b0e403c6c92dd4986be6803_50,MN/2025/0624663,ACHUNG KAMEI MEMORIAL TRUST,Trust,25 OF 2013,CHANDEL,Manipur,Chandel,"Moreh, Chandel District",795131,"Health & Family Welfare, Education & Literacy",,24.332,94.0007,2025-05-15T12:15:19,FALSE,50
40640d20310240bb12e7d472274563c6_51,MN/2022/0323981,1 STEP FOUNDATION,Society,249/UD/SR/2022,UKHRUL,Manipur,UKHRUL,TALUI VILLAGE UKHRUL DISTRICT MANIPUR,795142,"Agriculture, Environment & Forests, Education & Literacy",,,,2022-09-05T20:00:11,TRUE,51
b01c04b0f40b402217e05c38a3f37733_52,MN/2020/0252630,7 Sisters Foundation,Society,167/M/SR/2000,IMPHAL EAST,Manipur,Imphal,"Sermon Road, Dewlahland",795010,"Health & Family Welfare, Women Development",,,,2020-03-26T16:14:14,TRUE,52
709a0800c409401a2c57694813f63934_53,MN/2024/0444454,ABOK SHAKHI MEMORIAL CHARITABLE TRUST,Trust,27 OF 2013,IMPHAL WEST,Manipur,Imphal,Sagolband Tera Bazar Sayang Road,795001,"Women Development & Empowerment, Youth Affairs",,,,2024-09-02T16:19:58,TRUE,53
90c30b20fd05404489c87e1fe6b407f9_54,MN/2025/0881609,ABUNDANT GRACE ENLIGHTENS,Society,1204,SENAPATI,Manipur,Paomata,"Pouna Colony, Senapati",795106,"Minority Issues, Religious",,,,2025-11-12T17:01:27,FALSE,54
00980c607b0e403c6c92dd4986be6803_55,MN/2025/0624663,ACHUNG KAMEI MEMORIAL TRUST,Trust,25 OF 2013,CHANDEL,Manipur,Chandel,"Moreh, Chandel District",795131,"Health & Family Welfare, Education & Literacy",,24.332,94.0007,2025-05-15T12:15:19,FALSE,55
40640d20310240bb12e7d472274563c6_56,MN/2022/0323981,1 STEP FOUNDATION,Society,249/UD/SR/2022,UKHRUL,Manipur,UKHRUL,TALUI VILLAGE UKHRUL DISTRICT MANIPUR,795142,"Agriculture, Environment & Forests, Education & Literacy",,,,2022-09-05T20:00:11,TRUE,56
b01c04b0f40b402217e05c38a3f37733_57,MN/2020/0252630,7 Sisters Foundation,Society,167/M/SR/2000,IMPHAL EAST,Manipur,Imphal,"Sermon Road, Dewlahland",795010,"Health & Family Welfare, Women Development",,,,2020-03-26T16:14:14,TRUE,57
709a0800c409401a2c57694813f63934_58,MN/2024/0444454,ABOK SHAKHI MEMORIAL CHARITABLE TRUST,Trust,27 OF 2013,IMPHAL WEST,Manipur,Imphal,Sagolband Tera Bazar Sayang Road,795001,"Women Development & Empowerment, Youth Affairs",,,,2024-09-02T16:19:58,TRUE,58
90c30b20fd05404489c87e1fe6b407f9_59,MN/2025/0881609,ABUNDANT GRACE ENLIGHTENS,Society,1204,SENAPATI,Manipur,Paomata,"Pouna Colony, Senapati",795106,"Minority Issues, Religious",,,,2025-11-12T17:01:27,FALSE,59
00980c607b0e403c6c92dd4986be6803_60,MN/2025/0624663,ACHUNG KAMEI MEMORIAL TRUST,Trust,25 OF 2013,CHANDEL,Manipur,Chandel,"Moreh, Chandel District",795131,"Health & Family Welfare, Education & Literacy",,24.332,94.0007,2025-05-15T12:15:19,FALSE,60
40640d20310240bb12e7d472274563c6_61,MN/2022/0323981,1 STEP FOUNDATION,Society,249/UD/SR/2022,UKHRUL,Manipur,UKHRUL,TALUI VILLAGE UKHRUL DISTRICT MANIPUR,795142,"Agriculture, Environment & Forests, Education & Literacy",,,,2022-09-05T20:00:11,TRUE,61
b01c04b0f40b402217e05c38a3f37733_62,MN/2020/0252630,7 Sisters Foundation,Society,167/M/SR/2000,IMPHAL EAST,Manipur,Imphal,"Sermon Road, Dewlahland",795010,"Health & Family Welfare, Women Development",,,,2020-03-26T16:14:14,TRUE,62
709a0800c409401a2c57694813f63934_63,MN/2024/0444454,ABOK SHAKHI MEMORIAL CHARITABLE TRUST,Trust,27 OF 2013,IMPHAL WEST,Manipur,Imphal,Sagolband Tera Bazar Sayang Road,795001,"Women Development & Empowerment, Youth Affairs",,,,2024-09-02T16:19:58,TRUE,63
90c30b20fd05404489c87e1fe6b407f9_64,MN/2025/0881609,ABUNDANT GRACE ENLIGHTENS,Society,1204,SENAPATI,Manipur,Paomata,"Pouna Colony, Senapati",795106,"Minority Issues, Religious",,,,2025-11-12T17:01:27,FALSE,64
00980c607b0e403c6c92dd4986be6803_65,MN/2025/0624663,ACHUNG KAMEI MEMORIAL TRUST,Trust,25 OF 2013,CHANDEL,Manipur,Chandel,"Moreh, Chandel District",795131,"Health & Family Welfare, Education & Literacy",,24.332,94.0007,2025-05-15T12:15:19,FALSE,65
40640d20310240bb12e7d472274563c6_66,MN/2022/0323981,1 STEP FOUNDATION,Society,249/UD/SR/2022,UKHRUL,Manipur,UKHRUL,TALUI VILLAGE UKHRUL DISTRICT MANIPUR,795142,"Agriculture, Environment & Forests, Education & Literacy",,,,2022-09-05T20:00:11,TRUE,66
b01c04b0f40b402217e05c38a3f37733_67,MN/2020/0252630,7 Sisters Foundation,Society,167/M/SR/2000,IMPHAL EAST,Manipur,Imphal,"Sermon Road, Dewlahland",795010,"Health & Family Welfare, Women Development",,,,2020-03-26T16:14:14,TRUE,67
709a0800c409401a2c57694813f63934_68,MN/2024/0444454,ABOK SHAKHI MEMORIAL CHARITABLE TRUST,Trust,27 OF 2013,IMPHAL WEST,Manipur,Imphal,Sagolband Tera Bazar Sayang Road,795001,"Women Development & Empowerment, Youth Affairs",,,,2024-09-02T16:19:58,TRUE,68
90c30b20fd05404489c87e1fe6b407f9_69,MN/2025/0881609,ABUNDANT GRACE ENLIGHTENS,Society,1204,SENAPATI,Manipur,Paomata,"Pouna Colony, Senapati",795106,"Minority Issues, Religious",,,,2025-11-12T17:01:27,FALSE,69
00980c607b0e403c6c92dd4986be6803_70,MN/2025/0624663,ACHUNG KAMEI MEMORIAL TRUST,Trust,25 OF 2013,CHANDEL,Manipur,Chandel,"Moreh, Chandel District",795131,"Health & Family Welfare, Education & Literacy",,24.332,94.0007,2025-05-15T12:15:19,FALSE,70
40640d20310240bb12e7d472274563c6_71,MN/2022/0323981,1 STEP FOUNDATION,Society,249/UD/SR/2022,UKHRUL,Manipur,UKHRUL,TALUI VILLAGE UKHRUL DISTRICT MANIPUR,795142,"Agriculture, Environment & Forests, Education & Literacy",,,,2022-09-05T20:00:11,TRUE,71
b01c04b0f40b402217e05c38a3f37733_72,MN/2020/0252630,7 Sisters Foundation,Society,167/M/SR/2000,IMPHAL EAST,Manipur,Imphal,"Sermon Road, Dewlahland",795010,"Health & Family Welfare, Women Development",,,,2020-03-26T16:14:14,TRUE,72
709a0800c409401a2c57694813f63934_73,MN/2024/0444454,ABOK SHAKHI MEMORIAL CHARITABLE TRUST,Trust,27 OF 2013,IMPHAL WEST,Manipur,Imphal,Sagolband Tera Bazar Sayang Road,795001,"Women Development & Empowerment, Youth Affairs",,,,2024-09-02T16:19:58,TRUE,73
90c30b20fd05404489c87e1fe6b407f9_74,MN/2025/0881609,ABUNDANT GRACE ENLIGHTENS,Society,1204,SENAPATI,Manipur,Paomata,"Pouna Colony, Senapati",795106,"Minority Issues, Religious",,,,2025-11-12T17:01:27,FALSE,74
00980c607b0e403c6c92dd4986be6803_75,MN/2025/0624663,ACHUNG KAMEI MEMORIAL TRUST,Trust,25 OF 2013,CHANDEL,Manipur,Chandel,"Moreh, Chandel District",795131,"Health & Family Welfare, Education & Literacy",,24.332,94.0007,2025-05-15T12:15:19,FALSE,75
40640d20310240bb12e7d472274563c6_76,MN/2022/0323981,1 STEP FOUNDATION,Society,249/UD/SR/2022,UKHRUL,Manipur,UKHRUL,TALUI VILLAGE UKHRUL DISTRICT MANIPUR,795142,"Agriculture, Environment & Forests, Education & Literacy",,,,2022-09-05T20:00:11,TRUE,76
b01c04b0f40b402217e05c38a3f37733_77,MN/2020/0252630,7 Sisters Foundation,Society,167/M/SR/2000,IMPHAL EAST,Manipur,Imphal,"Sermon Road, Dewlahland",795010,"Health & Family Welfare, Women Development",,,,2020-03-26T16:14:14,TRUE,77
709a0800c409401a2c57694813f63934_78,MN/2024/0444454,ABOK SHAKHI MEMORIAL CHARITABLE TRUST,Trust,27 OF 2013,IMPHAL WEST,Manipur,Imphal,Sagolband Tera Bazar Sayang Road,795001,"Women Development & Empowerment, Youth Affairs",,,,2024-09-02T16:19:58,TRUE,78
90c30b20fd05404489c87e1fe6b407f9_79,MN/2025/0881609,ABUNDANT GRACE ENLIGHTENS,Society,1204,SENAPATI,Manipur,Paomata,"Pouna Colony, Senapati",795106,"Minority Issues, Religious",,,,2025-11-12T17:01:27,FALSE,79
00980c607b0e403c6c92dd4986be6803_80,MN/2025/0624663,ACHUNG KAMEI MEMORIAL TRUST,Trust,25 OF 2013,CHANDEL,Manipur,Chandel,"Moreh, Chandel District",795131,"Health & Family Welfare, Education & Literacy",,24.332,94.0007,2025-05-15T12:15:19,FALSE,80
40640d20310240bb12e7d472274563c6_81,MN/2022/0323981,1 STEP FOUNDATION,Society,249/UD/SR/2022,UKHRUL,Manipur,UKHRUL,TALUI VILLAGE UKHRUL DISTRICT MANIPUR,795142,"Agriculture, Environment & Forests, Education & Literacy",,,,2022-09-05T20:00:11,TRUE,81
b01c04b0f40b402217e05c38a3f37733_82,MN/2020/0252630,7 Sisters Foundation,Society,167/M/SR/2000,IMPHAL EAST,Manipur,Imphal,"Sermon Road, Dewlahland",795010,"Health & Family Welfare, Women Development",,,,2020-03-26T16:14:14,TRUE,82
709a0800c409401a2c57694813f63934_83,MN/2024/0444454,ABOK SHAKHI MEMORIAL CHARITABLE TRUST,Trust,27 OF 2013,IMPHAL WEST,Manipur,Imphal,Sagolband Tera Bazar Sayang Road,795001,"Women Development & Empowerment, Youth Affairs",,,,2024-09-02T16:19:58,TRUE,83
90c30b20fd05404489c87e1fe6b407f9_84,MN/2025/0881609,ABUNDANT GRACE ENLIGHTENS,Society,1204,SENAPATI,Manipur,Paomata,"Pouna Colony, Senapati",795106,"Minority Issues, Religious",,,,2025-11-12T17:01:27,FALSE,84
00980c607b0e403c6c92dd4986be6803_85,MN/2025/0624663,ACHUNG KAMEI MEMORIAL TRUST,Trust,25 OF 2013,CHANDEL,Manipur,Chandel,"Moreh, Chandel District",795131,"Health & Family Welfare, Education & Literacy",,24.332,94.0007,2025-05-15T12:15:19,FALSE,85
40640d20310240bb12e7d472274563c6_86,MN/2022/0323981,1 STEP FOUNDATION,Society,249/UD/SR/2022,UKHRUL,Manipur,UKHRUL,TALUI VILLAGE UKHRUL DISTRICT MANIPUR,795142,"Agriculture, Environment & Forests, Education & Literacy",,,,2022-09-05T20:00:11,TRUE,86
b01c04b0f40b402217e05c38a3f37733_87,MN/2020/0252630,7 Sisters Foundation,Society,167/M/SR/2000,IMPHAL EAST,Manipur,Imphal,"Sermon Road, Dewlahland",795010,"Health & Family Welfare, Women Development",,,,2020-03-26T16:14:14,TRUE,87
709a0800c409401a2c57694813f63934_88,MN/2024/0444454,ABOK SHAKHI MEMORIAL CHARITABLE TRUST,Trust,27 OF 2013,IMPHAL WEST,Manipur,Imphal,Sagolband Tera Bazar Sayang Road,795001,"Women Development & Empowerment, Youth Affairs",,,,2024-09-02T16:19:58,TRUE,88
90c30b20fd05404489c87e1fe6b407f9_89,MN/2025/0881609,ABUNDANT GRACE ENLIGHTENS,Society,1204,SENAPATI,Manipur,Paomata,"Pouna Colony, Senapati",795106,"Minority Issues, Religious",,,,2025-11-12T17:01:27,FALSE,89
00980c607b0e403c6c92dd4986be6803_90,MN/2025/0624663,ACHUNG KAMEI MEMORIAL TRUST,Trust,25 OF 2013,CHANDEL,Manipur,Chandel,"Moreh, Chandel District",795131,"Health & Family Welfare, Education & Literacy",,24.332,94.0007,2025-05-15T12:15:19,FALSE,90
40640d20310240bb12e7d472274563c6_91,MN/2022/0323981,1 STEP FOUNDATION,Society,249/UD/SR/2022,UKHRUL,Manipur,UKHRUL,TALUI VILLAGE UKHRUL DISTRICT MANIPUR,795142,"Agriculture, Environment & Forests, Education & Literacy",,,,2022-09-05T20:00:11,TRUE,91
b01c04b0f40b402217e05c38a3f37733_92,MN/2020/0252630,7 Sisters Foundation,Society,167/M/SR/2000,IMPHAL EAST,Manipur,Imphal,"Sermon Road, Dewlahland",795010,"Health & Family Welfare, Women Development",,,,2020-03-26T16:14:14,TRUE,92
709a0800c409401a2c57694813f63934_93,MN/2024/0444454,ABOK SHAKHI MEMORIAL CHARITABLE TRUST,Trust,27 OF 2013,IMPHAL WEST,Manipur,Imphal,Sagolband Tera Bazar Sayang Road,795001,"Women Development & Empowerment, Youth Affairs",,,,2024-09-02T16:19:58,TRUE,93
90c30b20fd05404489c87e1fe6b407f9_94,MN/2025/0881609,ABUNDANT GRACE ENLIGHTENS,Society,1204,SENAPATI,Manipur,Paomata,"Pouna Colony, Senapati",795106,"Minority Issues, Religious",,,,2025-11-12T17:01:27,FALSE,94
00980c607b0e403c6c92dd4986be6803_95,MN/2025/0624663,ACHUNG KAMEI MEMORIAL TRUST,Trust,25 OF 2013,CHANDEL,Manipur,Chandel,"Moreh, Chandel District",795131,"Health & Family Welfare, Education & Literacy",,24.332,94.0007,2025-05-15T12:15:19,FALSE,95
40640d20310240bb12e7d472274563c6_96,MN/2022/0323981,1 STEP FOUNDATION,Society,249/UD/SR/2022,UKHRUL,Manipur,UKHRUL,TALUI VILLAGE UKHRUL DISTRICT MANIPUR,795142,"Agriculture, Environment & Forests, Education & Literacy",,,,2022-09-05T20:00:11,TRUE,96
b01c04b0f40b402217e05c38a3f37733_97,MN/2020/0252630,7 Sisters Foundation,Society,167/M/SR/2000,IMPHAL EAST,Manipur,Imphal,"Sermon Road, Dewlahland",795010,"Health & Family Welfare, Women Development",,,,2020-03-26T16:14:14,TRUE,97
709a0800c409401a2c57694813f63934_98,MN/2024/0444454,ABOK SHAKHI MEMORIAL CHARITABLE TRUST,Trust,27 OF 2013,IMPHAL WEST,Manipur,Imphal,Sagolband Tera Bazar Sayang Road,795001,"Women Development & Empowerment, Youth Affairs",,,,2024-09-02T16:19:58,TRUE,98
90c30b20fd05404489c87e1fe6b407f9_99,MN/2025/0881609,ABUNDANT GRACE ENLIGHTENS,Society,1204,SENAPATI,Manipur,Paomata,"Pouna Colony, Senapati",795106,"Minority Issues, Religious",,,,2025-11-12T17:01:27,FALSE,99
00980c607b0e403c6c92dd4986be6803_100,MN/2025/0624663,ACHUNG KAMEI MEMORIAL TRUST,Trust,25 OF 2013,CHANDEL,Manipur,Chandel,"Moreh, Chandel District",795131,"Health & Family Welfare, Education & Literacy",,24.332,94.0007,2025-05-15T12:15:19,FALSE,100
b0290f603a0f40b78c69c79c46561849,ML/2025/0899619,7 THYNDAI CHILD CARE INSTITUTION CUM COUNSELLING CENTRE,Society,SW/SD/12/2024/4171,EAST JAINTIA HILLS,Meghalaya,Wapung,"Tuber Kmai Shnong Village, East Jaintia Hills District Meghalaya.",793160,"Children, Youth Affairs",,,,2025-11-25T14:32:13,FALSE,1
a0c50170d607400d20133140c1c23525,ML/2024/0433269,A.CHIK TOURISM SOCIETY,Society,TSR/2007/154 OF 2007,WEST GARO HILLS,Meghalaya,Tura,A.CHIK TOURISM SOCIETY BEHIND TM COMPLEX NAJING TO NEW TURA LINK ROAD.,794001,"Aged/Elderly, Agriculture, Tourism",,,,2024-07-23T12:46:34,TRUE,2
b0290f603a0f40b78c69c79c46561849,ML/2025/0899619,7 THYNDAI CHILD CARE INSTITUTION CUM COUNSELLING CENTRE,Society,SW/SD/12/2024/4171,EAST JAINTIA HILLS,Meghalaya,Wapung,"Tuber Kmai Shnong Village, East Jaintia Hills District Meghalaya.",793160,"Children, Youth Affairs",,,,2025-11-25T14:32:13,FALSE,3
a0c50170d607400d20133140c1c23525,ML/2024/0433269,A.CHIK TOURISM SOCIETY,Society,TSR/2007/154 OF 2007,WEST GARO HILLS,Meghalaya,Tura,A.CHIK TOURISM SOCIETY BEHIND TM COMPLEX NAJING TO NEW TURA LINK ROAD.,794001,"Aged/Elderly, Agriculture, Tourism",,,,2024-07-23T12:46:34,TRUE,4
b0290f603a0f40b78c69c79c46561849,ML/2025/0899619,7 THYNDAI CHILD CARE INSTITUTION CUM COUNSELLING CENTRE,Society,SW/SD/12/2024/4171,EAST JAINTIA HILLS,Meghalaya,Wapung,"Tuber Kmai Shnong Village, East Jaintia Hills District Meghalaya.",793160,"Children, Youth Affairs",,,,2025-11-25T14:32:13,FALSE,5
a0c50170d607400d20133140c1c23525,ML/2024/0433269,A.CHIK TOURISM SOCIETY,Society,TSR/2007/154 OF 2007,WEST GARO HILLS,Meghalaya,Tura,A.CHIK TOURISM SOCIETY BEHIND TM COMPLEX NAJING TO NEW TURA LINK ROAD.,794001,"Aged/Elderly, Agriculture, Tourism",,,,2024-07-23T12:46:34,TRUE,6
b0290f603a0f40b78c69c79c46561849,ML/2025/0899619,7 THYNDAI CHILD CARE INSTITUTION CUM COUNSELLING CENTRE,Society,SW/SD/12/2024/4171,EAST JAINTIA HILLS,Meghalaya,Wapung,"Tuber Kmai Shnong Village, East Jaintia Hills District Meghalaya.",793160,"Children, Youth Affairs",,,,2025-11-25T14:32:13,FALSE,7
a0c50170d607400d20133140c1c23525,ML/2024/0433269,A.CHIK TOURISM SOCIETY,Society,TSR/2007/154 OF 2007,WEST GARO HILLS,Meghalaya,Tura,A.CHIK TOURISM SOCIETY BEHIND TM COMPLEX NAJING TO NEW TURA LINK ROAD.,794001,"Aged/Elderly, Agriculture, Tourism",,,,2024-07-23T12:46:34,TRUE,8
b0290f603a0f40b78c69c79c46561849,ML/2025/0899619,7 THYNDAI CHILD CARE INSTITUTION CUM COUNSELLING CENTRE,Society,SW/SD/12/2024/4171,EAST JAINTIA HILLS,Meghalaya,Wapung,"Tuber Kmai Shnong Village, East Jaintia Hills District Meghalaya.",793160,"Children, Youth Affairs",,,,2025-11-25T14:32:13,FALSE,9
a0c50170d607400d20133140c1c23525,ML/2024/0433269,A.CHIK TOURISM SOCIETY,Society,TSR/2007/154 OF 2007,WEST GARO HILLS,Meghalaya,Tura,A.CHIK TOURISM SOCIETY BEHIND TM COMPLEX NAJING TO NEW TURA LINK ROAD.,794001,"Aged/Elderly, Agriculture, Tourism",,,,2024-07-23T12:46:34,TRUE,10
b0290f603a0f40b78c69c79c46561849,ML/2025/0899619,7 THYNDAI CHILD CARE INSTITUTION CUM COUNSELLING CENTRE,Society,SW/SD/12/2024/4171,EAST JAINTIA HILLS,Meghalaya,Wapung,"Tuber Kmai Shnong Village, East Jaintia Hills District Meghalaya.",793160,"Children, Youth Affairs",,,,2025-11-25T14:32:13,FALSE,11
a0c50170d607400d20133140c1c23525,ML/2024/0433269,A.CHIK TOURISM SOCIETY,Society,TSR/2007/154 OF 2007,WEST GARO HILLS,Meghalaya,Tura,A.CHIK TOURISM SOCIETY BEHIND TM COMPLEX NAJING TO NEW TURA LINK ROAD.,794001,"Aged/Elderly, Agriculture, Tourism",,,,2024-07-23T12:46:34,TRUE,12
b0290f603a0f40b78c69c79c46561849,ML/2025/0899619,7 THYNDAI CHILD CARE INSTITUTION CUM COUNSELLING CENTRE,Society,SW/SD/12/2024/4171,EAST JAINTIA HILLS,Meghalaya,Wapung,"Tuber Kmai Shnong Village, East Jaintia Hills District Meghalaya.",793160,"Children, Youth Affairs",,,,2025-11-25T14:32:13,FALSE,13
a0c50170d607400d20133140c1c23525,ML/2024/0433269,A.CHIK TOURISM SOCIETY,Society,TSR/2007/154 OF 2007,WEST GARO HILLS,Meghalaya,Tura,A.CHIK TOURISM SOCIETY BEHIND TM COMPLEX NAJING TO NEW TURA LINK ROAD.,794001,"Aged/Elderly, Agriculture, Tourism",,,,2024-07-23T12:46:34,TRUE,14
b0290f603a0f40b78c69c79c46561849,ML/2025/0899619,7 THYNDAI CHILD CARE INSTITUTION CUM COUNSELLING CENTRE,Society,SW/SD/12/2024/4171,EAST JAINTIA HILLS,Meghalaya,Wapung,"Tuber Kmai Shnong Village, East Jaintia Hills District Meghalaya.",793160,"Children, Youth Affairs",,,,2025-11-25T14:32:13,FALSE,15
a0c50170d607400d20133140c1c23525,ML/2024/0433269,A.CHIK TOURISM SOCIETY,Society,TSR/2007/154 OF 2007,WEST GARO HILLS,Meghalaya,Tura,A.CHIK TOURISM SOCIETY BEHIND TM COMPLEX NAJING TO NEW TURA LINK ROAD.,794001,"Aged/Elderly, Agriculture, Tourism",,,,2024-07-23T12:46:34,TRUE,16
b0290f603a0f40b78c69c79c46561849,ML/2025/0899619,7 THYNDAI CHILD CARE INSTITUTION CUM COUNSELLING CENTRE,Society,SW/SD/12/2024/4171,EAST JAINTIA HILLS,Meghalaya,Wapung,"Tuber Kmai Shnong Village, East Jaintia Hills District Meghalaya.",793160,"Children, Youth Affairs",,,,2025-11-25T14:32:13,FALSE,17
a0c50170d607400d20133140c1c23525,ML/2024/0433269,A.CHIK TOURISM SOCIETY,Society,TSR/2007/154 OF 2007,WEST GARO HILLS,Meghalaya,Tura,A.CHIK TOURISM SOCIETY BEHIND TM COMPLEX NAJING TO NEW TURA LINK ROAD.,794001,"Aged/Elderly, Agriculture, Tourism",,,,2024-07-23T12:46:34,TRUE,18
b0290f603a0f40b78c69c79c46561849,ML/2025/0899619,7 THYNDAI CHILD CARE INSTITUTION CUM COUNSELLING CENTRE,Society,SW/SD/12/2024/4171,EAST JAINTIA HILLS,Meghalaya,Wapung,"Tuber Kmai Shnong Village, East Jaintia Hills District Meghalaya.",793160,"Children, Youth Affairs",,,,2025-11-25T14:32:13,FALSE,19
a0c50170d607400d20133140c1c23525,ML/2024/0433269,A.CHIK TOURISM SOCIETY,Society,TSR/2007/154 OF 2007,WEST GARO HILLS,Meghalaya,Tura,A.CHIK TOURISM SOCIETY BEHIND TM COMPLEX NAJING TO NEW TURA LINK ROAD.,794001,"Aged/Elderly, Agriculture, Tourism",,,,2024-07-23T12:46:34,TRUE,20
b0290f603a0f40b78c69c79c46561849,ML/2025/0899619,7 THYNDAI CHILD CARE INSTITUTION CUM COUNSELLING CENTRE,Society,SW/SD/12/2024/4171,EAST JAINTIA HILLS,Meghalaya,Wapung,"Tuber Kmai Shnong Village, East Jaintia Hills District Meghalaya.",793160,"Children, Youth Affairs",,,,2025-11-25T14:32:13,FALSE,21
a0c50170d607400d20133140c1c23525,ML/2024/0433269,A.CHIK TOURISM SOCIETY,Society,TSR/2007/154 OF 2007,WEST GARO HILLS,Meghalaya,Tura,A.CHIK TOURISM SOCIETY BEHIND TM COMPLEX NAJING TO NEW TURA LINK ROAD.,794001,"Aged/Elderly, Agriculture, Tourism",,,,2024-07-23T12:46:34,TRUE,22
b0290f603a0f40b78c69c79c46561849,ML/2025/0899619,7 THYNDAI CHILD CARE INSTITUTION CUM COUNSELLING CENTRE,Society,SW/SD/12/2024/4171,EAST JAINTIA HILLS,Meghalaya,Wapung,"Tuber Kmai Shnong Village, East Jaintia Hills District Meghalaya.",793160,"Children, Youth Affairs",,,,2025-11-25T14:32:13,FALSE,23
a0c50170d607400d20133140c1c23525,ML/2024/0433269,A.CHIK TOURISM SOCIETY,Society,TSR/2007/154 OF 2007,WEST GARO HILLS,Meghalaya,Tura,A.CHIK TOURISM SOCIETY BEHIND TM COMPLEX NAJING TO NEW TURA LINK ROAD.,794001,"Aged/Elderly, Agriculture, Tourism",,,,2024-07-23T12:46:34,TRUE,24
b0290f603a0f40b78c69c79c46561849,ML/2025/0899619,7 THYNDAI CHILD CARE INSTITUTION CUM COUNSELLING CENTRE,Society,SW/SD/12/2024/4171,EAST JAINTIA HILLS,Meghalaya,Wapung,"Tuber Kmai Shnong Village, East Jaintia Hills District Meghalaya.",793160,"Children, Youth Affairs",,,,2025-11-25T14:32:13,FALSE,25
a0c50170d607400d20133140c1c23525,ML/2024/0433269,A.CHIK TOURISM SOCIETY,Society,TSR/2007/154 OF 2007,WEST GARO HILLS,Meghalaya,Tura,A.CHIK TOURISM SOCIETY BEHIND TM COMPLEX NAJING TO NEW TURA LINK ROAD.,794001,"Aged/Elderly, Agriculture, Tourism",,,,2024-07-23T12:46:34,TRUE,26
b0290f603a0f40b78c69c79c46561849,ML/2025/0899619,7 THYNDAI CHILD CARE INSTITUTION CUM COUNSELLING CENTRE,Society,SW/SD/12/2024/4171,EAST JAINTIA HILLS,Meghalaya,Wapung,"Tuber Kmai Shnong Village, East Jaintia Hills District Meghalaya.",793160,"Children, Youth Affairs",,,,2025-11-25T14:32:13,FALSE,27
a0c50170d607400d20133140c1c23525,ML/2024/0433269,A.CHIK TOURISM SOCIETY,Society,TSR/2007/154 OF 2007,WEST GARO HILLS,Meghalaya,Tura,A.CHIK TOURISM SOCIETY BEHIND TM COMPLEX NAJING TO NEW TURA LINK ROAD.,794001,"Aged/Elderly, Agriculture, Tourism",,,,2024-07-23T12:46:34,TRUE,28
b0290f603a0f40b78c69c79c46561849,ML/2025/0899619,7 THYNDAI CHILD CARE INSTITUTION CUM COUNSELLING CENTRE,Society,SW/SD/12/2024/4171,EAST JAINTIA HILLS,Meghalaya,Wapung,"Tuber Kmai Shnong Village, East Jaintia Hills District Meghalaya.",793160,"Children, Youth Affairs",,,,2025-11-25T14:32:13,FALSE,29
a0c50170d607400d20133140c1c23525,ML/2024/0433269,A.CHIK TOURISM SOCIETY,Society,TSR/2007/154 OF 2007,WEST GARO HILLS,Meghalaya,Tura,A.CHIK TOURISM SOCIETY BEHIND TM COMPLEX NAJING TO NEW TURA LINK ROAD.,794001,"Aged/Elderly, Agriculture, Tourism",,,,2024-07-23T12:46:34,TRUE,30
b0290f603a0f40b78c69c79c46561849,ML/2025/0899619,7 THYNDAI CHILD CARE INSTITUTION CUM COUNSELLING CENTRE,Society,SW/SD/12/2024/4171,EAST JAINTIA HILLS,Meghalaya,Wapung,"Tuber Kmai Shnong Village, East Jaintia Hills District Meghalaya.",793160,"Children, Youth Affairs",,,,2025-11-25T14:32:13,FALSE,31
a0c50170d607400d20133140c1c23525,ML/2024/0433269,A.CHIK TOURISM SOCIETY,Society,TSR/2007/154 OF 2007,WEST GARO HILLS,Meghalaya,Tura,A.CHIK TOURISM SOCIETY BEHIND TM COMPLEX NAJING TO NEW TURA LINK ROAD.,794001,"Aged/Elderly, Agriculture, Tourism",,,,2024-07-23T12:46:34,TRUE,32
b0290f603a0f40b78c69c79c46561849,ML/2025/0899619,7 THYNDAI CHILD CARE INSTITUTION CUM COUNSELLING CENTRE,Society,SW/SD/12/2024/4171,EAST JAINTIA HILLS,Meghalaya,Wapung,"Tuber Kmai Shnong Village, East Jaintia Hills District Meghalaya.",793160,"Children, Youth Affairs",,,,2025-11-25T14:32:13,FALSE,33
a0c50170d607400d20133140c1c23525,ML/2024/0433269,A.CHIK TOURISM SOCIETY,Society,TSR/2007/154 OF 2007,WEST GARO HILLS,Meghalaya,Tura,A.CHIK TOURISM SOCIETY BEHIND TM COMPLEX NAJING TO NEW TURA LINK ROAD.,794001,"Aged/Elderly, Agriculture, Tourism",,,,2024-07-23T12:46:34,TRUE,34
b0290f603a0f40b78c69c79c46561849,ML/2025/0899619,7 THYNDAI CHILD CARE INSTITUTION CUM COUNSELLING CENTRE,Society,SW/SD/12/2024/4171,EAST JAINTIA HILLS,Meghalaya,Wapung,"Tuber Kmai Shnong Village, East Jaintia Hills District Meghalaya.",793160,"Children, Youth Affairs",,,,2025-11-25T14:32:13,FALSE,35
a0c50170d607400d20133140c1c23525,ML/2024/0433269,A.CHIK TOURISM SOCIETY,Society,TSR/2007/154 OF 2007,WEST GARO HILLS,Meghalaya,Tura,A.CHIK TOURISM SOCIETY BEHIND TM COMPLEX NAJING TO NEW TURA LINK ROAD.,794001,"Aged/Elderly, Agriculture, Tourism",,,,2024-07-23T12:46:34,TRUE,36
b0290f603a0f40b78c69c79c46561849,ML/2025/0899619,7 THYNDAI CHILD CARE INSTITUTION CUM COUNSELLING CENTRE,Society,SW/SD/12/2024/4171,EAST JAINTIA HILLS,Meghalaya,Wapung,"Tuber Kmai Shnong Village, East Jaintia Hills District Meghalaya.",793160,"Children, Youth Affairs",,,,2025-11-25T14:32:13,FALSE,37
a0c50170d607400d20133140c1c23525,ML/2024/0433269,A.CHIK TOURISM SOCIETY,Society,TSR/2007/154 OF 2007,WEST GARO HILLS,Meghalaya,Tura,A.CHIK TOURISM SOCIETY BEHIND TM COMPLEX NAJING TO NEW TURA LINK ROAD.,794001,"Aged/Elderly, Agriculture, Tourism",,,,2024-07-23T12:46:34,TRUE,38
b0290f603a0f40b78c69c79c46561849,ML/2025/0899619,7 THYNDAI CHILD CARE INSTITUTION CUM COUNSELLING CENTRE,Society,SW/SD/12/2024/4171,EAST JAINTIA HILLS,Meghalaya,Wapung,"Tuber Kmai Shnong Village, East Jaintia Hills District Meghalaya.",793160,"Children, Youth Affairs",,,,2025-11-25T14:32:13,FALSE,39
a0c50170d607400d20133140c1c23525,ML/2024/0433269,A.CHIK TOURISM SOCIETY,Society,TSR/2007/154 OF 2007,WEST GARO HILLS,Meghalaya,Tura,A.CHIK TOURISM SOCIETY BEHIND TM COMPLEX NAJING TO NEW TURA LINK ROAD.,794001,"Aged/Elderly, Agriculture, Tourism",,,,2024-07-23T12:46:34,TRUE,40
b0290f603a0f40b78c69c79c46561849,ML/2025/0899619,7 THYNDAI CHILD CARE INSTITUTION CUM COUNSELLING CENTRE,Society,SW/SD/12/2024/4171,EAST JAINTIA HILLS,Meghalaya,Wapung,"Tuber Kmai Shnong Village, East Jaintia Hills District Meghalaya.",793160,"Children, Youth Affairs",,,,2025-11-25T14:32:13,FALSE,41
a0c50170d607400d20133140c1c23525,ML/2024/0433269,A.CHIK TOURISM SOCIETY,Society,TSR/2007/154 OF 2007,WEST GARO HILLS,Meghalaya,Tura,A.CHIK TOURISM SOCIETY BEHIND TM COMPLEX NAJING TO NEW TURA LINK ROAD.,794001,"Aged/Elderly, Agriculture, Tourism",,,,2024-07-23T12:46:34,TRUE,42
b0290f603a0f40b78c69c79c46561849,ML/2025/0899619,7 THYNDAI CHILD CARE INSTITUTION CUM COUNSELLING CENTRE,Society,SW/SD/12/2024/4171,EAST JAINTIA HILLS,Meghalaya,Wapung,"Tuber Kmai Shnong Village, East Jaintia Hills District Meghalaya.",793160,"Children, Youth Affairs",,,,2025-11-25T14:32:13,FALSE,43
a0c50170d607400d20133140c1c23525,ML/2024/0433269,A.CHIK TOURISM SOCIETY,Society,TSR/2007/154 OF 2007,WEST GARO HILLS,Meghalaya,Tura,A.CHIK TOURISM SOCIETY BEHIND TM COMPLEX NAJING TO NEW TURA LINK ROAD.,794001,"Aged/Elderly, Agriculture, Tourism",,,,2024-07-23T12:46:34,TRUE,44
b0290f603a0f40b78c69c79c46561849,ML/2025/0899619,7 THYNDAI CHILD CARE INSTITUTION CUM COUNSELLING CENTRE,Society,SW/SD/12/2024/4171,EAST JAINTIA HILLS,Meghalaya,Wapung,"Tuber Kmai Shnong Village, East Jaintia Hills District Meghalaya.",793160,"Children, Youth Affairs",,,,2025-11-25T14:32:13,FALSE,45
a0c50170d607400d20133140c1c23525,ML/2024/0433269,A.CHIK TOURISM SOCIETY,Society,TSR/2007/154 OF 2007,WEST GARO HILLS,Meghalaya,Tura,A.CHIK TOURISM SOCIETY BEHIND TM COMPLEX NAJING TO NEW TURA LINK ROAD.,794001,"Aged/Elderly, Agriculture, Tourism",,,,2024-07-23T12:46:34,TRUE,46
b0290f603a0f40b78c69c79c46561849,ML/2025/0899619,7 THYNDAI CHILD CARE INSTITUTION CUM COUNSELLING CENTRE,Society,SW/SD/12/2024/4171,EAST JAINTIA HILLS,Meghalaya,Wapung,"Tuber Kmai Shnong Village, East Jaintia Hills District Meghalaya.",793160,"Children, Youth Affairs",,,,2025-11-25T14:32:13,FALSE,47
a0c50170d607400d20133140c1c23525,ML/2024/0433269,A.CHIK TOURISM SOCIETY,Society,TSR/2007/154 OF 2007,WEST GARO HILLS,Meghalaya,Tura,A.CHIK TOURISM SOCIETY BEHIND TM COMPLEX NAJING TO NEW TURA LINK ROAD.,794001,"Aged/Elderly, Agriculture, Tourism",,,,2024-07-23T12:46:34,TRUE,48
b0290f603a0f40b78c69c79c46561849,ML/2025/0899619,7 THYNDAI CHILD CARE INSTITUTION CUM COUNSELLING CENTRE,Society,SW/SD/12/2024/4171,EAST JAINTIA HILLS,Meghalaya,Wapung,"Tuber Kmai Shnong Village, East Jaintia Hills District Meghalaya.",793160,"Children, Youth Affairs",,,,2025-11-25T14:32:13,FALSE,49
a0c50170d607400d20133140c1c23525,ML/2024/0433269,A.CHIK TOURISM SOCIETY,Society,TSR/2007/154 OF 2007,WEST GARO HILLS,Meghalaya,Tura,A.CHIK TOURISM SOCIETY BEHIND TM COMPLEX NAJING TO NEW TURA LINK ROAD.,794001,"Aged/Elderly, Agriculture, Tourism",,,,2024-07-23T12:46:34,TRUE,50
b0290f603a0f40b78c69c79c46561849,ML/2025/0899619,7 THYNDAI CHILD CARE INSTITUTION CUM COUNSELLING CENTRE,Society,SW/SD/12/2024/4171,EAST JAINTIA HILLS,Meghalaya,Wapung,"Tuber Kmai Shnong Village, East Jaintia Hills District Meghalaya.",793160,"Children, Youth Affairs",,,,2025-11-25T14:32:13,FALSE,51
a0c50170d607400d20133140c1c23525,ML/2024/0433269,A.CHIK TOURISM SOCIETY,Society,TSR/2007/154 OF 2007,WEST GARO HILLS,Meghalaya,Tura,A.CHIK TOURISM SOCIETY BEHIND TM COMPLEX NAJING TO NEW TURA LINK ROAD.,794001,"Aged/Elderly, Agriculture, Tourism",,,,2024-07-23T12:46:34,TRUE,52
b0290f603a0f40b78c69c79c46561849,ML/2025/0899619,7 THYNDAI CHILD CARE INSTITUTION CUM COUNSELLING CENTRE,Society,SW/SD/12/2024/4171,EAST JAINTIA HILLS,Meghalaya,Wapung,"Tuber Kmai Shnong Village, East Jaintia Hills District Meghalaya.",793160,"Children, Youth Affairs",,,,2025-11-25T14:32:13,FALSE,53
a0c50170d607400d20133140c1c23525,ML/2024/0433269,A.CHIK TOURISM SOCIETY,Society,TSR/2007/154 OF 2007,WEST GARO HILLS,Meghalaya,Tura,A.CHIK TOURISM SOCIETY BEHIND TM COMPLEX NAJING TO NEW TURA LINK ROAD.,794001,"Aged/Elderly, Agriculture, Tourism",,,,2024-07-23T12:46:34,TRUE,54
b0290f603a0f40b78c69c79c46561849,ML/2025/0899619,7 THYNDAI CHILD CARE INSTITUTION CUM COUNSELLING CENTRE,Society,SW/SD/12/2024/4171,EAST JAINTIA HILLS,Meghalaya,Wapung,"Tuber Kmai Shnong Village, East Jaintia Hills District Meghalaya.",793160,"Children, Youth Affairs",,,,2025-11-25T14:32:13,FALSE,55
a0c50170d607400d20133140c1c23525,ML/2024/0433269,A.CHIK TOURISM SOCIETY,Society,TSR/2007/154 OF 2007,WEST GARO HILLS,Meghalaya,Tura,A.CHIK TOURISM SOCIETY BEHIND TM COMPLEX NAJING TO NEW TURA LINK ROAD.,794001,"Aged/Elderly, Agriculture, Tourism",,,,2024-07-23T12:46:34,TRUE,56
b0290f603a0f40b78c69c79c46561849,ML/2025/0899619,7 THYNDAI CHILD CARE INSTITUTION CUM COUNSELLING CENTRE,Society,SW/SD/12/2024/4171,EAST JAINTIA HILLS,Meghalaya,Wapung,"Tuber Kmai Shnong Village, East Jaintia Hills District Meghalaya.",793160,"Children, Youth Affairs",,,,2025-11-25T14:32:13,FALSE,57
a0c50170d607400d20133140c1c23525,ML/2024/0433269,A.CHIK TOURISM SOCIETY,Society,TSR/2007/154 OF 2007,WEST GARO HILLS,Meghalaya,Tura,A.CHIK TOURISM SOCIETY BEHIND TM COMPLEX NAJING TO NEW TURA LINK ROAD.,794001,"Aged/Elderly, Agriculture, Tourism",,,,2024-07-23T12:46:34,TRUE,58
b0290f603a0f40b78c69c79c46561849,ML/2025/0899619,7 THYNDAI CHILD CARE INSTITUTION CUM COUNSELLING CENTRE,Society,SW/SD/12/2024/4171,EAST JAINTIA HILLS,Meghalaya,Wapung,"Tuber Kmai Shnong Village, East Jaintia Hills District Meghalaya.",793160,"Children, Youth Affairs",,,,2025-11-25T14:32:13,FALSE,59
a0c50170d607400d20133140c1c23525,ML/2024/0433269,A.CHIK TOURISM SOCIETY,Society,TSR/2007/154 OF 2007,WEST GARO HILLS,Meghalaya,Tura,A.CHIK TOURISM SOCIETY BEHIND TM COMPLEX NAJING TO NEW TURA LINK ROAD.,794001,"Aged/Elderly, Agriculture, Tourism",,,,2024-07-23T12:46:34,TRUE,60
b0290f603a0f40b78c69c79c46561849,ML/2025/0899619,7 THYNDAI CHILD CARE INSTITUTION CUM COUNSELLING CENTRE,Society,SW/SD/12/2024/4171,EAST JAINTIA HILLS,Meghalaya,Wapung,"Tuber Kmai Shnong Village, East Jaintia Hills District Meghalaya.",793160,"Children, Youth Affairs",,,,2025-11-25T14:32:13,FALSE,61
a0c50170d607400d20133140c1c23525,ML/2024/0433269,A.CHIK TOURISM SOCIETY,Society,TSR/2007/154 OF 2007,WEST GARO HILLS,Meghalaya,Tura,A.CHIK TOURISM SOCIETY BEHIND TM COMPLEX NAJING TO NEW TURA LINK ROAD.,794001,"Aged/Elderly, Agriculture, Tourism",,,,2024-07-23T12:46:34,TRUE,62
b0290f603a0f40b78c69c79c46561849,ML/2025/0899619,7 THYNDAI CHILD CARE INSTITUTION CUM COUNSELLING CENTRE,Society,SW/SD/12/2024/4171,EAST JAINTIA HILLS,Meghalaya,Wapung,"Tuber Kmai Shnong Village, East Jaintia Hills District Meghalaya.",793160,"Children, Youth Affairs",,,,2025-11-25T14:32:13,FALSE,63
a0c50170d607400d20133140c1c23525,ML/2024/0433269,A.CHIK TOURISM SOCIETY,Society,TSR/2007/154 OF 2007,WEST GARO HILLS,Meghalaya,Tura,A.CHIK TOURISM SOCIETY BEHIND TM COMPLEX NAJING TO NEW TURA LINK ROAD.,794001,"Aged/Elderly, Agriculture, Tourism",,,,2024-07-23T12:46:34,TRUE,64
b0290f603a0f40b78c69c79c46561849,ML/2025/0899619,7 THYNDAI CHILD CARE INSTITUTION CUM COUNSELLING CENTRE,Society,SW/SD/12/2024/4171,EAST JAINTIA HILLS,Meghalaya,Wapung,"Tuber Kmai Shnong Village, East Jaintia Hills District Meghalaya.",793160,"Children, Youth Affairs",,,,2025-11-25T14:32:13,FALSE,65
a0c50170d607400d20133140c1c23525,ML/2024/0433269,A.CHIK TOURISM SOCIETY,Society,TSR/2007/154 OF 2007,WEST GARO HILLS,Meghalaya,Tura,A.CHIK TOURISM SOCIETY BEHIND TM COMPLEX NAJING TO NEW TURA LINK ROAD.,794001,"Aged/Elderly, Agriculture, Tourism",,,,2024-07-23T12:46:34,TRUE,66
b0290f603a0f40b78c69c79c46561849,ML/2025/0899619,7 THYNDAI CHILD CARE INSTITUTION CUM COUNSELLING CENTRE,Society,SW/SD/12/2024/4171,EAST JAINTIA HILLS,Meghalaya,Wapung,"Tuber Kmai Shnong Village, East Jaintia Hills District Meghalaya.",793160,"Children, Youth Affairs",,,,2025-11-25T14:32:13,FALSE,67
a0c50170d607400d20133140c1c23525,ML/2024/0433269,A.CHIK TOURISM SOCIETY,Society,TSR/2007/154 OF 2007,WEST GARO HILLS,Meghalaya,Tura,A.CHIK TOURISM SOCIETY BEHIND TM COMPLEX NAJING TO NEW TURA LINK ROAD.,794001,"Aged/Elderly, Agriculture, Tourism",,,,2024-07-23T12:46:34,TRUE,68
b0290f603a0f40b78c69c79c46561849,ML/2025/0899619,7 THYNDAI CHILD CARE INSTITUTION CUM COUNSELLING CENTRE,Society,SW/SD/12/2024/4171,EAST JAINTIA HILLS,Meghalaya,Wapung,"Tuber Kmai Shnong Village, East Jaintia Hills District Meghalaya.",793160,"Children, Youth Affairs",,,,2025-11-25T14:32:13,FALSE,69
a0c50170d607400d20133140c1c23525,ML/2024/0433269,A.CHIK TOURISM SOCIETY,Society,TSR/2007/154 OF 2007,WEST GARO HILLS,Meghalaya,Tura,A.CHIK TOURISM SOCIETY BEHIND TM COMPLEX NAJING TO NEW TURA LINK ROAD.,794001,"Aged/Elderly, Agriculture, Tourism",,,,2024-07-23T12:46:34,TRUE,70
b0290f603a0f40b78c69c79c46561849,ML/2025/0899619,7 THYNDAI CHILD CARE INSTITUTION CUM COUNSELLING CENTRE,Society,SW/SD/12/2024/4171,EAST JAINTIA HILLS,Meghalaya,Wapung,"Tuber Kmai Shnong Village, East Jaintia Hills District Meghalaya.",793160,"Children, Youth Affairs",,,,2025-11-25T14:32:13,FALSE,71
a0c50170d607400d20133140c1c23525,ML/2024/0433269,A.CHIK TOURISM SOCIETY,Society,TSR/2007/154 OF 2007,WEST GARO HILLS,Meghalaya,Tura,A.CHIK TOURISM SOCIETY BEHIND TM COMPLEX NAJING TO NEW TURA LINK ROAD.,794001,"Aged/Elderly, Agriculture, Tourism",,,,2024-07-23T12:46:34,TRUE,72
b0290f603a0f40b78c69c79c46561849,ML/2025/0899619,7 THYNDAI CHILD CARE INSTITUTION CUM COUNSELLING CENTRE,Society,SW/SD/12/2024/4171,EAST JAINTIA HILLS,Meghalaya,Wapung,"Tuber Kmai Shnong Village, East Jaintia Hills District Meghalaya.",793160,"Children, Youth Affairs",,,,2025-11-25T14:32:13,FALSE,73
a0c50170d607400d20133140c1c23525,ML/2024/0433269,A.CHIK TOURISM SOCIETY,Society,TSR/2007/154 OF 2007,WEST GARO HILLS,Meghalaya,Tura,A.CHIK TOURISM SOCIETY BEHIND TM COMPLEX NAJING TO NEW TURA LINK ROAD.,794001,"Aged/Elderly, Agriculture, Tourism",,,,2024-07-23T12:46:34,TRUE,74
b0290f603a0f40b78c69c79c46561849,ML/2025/0899619,7 THYNDAI CHILD CARE INSTITUTION CUM COUNSELLING CENTRE,Society,SW/SD/12/2024/4171,EAST JAINTIA HILLS,Meghalaya,Wapung,"Tuber Kmai Shnong Village, East Jaintia Hills District Meghalaya.",793160,"Children, Youth Affairs",,,,2025-11-25T14:32:13,FALSE,75
a0c50170d607400d20133140c1c23525,ML/2024/0433269,A.CHIK TOURISM SOCIETY,Society,TSR/2007/154 OF 2007,WEST GARO HILLS,Meghalaya,Tura,A.CHIK TOURISM SOCIETY BEHIND TM COMPLEX NAJING TO NEW TURA LINK ROAD.,794001,"Aged/Elderly, Agriculture, Tourism",,,,2024-07-23T12:46:34,TRUE,76
b0290f603a0f40b78c69c79c46561849,ML/2025/0899619,7 THYNDAI CHILD CARE INSTITUTION CUM COUNSELLING CENTRE,Society,SW/SD/12/2024/4171,EAST JAINTIA HILLS,Meghalaya,Wapung,"Tuber Kmai Shnong Village, East Jaintia Hills District Meghalaya.",793160,"Children, Youth Affairs",,,,2025-11-25T14:32:13,FALSE,77
a0c50170d607400d20133140c1c23525,ML/2024/0433269,A.CHIK TOURISM SOCIETY,Society,TSR/2007/154 OF 2007,WEST GARO HILLS,Meghalaya,Tura,A.CHIK TOURISM SOCIETY BEHIND TM COMPLEX NAJING TO NEW TURA LINK ROAD.,794001,"Aged/Elderly, Agriculture, Tourism",,,,2024-07-23T12:46:34,TRUE,78
b0290f603a0f40b78c69c79c46561849,ML/2025/0899619,7 THYNDAI CHILD CARE INSTITUTION CUM COUNSELLING CENTRE,Society,SW/SD/12/2024/4171,EAST JAINTIA HILLS,Meghalaya,Wapung,"Tuber Kmai Shnong Village, East Jaintia Hills District Meghalaya.",793160,"Children, Youth Affairs",,,,2025-11-25T14:32:13,FALSE,79
a0c50170d607400d20133140c1c23525,ML/2024/0433269,A.CHIK TOURISM SOCIETY,Society,TSR/2007/154 OF 2007,WEST GARO HILLS,Meghalaya,Tura,A.CHIK TOURISM SOCIETY BEHIND TM COMPLEX NAJING TO NEW TURA LINK ROAD.,794001,"Aged/Elderly, Agriculture, Tourism",,,,2024-07-23T12:46:34,TRUE,80
b0290f603a0f40b78c69c79c46561849,ML/2025/0899619,7 THYNDAI CHILD CARE INSTITUTION CUM COUNSELLING CENTRE,Society,SW/SD/12/2024/4171,EAST JAINTIA HILLS,Meghalaya,Wapung,"Tuber Kmai Shnong Village, East Jaintia Hills District Meghalaya.",793160,"Children, Youth Affairs",,,,2025-11-25T14:32:13,FALSE,81
a0c50170d607400d20133140c1c23525,ML/2024/0433269,A.CHIK TOURISM SOCIETY,Society,TSR/2007/154 OF 2007,WEST GARO HILLS,Meghalaya,Tura,A.CHIK TOURISM SOCIETY BEHIND TM COMPLEX NAJING TO NEW TURA LINK ROAD.,794001,"Aged/Elderly, Agriculture, Tourism",,,,2024-07-23T12:46:34,TRUE,82
b0290f603a0f40b78c69c79c46561849,ML/2025/0899619,7 THYNDAI CHILD CARE INSTITUTION CUM COUNSELLING CENTRE,Society,SW/SD/12/2024/4171,EAST JAINTIA HILLS,Meghalaya,Wapung,"Tuber Kmai Shnong Village, East Jaintia Hills District Meghalaya.",793160,"Children, Youth Affairs",,,,2025-11-25T14:32:13,FALSE,83
a0c50170d607400d20133140c1c23525,ML/2024/0433269,A.CHIK TOURISM SOCIETY,Society,TSR/2007/154 OF 2007,WEST GARO HILLS,Meghalaya,Tura,A.CHIK TOURISM SOCIETY BEHIND TM COMPLEX NAJING TO NEW TURA LINK ROAD.,794001,"Aged/Elderly, Agriculture, Tourism",,,,2024-07-23T12:46:34,TRUE,84
b0290f603a0f40b78c69c79c46561849,ML/2025/0899619,7 THYNDAI CHILD CARE INSTITUTION CUM COUNSELLING CENTRE,Society,SW/SD/12/2024/4171,EAST JAINTIA HILLS,Meghalaya,Wapung,"Tuber Kmai Shnong Village, East Jaintia Hills District Meghalaya.",793160,"Children, Youth Affairs",,,,2025-11-25T14:32:13,FALSE,85
a0c50170d607400d20133140c1c23525,ML/2024/0433269,A.CHIK TOURISM SOCIETY,Society,TSR/2007/154 OF 2007,WEST GARO HILLS,Meghalaya,Tura,A.CHIK TOURISM SOCIETY BEHIND TM COMPLEX NAJING TO NEW TURA LINK ROAD.,794001,"Aged/Elderly, Agriculture, Tourism",,,,2024-07-23T12:46:34,TRUE,86
b0290f603a0f40b78c69c79c46561849,ML/2025/0899619,7 THYNDAI CHILD CARE INSTITUTION CUM COUNSELLING CENTRE,Society,SW/SD/12/2024/4171,EAST JAINTIA HILLS,Meghalaya,Wapung,"Tuber Kmai Shnong Village, East Jaintia Hills District Meghalaya.",793160,"Children, Youth Affairs",,,,2025-11-25T14:32:13,FALSE,87
a0c50170d607400d20133140c1c23525,ML/2024/0433269,A.CHIK TOURISM SOCIETY,Society,TSR/2007/154 OF 2007,WEST GARO HILLS,Meghalaya,Tura,A.CHIK TOURISM SOCIETY BEHIND TM COMPLEX NAJING TO NEW TURA LINK ROAD.,794001,"Aged/Elderly, Agriculture, Tourism",,,,2024-07-23T12:46:34,TRUE,88
b0290f603a0f40b78c69c79c46561849,ML/2025/0899619,7 THYNDAI CHILD CARE INSTITUTION CUM COUNSELLING CENTRE,Society,SW/SD/12/2024/4171,EAST JAINTIA HILLS,Meghalaya,Wapung,"Tuber Kmai Shnong Village, East Jaintia Hills District Meghalaya.",793160,"Children, Youth Affairs",,,,2025-11-25T14:32:13,FALSE,89
a0c50170d607400d20133140c1c23525,ML/2024/0433269,A.CHIK TOURISM SOCIETY,Society,TSR/2007/154 OF 2007,WEST GARO HILLS,Meghalaya,Tura,A.CHIK TOURISM SOCIETY BEHIND TM COMPLEX NAJING TO NEW TURA LINK ROAD.,794001,"Aged/Elderly, Agriculture, Tourism",,,,2024-07-23T12:46:34,TRUE,90
b0290f603a0f40b78c69c79c46561849,ML/2025/0899619,7 THYNDAI CHILD CARE INSTITUTION CUM COUNSELLING CENTRE,Society,SW/SD/12/2024/4171,EAST JAINTIA HILLS,Meghalaya,Wapung,"Tuber Kmai Shnong Village, East Jaintia Hills District Meghalaya.",793160,"Children, Youth Affairs",,,,2025-11-25T14:32:13,FALSE,91
a0c50170d607400d20133140c1c23525,ML/2024/0433269,A.CHIK TOURISM SOCIETY,Society,TSR/2007/154 OF 2007,WEST GARO HILLS,Meghalaya,Tura,A.CHIK TOURISM SOCIETY BEHIND TM COMPLEX NAJING TO NEW TURA LINK ROAD.,794001,"Aged/Elderly, Agriculture, Tourism",,,,2024-07-23T12:46:34,TRUE,92
b0290f603a0f40b78c69c79c46561849,ML/2025/0899619,7 THYNDAI CHILD CARE INSTITUTION CUM COUNSELLING CENTRE,Society,SW/SD/12/2024/4171,EAST JAINTIA HILLS,Meghalaya,Wapung,"Tuber Kmai Shnong Village, East Jaintia Hills District Meghalaya.",793160,"Children, Youth Affairs",,,,2025-11-25T14:32:13,FALSE,93
a0c50170d607400d20133140c1c23525,ML/2024/0433269,A.CHIK TOURISM SOCIETY,Society,TSR/2007/154 OF 2007,WEST GARO HILLS,Meghalaya,Tura,A.CHIK TOURISM SOCIETY BEHIND TM COMPLEX NAJING TO NEW TURA LINK ROAD.,794001,"Aged/Elderly, Agriculture, Tourism",,,,2024-07-23T12:46:34,TRUE,94
b0290f603a0f40b78c69c79c46561849,ML/2025/0899619,7 THYNDAI CHILD CARE INSTITUTION CUM COUNSELLING CENTRE,Society,SW/SD/12/2024/4171,EAST JAINTIA HILLS,Meghalaya,Wapung,"Tuber Kmai Shnong Village, East Jaintia Hills District Meghalaya.",793160,"Children, Youth Affairs",,,,2025-11-25T14:32:13,FALSE,95
a0c50170d607400d20133140c1c23525,ML/2024/0433269,A.CHIK TOURISM SOCIETY,Society,TSR/2007/154 OF 2007,WEST GARO HILLS,Meghalaya,Tura,A.CHIK TOURISM SOCIETY BEHIND TM COMPLEX NAJING TO NEW TURA LINK ROAD.,794001,"Aged/Elderly, Agriculture, Tourism",,,,2024-07-23T12:46:34,TRUE,96
b0290f603a0f40b78c69c79c46561849,ML/2025/0899619,7 THYNDAI CHILD CARE INSTITUTION CUM COUNSELLING CENTRE,Society,SW/SD/12/2024/4171,EAST JAINTIA HILLS,Meghalaya,Wapung,"Tuber Kmai Shnong Village, East Jaintia Hills District Meghalaya.",793160,"Children, Youth Affairs",,,,2025-11-25T14:32:13,FALSE,97
a0c50170d607400d20133140c1c23525,ML/2024/0433269,A.CHIK TOURISM SOCIETY,Society,TSR/2007/154 OF 2007,WEST GARO HILLS,Meghalaya,Tura,A.CHIK TOURISM SOCIETY BEHIND TM COMPLEX NAJING TO NEW TURA LINK ROAD.,794001,"Aged/Elderly, Agriculture, Tourism",,,,2024-07-23T12:46:34,TRUE,98
b0290f603a0f40b78c69c79c46561849,ML/2025/0899619,7 THYNDAI CHILD CARE INSTITUTION CUM COUNSELLING CENTRE,Society,SW/SD/12/2024/4171,EAST JAINTIA HILLS,Meghalaya,Wapung,"Tuber Kmai Shnong Village, East Jaintia Hills District Meghalaya.",793160,"Children, Youth Affairs",,,,2025-11-25T14:32:13,FALSE,99
a0c50170d607400d20133140c1c23525,ML/2024/0433269,A.CHIK TOURISM SOCIETY,Society,TSR/2007/154 OF 2007,WEST GARO HILLS,Meghalaya,Tura,A.CHIK TOURISM SOCIETY BEHIND TM COMPLEX NAJING TO NEW TURA LINK ROAD.,794001,"Aged/Elderly, Agriculture, Tourism",,,,2024-07-23T12:46:34,TRUE,100
a0190fe0350840f909e4be20070931f6,MZ/2018/0200921,MIZO HMECHHE INSUIHKHAWM PAWL TLANGMAWI BRANCH,Society,NO 5 OF 1977,CHAMPHAI,Mizoram,TLANGMAWI,MHIP TLANGMAWI BRANCH TLANGMAWI CHAMPHAI DIST,796321,,,,,2018-07-19T12:48:33,TRUE,
a0d00a600104402e09f60a1488950249,MZ/2018/0190886,SAZEP BRAN MIZO HMEICHHE INSUIHKHAWM PAWL,Society,No. 5 of 1977,CHAMPHAI,Mizoram,Champhai,SAZEP BRANCH,796320,Women's Development & Empowerment,,,,2018-05-31T10:36:42,TRUE,
sample_3,MZ/SAMPLE/0003,Sample NGO 3,Society,REG-3,AIZAWL,Mizoram,Aizawl,Sample Address 3,796003,Education & Literacy,,,,2026-05-07T00:00:00,FALSE,
sample_4,MZ/SAMPLE/0004,Sample NGO 4,Society,REG-4,AIZAWL,Mizoram,Aizawl,Sample Address 4,796004,Education & Literacy,,,,2026-05-07T00:00:00,FALSE,
sample_5,MZ/SAMPLE/0005,Sample NGO 5,Society,REG-5,AIZAWL,Mizoram,Aizawl,Sample Address 5,796005,Education & Literacy,,,,2026-05-07T00:00:00,FALSE,
sample_6,MZ/SAMPLE/0006,Sample NGO 6,Society,REG-6,AIZAWL,Mizoram,Aizawl,Sample Address 6,796006,Education & Literacy,,,,2026-05-07T00:00:00,FALSE,
sample_7,MZ/SAMPLE/0007,Sample NGO 7,Society,REG-7,AIZAWL,Mizoram,Aizawl,Sample Address 7,796007,Education & Literacy,,,,2026-05-07T00:00:00,FALSE,
sample_8,MZ/SAMPLE/0008,Sample NGO 8,Society,REG-8,AIZAWL,Mizoram,Aizawl,Sample Address 8,796008,Education & Literacy,,,,2026-05-07T00:00:00,FALSE,
sample_9,MZ/SAMPLE/0009,Sample NGO 9,Society,REG-9,AIZAWL,Mizoram,Aizawl,Sample Address 9,796009,Education & Literacy,,,,2026-05-07T00:00:00,FALSE,
sample_10,MZ/SAMPLE/0010,Sample NGO 10,Society,REG-10,AIZAWL,Mizoram,Aizawl,Sample Address 10,796010,Education & Literacy,,,,2026-05-07T00:00:00,FALSE,
sample_11,MZ/SAMPLE/0011,Sample NGO 11,Society,REG-11,AIZAWL,Mizoram,Aizawl,Sample Address 11,796011,Education & Literacy,,,,2026-05-07T00:00:00,FALSE,
sample_12,MZ/SAMPLE/0012,Sample NGO 12,Society,REG-12,AIZAWL,Mizoram,Aizawl,Sample Address 12,796012,Education & Literacy,,,,2026-05-07T00:00:00,FALSE,
sample_13,MZ/SAMPLE/0013,Sample NGO 13,Society,REG-13,AIZAWL,Mizoram,Aizawl,Sample Address 13,796013,Education & Literacy,,,,2026-05-07T00:00:00,FALSE,
sample_14,MZ/SAMPLE/0014,Sample NGO 14,Society,REG-14,AIZAWL,Mizoram,Aizawl,Sample Address 14,796014,Education & Literacy,,,,2026-05-07T00:00:00,FALSE,
sample_15,MZ/SAMPLE/0015,Sample NGO 15,Society,REG-15,AIZAWL,Mizoram,Aizawl,Sample Address 15,796015,Education & Literacy,,,,2026-05-07T00:00:00,FALSE,
sample_16,MZ/SAMPLE/0016,Sample NGO 16,Society,REG-16,AIZAWL,Mizoram,Aizawl,Sample Address 16,796016,Education & Literacy,,,,2026-05-07T00:00:00,FALSE,
sample_17,MZ/SAMPLE/0017,Sample NGO 17,Society,REG-17,AIZAWL,Mizoram,Aizawl,Sample Address 17,796017,Education & Literacy,,,,2026-05-07T00:00:00,FALSE,
sample_18,MZ/SAMPLE/0018,Sample NGO 18,Society,REG-18,AIZAWL,Mizoram,Aizawl,Sample Address 18,796018,Education & Literacy,,,,2026-05-07T00:00:00,FALSE,
sample_19,MZ/SAMPLE/0019,Sample NGO 19,Society,REG-19,AIZAWL,Mizoram,Aizawl,Sample Address 19,796019,Education & Literacy,,,,2026-05-07T00:00:00,FALSE,
sample_20,MZ/SAMPLE/0020,Sample NGO 20,Society,REG-20,AIZAWL,Mizoram,Aizawl,Sample Address 20,796020,Education & Literacy,,,,2026-05-07T00:00:00,FALSE,
sample_21,MZ/SAMPLE/0021,Sample NGO 21,Society,REG-21,AIZAWL,Mizoram,Aizawl,Sample Address 21,796021,Education & Literacy,,,,2026-05-07T00:00:00,FALSE,
sample_22,MZ/SAMPLE/0022,Sample NGO 22,Society,REG-22,AIZAWL,Mizoram,Aizawl,Sample Address 22,796022,Education & Literacy,,,,2026-05-07T00:00:00,FALSE,
sample_23,MZ/SAMPLE/0023,Sample NGO 23,Society,REG-23,AIZAWL,Mizoram,Aizawl,Sample Address 23,796023,Education & Literacy,,,,2026-05-07T00:00:00,FALSE,
sample_24,MZ/SAMPLE/0024,Sample NGO 24,Society,REG-24,AIZAWL,Mizoram,Aizawl,Sample Address 24,796024,Education & Literacy,,,,2026-05-07T00:00:00,FALSE,
sample_25,MZ/SAMPLE/0025,Sample NGO 25,Society,REG-25,AIZAWL,Mizoram,Aizawl,Sample Address 25,796025,Education & Literacy,,,,2026-05-07T00:00:00,FALSE,
sample_26,MZ/SAMPLE/0026,Sample NGO 26,Society,REG-26,AIZAWL,Mizoram,Aizawl,Sample Address 26,796026,Education & Literacy,,,,2026-05-07T00:00:00,FALSE,
sample_27,MZ/SAMPLE/0027,Sample NGO 27,Society,REG-27,AIZAWL,Mizoram,Aizawl,Sample Address 27,796027,Education & Literacy,,,,2026-05-07T00:00:00,FALSE,
sample_28,MZ/SAMPLE/0028,Sample NGO 28,Society,REG-28,AIZAWL,Mizoram,Aizawl,Sample Address 28,796028,Education & Literacy,,,,2026-05-07T00:00:00,FALSE,
sample_29,MZ/SAMPLE/0029,Sample NGO 29,Society,REG-29,AIZAWL,Mizoram,Aizawl,Sample Address 29,796029,Education & Literacy,,,,2026-05-07T00:00:00,FALSE,
sample_30,MZ/SAMPLE/0030,Sample NGO 30,Society,REG-30,AIZAWL,Mizoram,Aizawl,Sample Address 30,796030,Education & Literacy,,,,2026-05-07T00:00:00,FALSE,
sample_31,MZ/SAMPLE/0031,Sample NGO 31,Society,REG-31,AIZAWL,Mizoram,Aizawl,Sample Address 31,796031,Education & Literacy,,,,2026-05-07T00:00:00,FALSE,
sample_32,MZ/SAMPLE/0032,Sample NGO 32,Society,REG-32,AIZAWL,Mizoram,Aizawl,Sample Address 32,796032,Education & Literacy,,,,2026-05-07T00:00:00,FALSE,
sample_33,MZ/SAMPLE/0033,Sample NGO 33,Society,REG-33,AIZAWL,Mizoram,Aizawl,Sample Address 33,796033,Education & Literacy,,,,2026-05-07T00:00:00,FALSE,
sample_34,MZ/SAMPLE/0034,Sample NGO 34,Society,REG-34,AIZAWL,Mizoram,Aizawl,Sample Address 34,796034,Education & Literacy,,,,2026-05-07T00:00:00,FALSE,
sample_35,MZ/SAMPLE/0035,Sample NGO 35,Society,REG-35,AIZAWL,Mizoram,Aizawl,Sample Address 35,796035,Education & Literacy,,,,2026-05-07T00:00:00,FALSE,
sample_36,MZ/SAMPLE/0036,Sample NGO 36,Society,REG-36,AIZAWL,Mizoram,Aizawl,Sample Address 36,796036,Education & Literacy,,,,2026-05-07T00:00:00,FALSE,
sample_37,MZ/SAMPLE/0037,Sample NGO 37,Society,REG-37,AIZAWL,Mizoram,Aizawl,Sample Address 37,796037,Education & Literacy,,,,2026-05-07T00:00:00,FALSE,
sample_38,MZ/SAMPLE/0038,Sample NGO 38,Society,REG-38,AIZAWL,Mizoram,Aizawl,Sample Address 38,796038,Education & Literacy,,,,2026-05-07T00:00:00,FALSE,
sample_39,MZ/SAMPLE/0039,Sample NGO 39,Society,REG-39,AIZAWL,Mizoram,Aizawl,Sample Address 39,796039,Education & Literacy,,,,2026-05-07T00:00:00,FALSE,
sample_40,MZ/SAMPLE/0040,Sample NGO 40,Society,REG-40,AIZAWL,Mizoram,Aizawl,Sample Address 40,796040,Education & Literacy,,,,2026-05-07T00:00:00,FALSE,
sample_41,MZ/SAMPLE/0041,Sample NGO 41,Society,REG-41,AIZAWL,Mizoram,Aizawl,Sample Address 41,796041,Education & Literacy,,,,2026-05-07T00:00:00,FALSE,
sample_42,MZ/SAMPLE/0042,Sample NGO 42,Society,REG-42,AIZAWL,Mizoram,Aizawl,Sample Address 42,796042,Education & Literacy,,,,2026-05-07T00:00:00,FALSE,
sample_43,MZ/SAMPLE/0043,Sample NGO 43,Society,REG-43,AIZAWL,Mizoram,Aizawl,Sample Address 43,796043,Education & Literacy,,,,2026-05-07T00:00:00,FALSE,
sample_44,MZ/SAMPLE/0044,Sample NGO 44,Society,REG-44,AIZAWL,Mizoram,Aizawl,Sample Address 44,796044,Education & Literacy,,,,2026-05-07T00:00:00,FALSE,
sample_45,MZ/SAMPLE/0045,Sample NGO 45,Society,REG-45,AIZAWL,Mizoram,Aizawl,Sample Address 45,796045,Education & Literacy,,,,2026-05-07T00:00:00,FALSE,
sample_46,MZ/SAMPLE/0046,Sample NGO 46,Society,REG-46,AIZAWL,Mizoram,Aizawl,Sample Address 46,796046,Education & Literacy,,,,2026-05-07T00:00:00,FALSE,
sample_47,MZ/SAMPLE/0047,Sample NGO 47,Society,REG-47,AIZAWL,Mizoram,Aizawl,Sample Address 47,796047,Education & Literacy,,,,2026-05-07T00:00:00,FALSE,
sample_48,MZ/SAMPLE/0048,Sample NGO 48,Society,REG-48,AIZAWL,Mizoram,Aizawl,Sample Address 48,796048,Education & Literacy,,,,2026-05-07T00:00:00,FALSE,
sample_49,MZ/SAMPLE/0049,Sample NGO 49,Society,REG-49,AIZAWL,Mizoram,Aizawl,Sample Address 49,796049,Education & Literacy,,,,2026-05-07T00:00:00,FALSE,
sample_50,MZ/SAMPLE/0050,Sample NGO 50,Society,REG-50,AIZAWL,Mizoram,Aizawl,Sample Address 50,796050,Education & Literacy,,,,2026-05-07T00:00:00,FALSE,
sample_51,MZ/SAMPLE/0051,Sample NGO 51,Society,REG-51,AIZAWL,Mizoram,Aizawl,Sample Address 51,796051,Education & Literacy,,,,2026-05-07T00:00:00,FALSE,
sample_52,MZ/SAMPLE/0052,Sample NGO 52,Society,REG-52,AIZAWL,Mizoram,Aizawl,Sample Address 52,796052,Education & Literacy,,,,2026-05-07T00:00:00,FALSE,
sample_53,MZ/SAMPLE/0053,Sample NGO 53,Society,REG-53,AIZAWL,Mizoram,Aizawl,Sample Address 53,796053,Education & Literacy,,,,2026-05-07T00:00:00,FALSE,
sample_54,MZ/SAMPLE/0054,Sample NGO 54,Society,REG-54,AIZAWL,Mizoram,Aizawl,Sample Address 54,796054,Education & Literacy,,,,2026-05-07T00:00:00,FALSE,
sample_55,MZ/SAMPLE/0055,Sample NGO 55,Society,REG-55,AIZAWL,Mizoram,Aizawl,Sample Address 55,796055,Education & Literacy,,,,2026-05-07T00:00:00,FALSE,
sample_56,MZ/SAMPLE/0056,Sample NGO 56,Society,REG-56,AIZAWL,Mizoram,Aizawl,Sample Address 56,796056,Education & Literacy,,,,2026-05-07T00:00:00,FALSE,
sample_57,MZ/SAMPLE/0057,Sample NGO 57,Society,REG-57,AIZAWL,Mizoram,Aizawl,Sample Address 57,796057,Education & Literacy,,,,2026-05-07T00:00:00,FALSE,
sample_58,MZ/SAMPLE/0058,Sample NGO 58,Society,REG-58,AIZAWL,Mizoram,Aizawl,Sample Address 58,796058,Education & Literacy,,,,2026-05-07T00:00:00,FALSE,
sample_59,MZ/SAMPLE/0059,Sample NGO 59,Society,REG-59,AIZAWL,Mizoram,Aizawl,Sample Address 59,796059,Education & Literacy,,,,2026-05-07T00:00:00,FALSE,
sample_60,MZ/SAMPLE/0060,Sample NGO 60,Society,REG-60,AIZAWL,Mizoram,Aizawl,Sample Address 60,796060,Education & Literacy,,,,2026-05-07T00:00:00,FALSE,
sample_61,MZ/SAMPLE/0061,Sample NGO 61,Society,REG-61,AIZAWL,Mizoram,Aizawl,Sample Address 61,796061,Education & Literacy,,,,2026-05-07T00:00:00,FALSE,
sample_62,MZ/SAMPLE/0062,Sample NGO 62,Society,REG-62,AIZAWL,Mizoram,Aizawl,Sample Address 62,796062,Education & Literacy,,,,2026-05-07T00:00:00,FALSE,
sample_63,MZ/SAMPLE/0063,Sample NGO 63,Society,REG-63,AIZAWL,Mizoram,Aizawl,Sample Address 63,796063,Education & Literacy,,,,2026-05-07T00:00:00,FALSE,
sample_64,MZ/SAMPLE/0064,Sample NGO 64,Society,REG-64,AIZAWL,Mizoram,Aizawl,Sample Address 64,796064,Education & Literacy,,,,2026-05-07T00:00:00,FALSE,
sample_65,MZ/SAMPLE/0065,Sample NGO 65,Society,REG-65,AIZAWL,Mizoram,Aizawl,Sample Address 65,796065,Education & Literacy,,,,2026-05-07T00:00:00,FALSE,
sample_66,MZ/SAMPLE/0066,Sample NGO 66,Society,REG-66,AIZAWL,Mizoram,Aizawl,Sample Address 66,796066,Education & Literacy,,,,2026-05-07T00:00:00,FALSE,
sample_67,MZ/SAMPLE/0067,Sample NGO 67,Society,REG-67,AIZAWL,Mizoram,Aizawl,Sample Address 67,796067,Education & Literacy,,,,2026-05-07T00:00:00,FALSE,
sample_68,MZ/SAMPLE/0068,Sample NGO 68,Society,REG-68,AIZAWL,Mizoram,Aizawl,Sample Address 68,796068,Education & Literacy,,,,2026-05-07T00:00:00,FALSE,
sample_69,MZ/SAMPLE/0069,Sample NGO 69,Society,REG-69,AIZAWL,Mizoram,Aizawl,Sample Address 69,796069,Education & Literacy,,,,2026-05-07T00:00:00,FALSE,
sample_70,MZ/SAMPLE/0070,Sample NGO 70,Society,REG-70,AIZAWL,Mizoram,Aizawl,Sample Address 70,796070,Education & Literacy,,,,2026-05-07T00:00:00,FALSE,
sample_71,MZ/SAMPLE/0071,Sample NGO 71,Society,REG-71,AIZAWL,Mizoram,Aizawl,Sample Address 71,796071,Education & Literacy,,,,2026-05-07T00:00:00,FALSE,
sample_72,MZ/SAMPLE/0072,Sample NGO 72,Society,REG-72,AIZAWL,Mizoram,Aizawl,Sample Address 72,796072,Education & Literacy,,,,2026-05-07T00:00:00,FALSE,
sample_73,MZ/SAMPLE/0073,Sample NGO 73,Society,REG-73,AIZAWL,Mizoram,Aizawl,Sample Address 73,796073,Education & Literacy,,,,2026-05-07T00:00:00,FALSE,
sample_74,MZ/SAMPLE/0074,Sample NGO 74,Society,REG-74,AIZAWL,Mizoram,Aizawl,Sample Address 74,796074,Education & Literacy,,,,2026-05-07T00:00:00,FALSE,
sample_75,MZ/SAMPLE/0075,Sample NGO 75,Society,REG-75,AIZAWL,Mizoram,Aizawl,Sample Address 75,796075,Education & Literacy,,,,2026-05-07T00:00:00,FALSE,
sample_76,MZ/SAMPLE/0076,Sample NGO 76,Society,REG-76,AIZAWL,Mizoram,Aizawl,Sample Address 76,796076,Education & Literacy,,,,2026-05-07T00:00:00,FALSE,
sample_77,MZ/SAMPLE/0077,Sample NGO 77,Society,REG-77,AIZAWL,Mizoram,Aizawl,Sample Address 77,796077,Education & Literacy,,,,2026-05-07T00:00:00,FALSE,
sample_78,MZ/SAMPLE/0078,Sample NGO 78,Society,REG-78,AIZAWL,Mizoram,Aizawl,Sample Address 78,796078,Education & Literacy,,,,2026-05-07T00:00:00,FALSE,
sample_79,MZ/SAMPLE/0079,Sample NGO 79,Society,REG-79,AIZAWL,Mizoram,Aizawl,Sample Address 79,796079,Education & Literacy,,,,2026-05-07T00:00:00,FALSE,
sample_80,MZ/SAMPLE/0080,Sample NGO 80,Society,REG-80,AIZAWL,Mizoram,Aizawl,Sample Address 80,796080,Education & Literacy,,,,2026-05-07T00:00:00,FALSE,
sample_81,MZ/SAMPLE/0081,Sample NGO 81,Society,REG-81,AIZAWL,Mizoram,Aizawl,Sample Address 81,796081,Education & Literacy,,,,2026-05-07T00:00:00,FALSE,
sample_82,MZ/SAMPLE/0082,Sample NGO 82,Society,REG-82,AIZAWL,Mizoram,Aizawl,Sample Address 82,796082,Education & Literacy,,,,2026-05-07T00:00:00,FALSE,
sample_83,MZ/SAMPLE/0083,Sample NGO 83,Society,REG-83,AIZAWL,Mizoram,Aizawl,Sample Address 83,796083,Education & Literacy,,,,2026-05-07T00:00:00,FALSE,
sample_84,MZ/SAMPLE/0084,Sample NGO 84,Society,REG-84,AIZAWL,Mizoram,Aizawl,Sample Address 84,796084,Education & Literacy,,,,2026-05-07T00:00:00,FALSE,
sample_85,MZ/SAMPLE/0085,Sample NGO 85,Society,REG-85,AIZAWL,Mizoram,Aizawl,Sample Address 85,796085,Education & Literacy,,,,2026-05-07T00:00:00,FALSE,
sample_86,MZ/SAMPLE/0086,Sample NGO 86,Society,REG-86,AIZAWL,Mizoram,Aizawl,Sample Address 86,796086,Education & Literacy,,,,2026-05-07T00:00:00,FALSE,
sample_87,MZ/SAMPLE/0087,Sample NGO 87,Society,REG-87,AIZAWL,Mizoram,Aizawl,Sample Address 87,796087,Education & Literacy,,,,2026-05-07T00:00:00,FALSE,
sample_88,MZ/SAMPLE/0088,Sample NGO 88,Society,REG-88,AIZAWL,Mizoram,Aizawl,Sample Address 88,796088,Education & Literacy,,,,2026-05-07T00:00:00,FALSE,
sample_89,MZ/SAMPLE/0089,Sample NGO 89,Society,REG-89,AIZAWL,Mizoram,Aizawl,Sample Address 89,796089,Education & Literacy,,,,2026-05-07T00:00:00,FALSE,
sample_90,MZ/SAMPLE/0090,Sample NGO 90,Society,REG-90,AIZAWL,Mizoram,Aizawl,Sample Address 90,796090,Education & Literacy,,,,2026-05-07T00:00:00,FALSE,
sample_91,MZ/SAMPLE/0091,Sample NGO 91,Society,REG-91,AIZAWL,Mizoram,Aizawl,Sample Address 91,796091,Education & Literacy,,,,2026-05-07T00:00:00,FALSE,
sample_92,MZ/SAMPLE/0092,Sample NGO 92,Society,REG-92,AIZAWL,Mizoram,Aizawl,Sample Address 92,796092,Education & Literacy,,,,2026-05-07T00:00:00,FALSE,
sample_93,MZ/SAMPLE/0093,Sample NGO 93,Society,REG-93,AIZAWL,Mizoram,Aizawl,Sample Address 93,796093,Education & Literacy,,,,2026-05-07T00:00:00,FALSE,
sample_94,MZ/SAMPLE/0094,Sample NGO 94,Society,REG-94,AIZAWL,Mizoram,Aizawl,Sample Address 94,796094,Education & Literacy,,,,2026-05-07T00:00:00,FALSE,
sample_95,MZ/SAMPLE/0095,Sample NGO 95,Society,REG-95,AIZAWL,Mizoram,Aizawl,Sample Address 95,796095,Education & Literacy,,,,2026-05-07T00:00:00,FALSE,
sample_96,MZ/SAMPLE/0096,Sample NGO 96,Society,REG-96,AIZAWL,Mizoram,Aizawl,Sample Address 96,796096,Education & Literacy,,,,2026-05-07T00:00:00,FALSE,
sample_97,MZ/SAMPLE/0097,Sample NGO 97,Society,REG-97,AIZAWL,Mizoram,Aizawl,Sample Address 97,796097,Education & Literacy,,,,2026-05-07T00:00:00,FALSE,
sample_98,MZ/SAMPLE/0098,Sample NGO 98,Society,REG-98,AIZAWL,Mizoram,Aizawl,Sample Address 98,796098,Education & Literacy,,,,2026-05-07T00:00:00,FALSE,
sample_99,MZ/SAMPLE/0099,Sample NGO 99,Society,REG-99,AIZAWL,Mizoram,Aizawl,Sample Address 99,796099,Education & Literacy,,,,2026-05-07T00:00:00,FALSE,
sample_100,MZ/SAMPLE/0100,Sample NGO 100,Society,REG-100,AIZAWL,Mizoram,Aizawl,Sample Address 100,796000,Education & Literacy,,,,2026-05-07T00:00:00,FALSE,
00f90540660b40b80e60df7f88073127,NL/2009/0014926,Abiogenesis Socety,Society,,DIMAPUR,Nagaland,Dimapur,,797112,"Aged/Elderly, Agriculture, Education & Literacy, Health & Family Welfare",,,,,,
a0820040f20540840b582b59a4bf6a55,NL/2018/0198581,Abundant Life Foundation,Society,,DIMAPUR,Nagaland,Dimapur,,797112,"Education & Literacy, Health & Family Welfare",,,,,,
80db0440ba05402c12b42c1508df4b24,NL/2021/0281510,ACHEMLONG WELFARE SOCIETY,Society,,TUENSANG,Nagaland,Noklak,,798626,"Children, Education & Literacy",,,,,,
602102a0e60440a519065a6764fd41b8,NL/2023/0335773,ACHIKU MUQO SOCIETY,Society,,DIMAPUR,Nagaland,Dimapur,,797112,Women Development & Empowerment,,,,,,
407207303304405c0050d84d18de85f8,NL/2017/0156936,ACHIKU SOCIETY LTD,Society,,ZUNHEBOTO,Nagaland,ATOIZU,,798620,Health & Family Welfare,,,,,,
709f0d60210c40450e93ef8f11f92133,OR/2017/0176945,RADHAKANTA ES INSTITUTE OF COMPUTER TECHNOLOGY,Trust,40241200175,BALESHWAR,Odisha,Baleswar,"At/Po/Ps- Simulia, Dist- Balasore",756126,Vocational Training,,,,,,
60060de0fb0c40e81348990702305628,OR/2023/0356479,PARTICIPATORY ENDEAVOR FOR CHANGE & UPLIFTMENT OF COMMONS FOUNDATION,Trust,41081111574,KHORDHA,Odisha,Bhubaneswar,"Pokhariput, Bhubaneswar",751020,Community Development,,,,,,
sample_001,OR/2025/100000,TREE FOUNDATION,Trust,REG1000,KHORDHA,Odisha,Bhubaneswar,"Sample Address 1, Odisha",751000,Education & Literacy,,,,,,
sample_002,OR/2025/100001,100VIKALPAJEEVIKA FOUNDATION,Society,REG1001,CUTTACK,Odisha,Cuttack,"Sample Address 2, Odisha",751001,Health & Family Welfare,,,,,,
sample_003,OR/2025/100002,24MAHAKAL HELP FOUNDATION,Society,REG1002,SAMBALPUR,Odisha,Sambalpur,"Sample Address 3, Odisha",751002,Environment & Forests,,,,,,
sample_004,OR/2025/100003,2ND UNIVERSE,Trust,REG1003,GANJAM,Odisha,Berhampur,"Sample Address 4, Odisha",751003,Women's Development & Empowerment,,,,,,
sample_005,OR/2025/100004,360 DEGREE SOCIAL AND EDUCATIONAL TRUST,Society,REG1004,PURI,Odisha,Puri,"Sample Address 5, Odisha",751004,Skill Development,,,,,,
sample_006,OR/2025/100005,3RD EYE FOUNDATION,Society,REG1005,KHORDHA,Odisha,Bhubaneswar,"Sample Address 6, Odisha",751005,Education & Literacy,,,,,,
sample_007,OR/2025/100006,4A ART EDUCATION TRAINING AND ENTERTAINMENT FOUNDATION,Trust,REG1006,CUTTACK,Odisha,Cuttack,"Sample Address 7, Odisha",751006,Health & Family Welfare,,,,,,
sample_008,OR/2025/100007,4C SOLUTIONS,Society,REG1007,SAMBALPUR,Odisha,Sambalpur,"Sample Address 8, Odisha",751007,Environment & Forests,,,,,,
sample_009,OR/2025/100008,4u and charitable trust,Society,REG1008,GANJAM,Odisha,Berhampur,"Sample Address 9, Odisha",751008,Women's Development & Empowerment,,,,,,
sample_010,OR/2025/100009,5T FOUNDATION,Trust,REG1009,PURI,Odisha,Puri,"Sample Address 10, Odisha",751009,Skill Development,,,,,,
sample_011,OR/2025/100010,7 SPOKES VERDURE FOUNDATION,Society,REG1010,KHORDHA,Odisha,Bhubaneswar,"Sample Address 11, Odisha",751010,Education & Literacy,,,,,,
sample_012,OR/2025/100011,7 Wonders Welfare Trust,Society,REG1011,CUTTACK,Odisha,Cuttack,"Sample Address 12, Odisha",751011,Health & Family Welfare,,,,,,
sample_013,OR/2025/100012,94 UCEANS ASSOCIATION,Trust,REG1012,SAMBALPUR,Odisha,Sambalpur,"Sample Address 13, Odisha",751012,Environment & Forests,,,,,,
sample_014,OR/2025/100013,A BETTER WORLD-CENTRE FOR ENVIRONMENT & POVERTY ALLEVIATION,Society,REG1013,GANJAM,Odisha,Berhampur,"Sample Address 14, Odisha",751013,Women's Development & Empowerment,,,,,,
sample_015,OR/2025/100014,A C O R D,Society,REG1014,PURI,Odisha,Puri,"Sample Address 15, Odisha",751014,Skill Development,,,,,,
sample_016,OR/2025/100015,A N G E L,Trust,REG1015,KHORDHA,Odisha,Bhubaneswar,"Sample Address 16, Odisha",751015,Education & Literacy,,,,,,
sample_017,OR/2025/100016,A NEW HOPE CHARITABLE TRUST,Society,REG1016,CUTTACK,Odisha,Cuttack,"Sample Address 17, Odisha",751016,Health & Family Welfare,,,,,,
sample_018,OR/2025/100017,A SOCIETY FOR HUMENITY ACTIVITIES (ASHA),Society,REG1017,SAMBALPUR,Odisha,Sambalpur,"Sample Address 18, Odisha",751017,Environment & Forests,,,,,,
sample_019,OR/2025/100018,A TOTAPALLI GRAMYA SAUNTIA SAMAJ,Trust,REG1018,GANJAM,Odisha,Berhampur,"Sample Address 19, Odisha",751018,Women's Development & Empowerment,,,,,,
sample_020,OR/2025/100019,A. K. VIDYAMANDIR,Society,REG1019,PURI,Odisha,Puri,"Sample Address 20, Odisha",751019,Skill Development,,,,,,
sample_021,OR/2025/100020,A.K EDUCATIONAL AND SOCIETY WALFARE TRUST,Society,REG1020,KHORDHA,Odisha,Bhubaneswar,"Sample Address 21, Odisha",751020,Education & Literacy,,,,,,
sample_022,OR/2025/100021,AA Yubak Sangha,Trust,REG1021,CUTTACK,Odisha,Cuttack,"Sample Address 22, Odisha",751021,Health & Family Welfare,,,,,,
sample_023,OR/2025/100022,AABHA BROTHERS CONFEDERATION,Society,REG1022,SAMBALPUR,Odisha,Sambalpur,"Sample Address 23, Odisha",751022,Environment & Forests,,,,,,
sample_024,OR/2025/100023,AACHHA,Society,REG1023,GANJAM,Odisha,Berhampur,"Sample Address 24, Odisha",751023,Women's Development & Empowerment,,,,,,
sample_025,OR/2025/100024,AADHAAR FOUNDATION TRUST,Trust,REG1024,PURI,Odisha,Puri,"Sample Address 25, Odisha",751024,Skill Development,,,,,,
sample_026,OR/2025/100025,AADITYA ENCLAVE WELFARE SOCIETY,Society,REG1025,KHORDHA,Odisha,Bhubaneswar,"Sample Address 26, Odisha",751025,Education & Literacy,,,,,,
sample_027,OR/2025/100026,AADIYOGI EMPOWER FOUNDATION,Society,REG1026,CUTTACK,Odisha,Cuttack,"Sample Address 27, Odisha",751026,Health & Family Welfare,,,,,,
sample_028,OR/2025/100027,AADVIK MULTI CAPITALS,Trust,REG1027,SAMBALPUR,Odisha,Sambalpur,"Sample Address 28, Odisha",751027,Environment & Forests,,,,,,
sample_029,OR/2025/100028,AADYASHA FOUNDATION,Society,REG1028,GANJAM,Odisha,Berhampur,"Sample Address 29, Odisha",751028,Women's Development & Empowerment,,,,,,
sample_030,OR/2025/100029,AADYASHAKTI EDUCATIONAL FOUNDATION & CHARITABLE TRUST,Society,REG1029,PURI,Odisha,Puri,"Sample Address 30, Odisha",751029,Skill Development,,,,,,
sample_031,OR/2025/100030,AAGRAHA FOUNDATION,Trust,REG1030,KHORDHA,Odisha,Bhubaneswar,"Sample Address 31, Odisha",751030,Education & Literacy,,,,,,
sample_032,OR/2025/100031,AAHWAN FOUNDATION,Society,REG1031,CUTTACK,Odisha,Cuttack,"Sample Address 32, Odisha",751031,Health & Family Welfare,,,,,,
sample_033,OR/2025/100032,AAINA,Society,REG1032,SAMBALPUR,Odisha,Sambalpur,"Sample Address 33, Odisha",751032,Environment & Forests,,,,,,
sample_034,OR/2025/100033,AAISHA SIDDIQUA EDUCATIONAL & WELFARE SOCIETY,Trust,REG1033,GANJAM,Odisha,Berhampur,"Sample Address 34, Odisha",751033,Women's Development & Empowerment,,,,,,
sample_035,OR/2025/100034,AAKANKSHYA CHARITABLE TRUST,Society,REG1034,PURI,Odisha,Puri,"Sample Address 35, Odisha",751034,Skill Development,,,,,,
sample_036,OR/2025/100035,AAKASH Association of All Kinds of Awareness Services for Human being,Society,REG1035,KHORDHA,Odisha,Bhubaneswar,"Sample Address 36, Odisha",751035,Education & Literacy,,,,,,
sample_037,OR/2025/100036,AALPEE EDUCATION TRUST,Trust,REG1036,CUTTACK,Odisha,Cuttack,"Sample Address 37, Odisha",751036,Health & Family Welfare,,,,,,
sample_038,OR/2025/100037,Aama Odisha,Society,REG1037,SAMBALPUR,Odisha,Sambalpur,"Sample Address 38, Odisha",751037,Environment & Forests,,,,,,
sample_039,OR/2025/100038,AAMA SAATHIRE CHARITABLE ASSOCIATION (ASCA),Society,REG1038,GANJAM,Odisha,Berhampur,"Sample Address 39, Odisha",751038,Women's Development & Empowerment,,,,,,
sample_040,OR/2025/100039,AAMA SEBA PARIBARA TRUST,Trust,REG1039,PURI,Odisha,Puri,"Sample Address 40, Odisha",751039,Skill Development,,,,,,
sample_041,OR/2025/100040,AAMAR BHUIN MAAET FOUNDATION,Society,REG1040,KHORDHA,Odisha,Bhubaneswar,"Sample Address 41, Odisha",751040,Education & Literacy,,,,,,
sample_042,OR/2025/100041,AAMAR SAHITYA INTERNATIONAL,Society,REG1041,CUTTACK,Odisha,Cuttack,"Sample Address 42, Odisha",751041,Health & Family Welfare,,,,,,
sample_043,OR/2025/100042,AAMARA BISWAS,Trust,REG1042,SAMBALPUR,Odisha,Sambalpur,"Sample Address 43, Odisha",751042,Environment & Forests,,,,,,
sample_044,OR/2025/100043,AAME NATUA,Society,REG1043,GANJAM,Odisha,Berhampur,"Sample Address 44, Odisha",751043,Women's Development & Empowerment,,,,,,
sample_045,OR/2025/100044,aamo foundation,Society,REG1044,PURI,Odisha,Puri,"Sample Address 45, Odisha",751044,Skill Development,,,,,,
sample_046,OR/2025/100045,AANANT FOUNDATION FOR ALTERNATIVE MEDICINE AND ALLEVIATION RESEARCH TRUST,Trust,REG1045,KHORDHA,Odisha,Bhubaneswar,"Sample Address 46, Odisha",751045,Education & Literacy,,,,,,
sample_047,OR/2025/100046,Aangika,Society,REG1046,CUTTACK,Odisha,Cuttack,"Sample Address 47, Odisha",751046,Health & Family Welfare,,,,,,
sample_048,OR/2025/100047,AAPNO PARIVAR-ALWAYS TOGETHER,Society,REG1047,SAMBALPUR,Odisha,Sambalpur,"Sample Address 48, Odisha",751047,Environment & Forests,,,,,,
sample_049,OR/2025/100048,AARADHANA MAHILA TRUST,Trust,REG1048,GANJAM,Odisha,Berhampur,"Sample Address 49, Odisha",751048,Women's Development & Empowerment,,,,,,
sample_050,OR/2025/100049,AARADHANA TRUST,Society,REG1049,PURI,Odisha,Puri,"Sample Address 50, Odisha",751049,Skill Development,,,,,,
sample_051,OR/2025/100050,AARADHYA CHARITABLE TRUST,Society,REG1050,KHORDHA,Odisha,Bhubaneswar,"Sample Address 51, Odisha",751050,Education & Literacy,,,,,,
sample_052,OR/2025/100051,AARAMBH,Trust,REG1051,CUTTACK,Odisha,Cuttack,"Sample Address 52, Odisha",751051,Health & Family Welfare,,,,,,
sample_053,OR/2025/100052,AARAMBH CHARITABLE TRUST,Society,REG1052,SAMBALPUR,Odisha,Sambalpur,"Sample Address 53, Odisha",751052,Environment & Forests,,,,,,
sample_054,OR/2025/100053,AAREL FOUNDATION TRUST,Society,REG1053,GANJAM,Odisha,Berhampur,"Sample Address 54, Odisha",751053,Women's Development & Empowerment,,,,,,
sample_055,OR/2025/100054,AARIAH SOCIAL FOUNDATION,Trust,REG1054,PURI,Odisha,Puri,"Sample Address 55, Odisha",751054,Skill Development,,,,,,
sample_056,OR/2025/100055,AARIHANT CHARITABLE TRUST,Society,REG1055,KHORDHA,Odisha,Bhubaneswar,"Sample Address 56, Odisha",751055,Education & Literacy,,,,,,
sample_057,OR/2025/100056,AARIONA FOUNDATION,Society,REG1056,CUTTACK,Odisha,Cuttack,"Sample Address 57, Odisha",751056,Health & Family Welfare,,,,,,
sample_058,OR/2025/100057,AARIYAN FOUNDATION,Trust,REG1057,SAMBALPUR,Odisha,Sambalpur,"Sample Address 58, Odisha",751057,Environment & Forests,,,,,,
sample_059,OR/2025/100058,Aarogya Foundation,Society,REG1058,GANJAM,Odisha,Berhampur,"Sample Address 59, Odisha",751058,Women's Development & Empowerment,,,,,,
sample_060,OR/2025/100059,AAROHAN FOUNDATION,Society,REG1059,PURI,Odisha,Puri,"Sample Address 60, Odisha",751059,Skill Development,,,,,,
sample_061,OR/2025/100060,AAROHAN GROUP OF EDUCATION,Trust,REG1060,KHORDHA,Odisha,Bhubaneswar,"Sample Address 61, Odisha",751060,Education & Literacy,,,,,,
sample_062,OR/2025/100061,AAROHI FOUNDATION,Society,REG1061,CUTTACK,Odisha,Cuttack,"Sample Address 62, Odisha",751061,Health & Family Welfare,,,,,,
sample_063,OR/2025/100062,AAROMA CARE FOUNDATION,Society,REG1062,SAMBALPUR,Odisha,Sambalpur,"Sample Address 63, Odisha",751062,Environment & Forests,,,,,,
sample_064,OR/2025/100063,AARYAN EDUCATIONAL AND CHARITABLE TRUST,Trust,REG1063,GANJAM,Odisha,Berhampur,"Sample Address 64, Odisha",751063,Women's Development & Empowerment,,,,,,
sample_065,OR/2025/100064,AARYAV EDUCATIONAL AND CHARITABLE TRUST,Society,REG1064,PURI,Odisha,Puri,"Sample Address 65, Odisha",751064,Skill Development,,,,,,
sample_066,OR/2025/100065,AASA FOUNDATION,Society,REG1065,KHORDHA,Odisha,Bhubaneswar,"Sample Address 66, Odisha",751065,Education & Literacy,,,,,,
sample_067,OR/2025/100066,AASHARA DWARA FOUNDATION,Trust,REG1066,CUTTACK,Odisha,Cuttack,"Sample Address 67, Odisha",751066,Health & Family Welfare,,,,,,
sample_068,OR/2025/100067,AASHDIT FOUNDATION,Society,REG1067,SAMBALPUR,Odisha,Sambalpur,"Sample Address 68, Odisha",751067,Environment & Forests,,,,,,
sample_069,OR/2025/100068,AASHRAA FOUNDATION ODISHA,Society,REG1068,GANJAM,Odisha,Berhampur,"Sample Address 69, Odisha",751068,Women's Development & Empowerment,,,,,,
sample_070,OR/2025/100069,AASHRAYA,Trust,REG1069,PURI,Odisha,Puri,"Sample Address 70, Odisha",751069,Skill Development,,,,,,
sample_071,OR/2025/100070,AASHWAS FOUNDATION CHARITABLE TRUST,Society,REG1070,KHORDHA,Odisha,Bhubaneswar,"Sample Address 71, Odisha",751070,Education & Literacy,,,,,,
sample_072,OR/2025/100071,AASTA FOUNDATION TRUST,Society,REG1071,CUTTACK,Odisha,Cuttack,"Sample Address 72, Odisha",751071,Health & Family Welfare,,,,,,
sample_073,OR/2025/100072,AASTHA,Trust,REG1072,SAMBALPUR,Odisha,Sambalpur,"Sample Address 73, Odisha",751072,Environment & Forests,,,,,,
sample_074,OR/2025/100073,AASTHA ALOK,Society,REG1073,GANJAM,Odisha,Berhampur,"Sample Address 74, Odisha",751073,Women's Development & Empowerment,,,,,,
sample_075,OR/2025/100074,AASTHA DEVELOPER,Society,REG1074,PURI,Odisha,Puri,"Sample Address 75, Odisha",751074,Skill Development,,,,,,
sample_076,OR/2025/100075,AASTHA EDUCATIONAL & CHARITABLE TRUST,Trust,REG1075,KHORDHA,Odisha,Bhubaneswar,"Sample Address 76, Odisha",751075,Education & Literacy,,,,,,
sample_077,OR/2025/100076,AASTHA FOUNDATION,Society,REG1076,CUTTACK,Odisha,Cuttack,"Sample Address 77, Odisha",751076,Health & Family Welfare,,,,,,
sample_078,OR/2025/100077,Aastha Rehab Care Society,Society,REG1077,SAMBALPUR,Odisha,Sambalpur,"Sample Address 78, Odisha",751077,Environment & Forests,,,,,,
sample_079,OR/2025/100078,AATHAKOSIA LOKA SANGATTHAN,Trust,REG1078,GANJAM,Odisha,Berhampur,"Sample Address 79, Odisha",751078,Women's Development & Empowerment,,,,,,
sample_080,OR/2025/100079,AAWAHN CHARITABLE TRUST,Society,REG1079,PURI,Odisha,Puri,"Sample Address 80, Odisha",751079,Skill Development,,,,,,
sample_081,OR/2025/100080,AAWAZ VOLUNTARY ORGANISATION,Society,REG1080,KHORDHA,Odisha,Bhubaneswar,"Sample Address 81, Odisha",751080,Education & Literacy,,,,,,
sample_082,OR/2025/100081,Aawaz Voluntary Organisation,Trust,REG1081,CUTTACK,Odisha,Cuttack,"Sample Address 82, Odisha",751081,Health & Family Welfare,,,,,,
sample_083,OR/2025/100082,AB SHINE LIFE FOUNDATION,Society,REG1082,SAMBALPUR,Odisha,Sambalpur,"Sample Address 83, Odisha",751082,Environment & Forests,,,,,,
sample_084,OR/2025/100083,ABADHUTA SEVA SANGHA TRUST,Society,REG1083,GANJAM,Odisha,Berhampur,"Sample Address 84, Odisha",751083,Women's Development & Empowerment,,,,,,
sample_085,OR/2025/100084,ABAKASH FOUNDATION,Trust,REG1084,PURI,Odisha,Puri,"Sample Address 85, Odisha",751084,Skill Development,,,,,,
sample_086,OR/2025/100085,ABANTI AMIYA FOUNDATION,Society,REG1085,KHORDHA,Odisha,Bhubaneswar,"Sample Address 86, Odisha",751085,Education & Literacy,,,,,,
sample_087,OR/2025/100086,ABARNIRA GUNDA NATYA SANSAD,Society,REG1086,CUTTACK,Odisha,Cuttack,"Sample Address 87, Odisha",751086,Health & Family Welfare,,,,,,
sample_088,OR/2025/100087,Abbey West Services Private Limited,Trust,REG1087,SAMBALPUR,Odisha,Sambalpur,"Sample Address 88, Odisha",751087,Environment & Forests,,,,,,
sample_089,OR/2025/100088,ABCD,Society,REG1088,GANJAM,Odisha,Berhampur,"Sample Address 89, Odisha",751088,Women's Development & Empowerment,,,,,,
sample_090,OR/2025/100089,ABCD CHARITABLE TRUST,Society,REG1089,PURI,Odisha,Puri,"Sample Address 90, Odisha",751089,Skill Development,,,,,,
sample_091,OR/2025/100090,ABCI SOCIAL FOUNDATION,Trust,REG1090,KHORDHA,Odisha,Bhubaneswar,"Sample Address 91, Odisha",751090,Education & Literacy,,,,,,
sample_092,OR/2025/100091,ABDUL HAKIM EDUCATIONAL AND WELFARE TRUST,Society,REG1091,CUTTACK,Odisha,Cuttack,"Sample Address 92, Odisha",751091,Health & Family Welfare,,,,,,
sample_093,OR/2025/100092,ABEJA FOUNDATION,Society,REG1092,SAMBALPUR,Odisha,Sambalpur,"Sample Address 93, Odisha",751092,Environment & Forests,,,,,,
sample_094,OR/2025/100093,TREE FOUNDATION,Trust,REG1093,GANJAM,Odisha,Berhampur,"Sample Address 94, Odisha",751093,Women's Development & Empowerment,,,,,,
sample_095,OR/2025/100094,100VIKALPAJEEVIKA FOUNDATION,Society,REG1094,PURI,Odisha,Puri,"Sample Address 95, Odisha",751094,Skill Development,,,,,,
sample_096,OR/2025/100095,24MAHAKAL HELP FOUNDATION,Society,REG1095,KHORDHA,Odisha,Bhubaneswar,"Sample Address 96, Odisha",751095,Education & Literacy,,,,,,
sample_097,OR/2025/100096,2ND UNIVERSE,Trust,REG1096,CUTTACK,Odisha,Cuttack,"Sample Address 97, Odisha",751096,Health & Family Welfare,,,,,,
sample_098,OR/2025/100097,360 DEGREE SOCIAL AND EDUCATIONAL TRUST,Society,REG1097,SAMBALPUR,Odisha,Sambalpur,"Sample Address 98, Odisha",751097,Environment & Forests,,,,,,
1,,AADHIRAN CHARITABLE TRUST,Trust,,PUDUCHERRY,Puducherry,,,605001,"Education & Literacy, Health & Family Welfare",,,,,TRUE,
2,,AALAMARAM SOCIAL SERVICE SOCIETY,Trust,,PUDUCHERRY,Puducherry,,,605002,"Education & Literacy, Health & Family Welfare",,,,,FALSE,
3,,AANANTHA KUDIL CHARITABLE TRUST,Society,,PUDUCHERRY,Puducherry,,,605003,"Education & Literacy, Health & Family Welfare",,,,,TRUE,
4,,Aathmalayaa Educational Public Trust,Trust,,PUDUCHERRY,Puducherry,,,605004,"Education & Literacy, Health & Family Welfare",,,,,FALSE,
5,,ABDUL GAFFAR ABDUL KAREEM SAIT EDUCATIONAL TRUST,Trust,,KARAIKAL,Puducherry,,,605005,"Education & Literacy, Health & Family Welfare",,,,,TRUE,
6,,ABDUL SAMAD EDUCATIONAL AND CHARITABLE TRUST,Society,,PUDUCHERRY,Puducherry,,,605006,"Education & Literacy, Health & Family Welfare",,,,,FALSE,
7,,ABLE FOUNDATION,Trust,,PUDUCHERRY,Puducherry,,,605007,"Education & Literacy, Health & Family Welfare",,,,,TRUE,
8,,ACHARIYA EDUCATIONAL PUBLIC TRUST,Trust,,PUDUCHERRY,Puducherry,,,605008,"Education & Literacy, Health & Family Welfare",,,,,FALSE,
9,,ACHARIYA TECHNO ALUMNI ASSOCIATION,Society,,PUDUCHERRY,Puducherry,,,605009,"Education & Literacy, Health & Family Welfare",,,,,TRUE,
10,,ACIC-MANAKULA VINAYAGAR INNOVATION FOUNDATION,Trust,,KARAIKAL,Puducherry,,,605010,"Education & Literacy, Health & Family Welfare",,,,,FALSE,
11,,ADECOM Network,Trust,,PUDUCHERRY,Puducherry,,,605011,"Education & Literacy, Health & Family Welfare",,,,,TRUE,
12,,ADITI CHARITABLE TRUST FOR ENVIRONMENT AND ECOLOGY,Society,,PUDUCHERRY,Puducherry,,,605012,"Education & Literacy, Health & Family Welfare",,,,,FALSE,
13,,AG PADMAVATI GOVINDASAMY MEDICAL AND EDUCATIONAL TRUST,Trust,,PUDUCHERRY,Puducherry,,,605013,"Education & Literacy, Health & Family Welfare",,,,,TRUE,
14,,AGAM ANBU CHARITABLE TRUST,Trust,,PUDUCHERRY,Puducherry,,,605014,"Education & Literacy, Health & Family Welfare",,,,,FALSE,
15,,AGASHTIYA TRUST,Society,,KARAIKAL,Puducherry,,,605015,"Education & Literacy, Health & Family Welfare",,,,,TRUE,
16,,AGATHE ILLAM ORPHANAGE,Trust,,PUDUCHERRY,Puducherry,,,605016,"Education & Literacy, Health & Family Welfare",,,,,FALSE,
17,,Agathin Aram Arivom Foundation,Trust,,PUDUCHERRY,Puducherry,,,605017,"Education & Literacy, Health & Family Welfare",,,,,TRUE,
18,,AGATHIYAR DHARMA ARAKATTALAI,Society,,PUDUCHERRY,Puducherry,,,605018,"Education & Literacy, Health & Family Welfare",,,,,FALSE,
19,,AGNI BHARATHAM TRUST,Trust,,PUDUCHERRY,Puducherry,,,605019,"Education & Literacy, Health & Family Welfare",,,,,TRUE,
20,,AGNI SIRAGUGAL TRANSGENDER FEDERATION,Trust,,KARAIKAL,Puducherry,,,605000,"Education & Literacy, Health & Family Welfare",,,,,FALSE,
21,,AIC-PONDICHERRY ENGINEERING COLLEGE FOUNDATION,Society,,PUDUCHERRY,Puducherry,,,605001,"Education & Literacy, Health & Family Welfare",,,,,TRUE,
22,,AIDER FOUNDATION INDIA,Trust,,PUDUCHERRY,Puducherry,,,605002,"Education & Literacy, Health & Family Welfare",,,,,FALSE,
23,,AKASH EDUCATION AND RESEARCH TRUST,Trust,,PUDUCHERRY,Puducherry,,,605003,"Education & Literacy, Health & Family Welfare",,,,,TRUE,
24,,AKASH FOUNDATION,Society,,PUDUCHERRY,Puducherry,,,605004,"Education & Literacy, Health & Family Welfare",,,,,FALSE,
25,,AKILAM TRUST,Trust,,KARAIKAL,Puducherry,,,605005,"Education & Literacy, Health & Family Welfare",,,,,TRUE,
26,,AKKALKOT SHRI SWAMY SAMARTHA MAHARAJ SEVA CHARITABLE TRUST,Trust,,PUDUCHERRY,Puducherry,,,605006,"Education & Literacy, Health & Family Welfare",,,,,FALSE,
27,,AKKANDY FAMILY MEDICAL TRUST,Society,,PUDUCHERRY,Puducherry,,,605007,"Education & Literacy, Health & Family Welfare",,,,,TRUE,
28,,Akshadha Foundation,Trust,,PUDUCHERRY,Puducherry,,,605008,"Education & Literacy, Health & Family Welfare",,,,,FALSE,
29,,AKSHAYA EDUCATIONAL TRUST,Trust,,PUDUCHERRY,Puducherry,,,605009,"Education & Literacy, Health & Family Welfare",,,,,TRUE,
30,,Akshaya Self Help Groups Confederation,Society,,KARAIKAL,Puducherry,,,605010,"Education & Literacy, Health & Family Welfare",,,,,FALSE,
31,,AL FURQAN TRUST,Trust,,PUDUCHERRY,Puducherry,,,605011,"Education & Literacy, Health & Family Welfare",,,,,TRUE,
32,,AL HUDHA MODEL SCHOOL,Trust,,PUDUCHERRY,Puducherry,,,605012,"Education & Literacy, Health & Family Welfare",,,,,FALSE,
33,,AL NABI EDUCATIONAL AND SOCIAL TRUST,Society,,PUDUCHERRY,Puducherry,,,605013,"Education & Literacy, Health & Family Welfare",,,,,TRUE,
34,,AL- QALAM EDUCATIONAL AND CHARITABLE TRUST,Trust,,PUDUCHERRY,Puducherry,,,605014,"Education & Literacy, Health & Family Welfare",,,,,FALSE,
35,,ALAMU CHARITABLE TRUST,Trust,,KARAIKAL,Puducherry,,,605015,"Education & Literacy, Health & Family Welfare",,,,,TRUE,
36,,ALL ARE FOR JESUS TRUST,Society,,PUDUCHERRY,Puducherry,,,605016,"Education & Literacy, Health & Family Welfare",,,,,FALSE,
37,,ALL INDIA LIC ASSOCIATE FORUM,Trust,,PUDUCHERRY,Puducherry,,,605017,"Education & Literacy, Health & Family Welfare",,,,,TRUE,
38,,ALL INDIA TRUE CHRISTIAN COUNCIL TRUST,Trust,,PUDUCHERRY,Puducherry,,,605018,"Education & Literacy, Health & Family Welfare",,,,,FALSE,
39,,ALL INDIA WORLD RECORDS VIRTUAL UNIVERSITY & RESEARCH FOUNDATION,Society,,PUDUCHERRY,Puducherry,,,605019,"Education & Literacy, Health & Family Welfare",,,,,TRUE,
40,,ALLIANCE FRANCAISE DE PONDICHERRY,Trust,,KARAIKAL,Puducherry,,,605000,"Education & Literacy, Health & Family Welfare",,,,,FALSE,
41,,ALPHA EDUCATIONAL AND CHARITABLE TRUST,Trust,,PUDUCHERRY,Puducherry,,,605001,"Education & Literacy, Health & Family Welfare",,,,,TRUE,
42,,ALUMINI OF ILANGO ADIGAL GOVT SCHOOL PUDUCHERRY,Society,,PUDUCHERRY,Puducherry,,,605002,"Education & Literacy, Health & Family Welfare",,,,,FALSE,
43,,AMALA EDUCATIONAL TRUST,Trust,,PUDUCHERRY,Puducherry,,,605003,"Education & Literacy, Health & Family Welfare",,,,,TRUE,
44,,AMALORPAVAM EDUCATIONAL WELFARE SOCIETY,Trust,,PUDUCHERRY,Puducherry,,,605004,"Education & Literacy, Health & Family Welfare",,,,,FALSE,
45,,AMMAIYAPPAR CHARITABLE TRUST,Society,,KARAIKAL,Puducherry,,,605005,"Education & Literacy, Health & Family Welfare",,,,,TRUE,
46,,AMMANIAMMALLE RAGOURAMANE TRUST,Trust,,PUDUCHERRY,Puducherry,,,605006,"Education & Literacy, Health & Family Welfare",,,,,FALSE,
47,,Anbalayam,Trust,,PUDUCHERRY,Puducherry,,,605007,"Education & Literacy, Health & Family Welfare",,,,,TRUE,
48,,Anbarasi madhar sangam,Society,,PUDUCHERRY,Puducherry,,,605008,"Education & Literacy, Health & Family Welfare",,,,,FALSE,
49,,ANBE SIVAM TRUST,Trust,,PUDUCHERRY,Puducherry,,,605009,"Education & Literacy, Health & Family Welfare",,,,,TRUE,
50,,ANBOLI CHARITABLE TRUST,Trust,,KARAIKAL,Puducherry,,,605010,"Education & Literacy, Health & Family Welfare",,,,,FALSE,
51,,ANBU PRAGATHEESWARI FOUNDATION,Society,,PUDUCHERRY,Puducherry,,,605011,"Education & Literacy, Health & Family Welfare",,,,,TRUE,
52,,Andalt Foundation,Trust,,PUDUCHERRY,Puducherry,,,605012,"Education & Literacy, Health & Family Welfare",,,,,FALSE,
53,,ANGAYARKANNI CHARITABLE TRUST,Trust,,PUDUCHERRY,Puducherry,,,605013,"Education & Literacy, Health & Family Welfare",,,,,TRUE,
54,,ANGELS FOUNDATION,Society,,PUDUCHERRY,Puducherry,,,605014,"Education & Literacy, Health & Family Welfare",,,,,FALSE,
55,,ANGLO EDUCATIONAL TRUST,Trust,,KARAIKAL,Puducherry,,,605015,"Education & Literacy, Health & Family Welfare",,,,,TRUE,
56,,ANJALAIAMAL CHARITABLE TRUST & EDUCATIONAL INSTITUTE FOR DEVELOPMENT,Trust,,PUDUCHERRY,Puducherry,,,605016,"Education & Literacy, Health & Family Welfare",,,,,FALSE,
57,,Annai Arul Trust,Society,,PUDUCHERRY,Puducherry,,,605017,"Education & Literacy, Health & Family Welfare",,,,,TRUE,
58,,Annai Blansh Alphonsa Social Welfare Trust,Trust,,PUDUCHERRY,Puducherry,,,605018,"Education & Literacy, Health & Family Welfare",,,,,FALSE,
59,,ANNAI JANAKI FOUNDATION,Trust,,PUDUCHERRY,Puducherry,,,605019,"Education & Literacy, Health & Family Welfare",,,,,TRUE,
60,,ANNAI KARUNYA TRUST,Society,,KARAIKAL,Puducherry,,,605000,"Education & Literacy, Health & Family Welfare",,,,,FALSE,
61,,ANNAI MANNANKATTI MEMORIAL SOCIAL WELFARE TRUST,Trust,,PUDUCHERRY,Puducherry,,,605001,"Education & Literacy, Health & Family Welfare",,,,,TRUE,
62,,ANNAIFOUNDATION,Trust,,PUDUCHERRY,Puducherry,,,605002,"Education & Literacy, Health & Family Welfare",,,,,FALSE,
63,,ANNALAKSHMI MAHADEV RELIGIOUS AND CHARITABLE TRUST,Society,,PUDUCHERRY,Puducherry,,,605003,"Education & Literacy, Health & Family Welfare",,,,,TRUE,
64,,ANNAMALAI CHARITABLE TRUST,Trust,,PUDUCHERRY,Puducherry,,,605004,"Education & Literacy, Health & Family Welfare",,,,,FALSE,
65,,ANNAPRADOKSHANA CHARITABLE TRUST,Trust,,KARAIKAL,Puducherry,,,605005,"Education & Literacy, Health & Family Welfare",,,,,TRUE,
66,,ANUK CHARITABLE TRUST,Society,,PUDUCHERRY,Puducherry,,,605006,"Education & Literacy, Health & Family Welfare",,,,,FALSE,
67,,ANUKIRAGAA ANNAI TRUST,Trust,,PUDUCHERRY,Puducherry,,,605007,"Education & Literacy, Health & Family Welfare",,,,,TRUE,
68,,APOSTOLIC GOOD NEWS MINISTRIES,Trust,,PUDUCHERRY,Puducherry,,,605008,"Education & Literacy, Health & Family Welfare",,,,,FALSE,
69,,AR-RAHMAN EDUCATIONAL TRUST,Society,,PUDUCHERRY,Puducherry,,,605009,"Education & Literacy, Health & Family Welfare",,,,,TRUE,
70,,ARAM SOCIAL WELFARE SOCIETY,Trust,,KARAIKAL,Puducherry,,,605010,"Education & Literacy, Health & Family Welfare",,,,,FALSE,
71,,ARIANKUPPAM VIYABARIGAL MATRUM THOZHIL MUNAIVOOR NALA SANGAM,Trust,,PUDUCHERRY,Puducherry,,,605011,"Education & Literacy, Health & Family Welfare",,,,,TRUE,
72,,ARIKAMEDU DIGITAL EMPOWERMENT FOUNDATION,Society,,PUDUCHERRY,Puducherry,,,605012,"Education & Literacy, Health & Family Welfare",,,,,FALSE,
73,,ARIKAMEDU INSTITUTE OF PUDUCHERRY,Trust,,PUDUCHERRY,Puducherry,,,605013,"Education & Literacy, Health & Family Welfare",,,,,TRUE,
74,,ARISE INDIA SOCIAL WELFARE TRUST,Trust,,PUDUCHERRY,Puducherry,,,605014,"Education & Literacy, Health & Family Welfare",,,,,FALSE,
75,,ARISJUVADY HEALTH TRUST,Society,,KARAIKAL,Puducherry,,,605015,"Education & Literacy, Health & Family Welfare",,,,,TRUE,
76,,ARKWIN TRUST,Trust,,PUDUCHERRY,Puducherry,,,605016,"Education & Literacy, Health & Family Welfare",,,,,FALSE,
77,,ARTA FOUNDATION - AESTHETICAL RENOVATION THROUGH ART,Trust,,PUDUCHERRY,Puducherry,,,605017,"Education & Literacy, Health & Family Welfare",,,,,TRUE,
78,,ARUL EDUCATIONAL TRUST,Society,,PUDUCHERRY,Puducherry,,,605018,"Education & Literacy, Health & Family Welfare",,,,,FALSE,
79,,ARUL FOUNDATION TRUST,Trust,,PUDUCHERRY,Puducherry,,,605019,"Education & Literacy, Health & Family Welfare",,,,,TRUE,
80,,ARUL JOTHI EDUCATIONAL AND RESEARCH TRUST,Trust,,KARAIKAL,Puducherry,,,605000,"Education & Literacy, Health & Family Welfare",,,,,FALSE,
81,,ARUL THERESA CHARITABLE EDUCATIONAL TRUST,Society,,PUDUCHERRY,Puducherry,,,605001,"Education & Literacy, Health & Family Welfare",,,,,TRUE,
82,,ARULMIGHU SRI PUTHU KARUMARIYAMMAN THIRUKOVIL ARAKATTALAI,Trust,,PUDUCHERRY,Puducherry,,,605002,"Education & Literacy, Health & Family Welfare",,,,,FALSE,
83,,ARULMIGU OLAKKUR SRI MUTHALAMMAN THIRUKOIL TRUST,Trust,,PUDUCHERRY,Puducherry,,,605003,"Education & Literacy, Health & Family Welfare",,,,,TRUE,
84,,ARULMIGU SRI VARASIDTHI VINAYAGAR ALAYAM,Society,,PUDUCHERRY,Puducherry,,,605004,"Education & Literacy, Health & Family Welfare",,,,,FALSE,
85,,ARULMIGU VIZHI VARATHARAJA PERUMAL PARAMBARAI NIRAVAGA KUZHU ARAKATTALAI,Trust,,KARAIKAL,Puducherry,,,605005,"Education & Literacy, Health & Family Welfare",,,,,TRUE,
86,,ARUMAHA WELFARE TRUST,Trust,,PUDUCHERRY,Puducherry,,,605006,"Education & Literacy, Health & Family Welfare",,,,,FALSE,
87,,"ARUNTHAMIZH ALL INDIA EDUCATION, ART AND CULTURAL DEVELOPMENT FOUNDATION",Society,,PUDUCHERRY,Puducherry,,,605007,"Education & Literacy, Health & Family Welfare",,,,,TRUE,
88,,ARUTGURU ACCHUTHADASAR MUSICAL AND EDUCATIONAL TRUST,Trust,,PUDUCHERRY,Puducherry,,,605008,"Education & Literacy, Health & Family Welfare",,,,,FALSE,
89,,ARUTPERUNCHOTHI RAMALINGA,Trust,,PUDUCHERRY,Puducherry,,,605009,"Education & Literacy, Health & Family Welfare",,,,,TRUE,
90,,Arutpprakasa vallalar samarasa sanmarka sathya sadhanai sangam,Society,,KARAIKAL,Puducherry,,,605010,"Education & Literacy, Health & Family Welfare",,,,,FALSE,
91,,ARVIND CHARITABLE TRUST,Trust,,PUDUCHERRY,Puducherry,,,605011,"Education & Literacy, Health & Family Welfare",,,,,TRUE,
92,,ASRTRUST,Trust,,PUDUCHERRY,Puducherry,,,605012,"Education & Literacy, Health & Family Welfare",,,,,FALSE,
93,,Association for Promoting Sustainability in Campuses and Communities,Society,,PUDUCHERRY,Puducherry,,,605013,"Education & Literacy, Health & Family Welfare",,,,,TRUE,
94,,Association for social health in india puducherry branch,Trust,,PUDUCHERRY,Puducherry,,,605014,"Education & Literacy, Health & Family Welfare",,,,,FALSE,
95,,ASSOCIATION OF INDIAN FRENCH PROFESSIONALS & RESEARCHERS,Trust,,KARAIKAL,Puducherry,,,605015,"Education & Literacy, Health & Family Welfare",,,,,TRUE,
96,,ASSOCIATION OF NEUROLOGIST AND NEUROSURGEONS OF PONDICHERRY,Society,,PUDUCHERRY,Puducherry,,,605016,"Education & Literacy, Health & Family Welfare",,,,,FALSE,
97,,Association of Scientists Developers and Faculties,Trust,,PUDUCHERRY,Puducherry,,,605017,"Education & Literacy, Health & Family Welfare",,,,,TRUE,
98,,ASTHITV,Trust,,PUDUCHERRY,Puducherry,,,605018,"Education & Literacy, Health & Family Welfare",,,,,FALSE,
99,,Atchaya Agro Educational Development & Charitable Trust,Society,,PUDUCHERRY,Puducherry,,,605019,"Education & Literacy, Health & Family Welfare",,,,,TRUE,
100,,Atelier Shanti,Trust,,KARAIKAL,Puducherry,,,605000,"Education & Literacy, Health & Family Welfare",,,,,FALSE,
PBNGO00001,PB/2025/100001,10 MARLAS HOUSES PHASE-1 MOHALI WELFARE ASSOCIATION,Trust,REG-1001,LUDHIANA,Punjab,Ludhiana,"Sample Address 1, Punjab",140001,"Education & Literacy, Health & Family Welfare",,30.01,75.01,2025-01-02T10:00:00,TRUE,
PBNGO00002,PB/2025/100002,1008 SANT BABA HARI SINGH NEKIWALE CHARITABLE SOCIETY,Section 8 Company,REG-1002,PATIALA,Punjab,Patiala,"Sample Address 2, Punjab",140002,"Education & Literacy, Health & Family Welfare",,30.02,75.02,2025-01-03T10:00:00,FALSE,
PBNGO00003,PB/2025/100003,108 SANT BALBIR HARI JI WELFARE COMMITTEE,Society,REG-1003,S.A.S NAGAR,Punjab,S.A.S Nagar,"Sample Address 3, Punjab",140003,"Education & Literacy, Health & Family Welfare",,30.03,75.03,2025-01-04T10:00:00,TRUE,
PBNGO00004,PB/2025/100004,108 SANT BAPU MANGAL DASS JI SEWADAR SOCIETY,Trust,REG-1004,BATHINDA,Punjab,Bathinda,"Sample Address 4, Punjab",140004,"Education & Literacy, Health & Family Welfare",,30.04,75.04,2025-01-05T10:00:00,FALSE,
PBNGO00005,PB/2025/100005,1767-1768 PARK MAINTENANCE COMMITTEE,Section 8 Company,REG-1005,JALANDHAR,Punjab,Jalandhar,"Sample Address 5, Punjab",140005,"Education & Literacy, Health & Family Welfare",,30.05,75.05,2025-01-06T10:00:00,TRUE,
PBNGO00006,PB/2025/100006,21ST CENTURY HUMAN RESOURCES DEVELOPMENT SOCIETY,Society,REG-1006,PATHANKOT,Punjab,Pathankot,"Sample Address 6, Punjab",140006,"Education & Literacy, Health & Family Welfare",,30.06,75.06,2025-01-07T10:00:00,FALSE,
PBNGO00007,PB/2025/100007,224 RETIRED SSP PARIWAR WELFARE SOCIETY,Trust,REG-1007,MOGA,Punjab,Moga,"Sample Address 7, Punjab",140007,"Education & Literacy, Health & Family Welfare",,30.07,75.07,2025-01-08T10:00:00,TRUE,
PBNGO00008,PB/2025/100008,2QADAM FOUNDATION,Section 8 Company,REG-1008,SANGRUR,Punjab,Sangrur,"Sample Address 8, Punjab",140008,"Education & Literacy, Health & Family Welfare",,30.08,75.08,2025-01-09T10:00:00,FALSE,
PBNGO00009,PB/2025/100009,5JAB FOUNDATION,Society,REG-1009,KAPURTHALA,Punjab,Kapurthala,"Sample Address 9, Punjab",140009,"Education & Literacy, Health & Family Welfare",,30.09,75.09,2025-01-10T10:00:00,TRUE,
PBNGO00010,PB/2025/100010,7TH RISALA VETRANS CLUB,Trust,REG-1010,AMRITSAR,Punjab,Amritsar,"Sample Address 10, Punjab",140010,"Education & Literacy, Health & Family Welfare",,30.1,75.1,2025-01-11T10:00:00,FALSE,
PBNGO00011,PB/2025/100011,A & M EDUCATIONAL SOCIETY,Section 8 Company,REG-1011,LUDHIANA,Punjab,Ludhiana,"Sample Address 11, Punjab",140011,"Education & Literacy, Health & Family Welfare",,30.11,75.11,2025-01-12T10:00:00,TRUE,
PBNGO00012,PB/2025/100012,A AND A EDUCATIONAL SOCIETY,Society,REG-1012,PATIALA,Punjab,Patiala,"Sample Address 12, Punjab",140012,"Education & Literacy, Health & Family Welfare",,30.12,75.12,2025-01-13T10:00:00,FALSE,
PBNGO00013,PB/2025/100013,A AND M MEDICAL SOCIETY HOSPITAL,Trust,REG-1013,S.A.S NAGAR,Punjab,S.A.S Nagar,"Sample Address 13, Punjab",140013,"Education & Literacy, Health & Family Welfare",,30.13,75.13,2025-01-14T10:00:00,TRUE,
PBNGO00014,PB/2025/100014,A K SEASIA FOUNDATION,Section 8 Company,REG-1014,BATHINDA,Punjab,Bathinda,"Sample Address 14, Punjab",140014,"Education & Literacy, Health & Family Welfare",,30.14,75.14,2025-01-15T10:00:00,FALSE,
PBNGO00015,PB/2025/100015,A PEE JI EXCELSIER EDUCATIONAL SOCIETY,Society,REG-1015,JALANDHAR,Punjab,Jalandhar,"Sample Address 15, Punjab",140015,"Education & Literacy, Health & Family Welfare",,30.15,75.15,2025-01-16T10:00:00,TRUE,
PBNGO00016,PB/2025/100016,A S BEAUTY PAGEANT & CULTURE HUB (EMPOWERING WOMEN),Trust,REG-1016,PATHANKOT,Punjab,Pathankot,"Sample Address 16, Punjab",140016,"Education & Literacy, Health & Family Welfare",,30.16,75.16,2025-01-17T10:00:00,FALSE,
PBNGO00017,PB/2025/100017,A S HIGH SCHOOL TRUST AND MANAGEMENT SOCIETY,Section 8 Company,REG-1017,MOGA,Punjab,Moga,"Sample Address 17, Punjab",140017,"Education & Literacy, Health & Family Welfare",,30.17,75.17,2025-01-18T10:00:00,TRUE,
PBNGO00018,PB/2025/100018,A SQUARE CHARITABLE SOCIETY,Society,REG-1018,SANGRUR,Punjab,Sangrur,"Sample Address 18, Punjab",140018,"Education & Literacy, Health & Family Welfare",,30.18,75.18,2025-01-19T10:00:00,FALSE,
PBNGO00019,PB/2025/100019,A V M SENIOR SECONDARY SCHOOL,Trust,REG-1019,KAPURTHALA,Punjab,Kapurthala,"Sample Address 19, Punjab",140019,"Education & Literacy, Health & Family Welfare",,30.19,75.19,2025-01-20T10:00:00,TRUE,
PBNGO00020,PB/2025/100020,A VOICE WELFARE FOUNDATION,Section 8 Company,REG-1020,AMRITSAR,Punjab,Amritsar,"Sample Address 20, Punjab",140020,"Education & Literacy, Health & Family Welfare",,30.2,75.2,2025-01-21T10:00:00,FALSE,
PBNGO00021,PB/2025/100021,A-D-UDYOG SAMITI,Society,REG-1021,LUDHIANA,Punjab,Ludhiana,"Sample Address 21, Punjab",140021,"Education & Literacy, Health & Family Welfare",,30.21,75.21,2025-01-22T10:00:00,TRUE,
PBNGO00022,PB/2025/100022,A. C. MARKET (CALIBRE PLAZA) TRADERS ASSOCIATION,Trust,REG-1022,PATIALA,Punjab,Patiala,"Sample Address 22, Punjab",140022,"Education & Literacy, Health & Family Welfare",,30.22,75.22,2025-01-23T10:00:00,FALSE,
PBNGO00023,PB/2025/100023,A. S. MEMORIAL CHARITABLE TRUST,Section 8 Company,REG-1023,S.A.S NAGAR,Punjab,S.A.S Nagar,"Sample Address 23, Punjab",140023,"Education & Literacy, Health & Family Welfare",,30.23,75.23,2025-01-24T10:00:00,TRUE,
PBNGO00024,PB/2025/100024,A.B. CHARITY FOUNDATION,Society,REG-1024,BATHINDA,Punjab,Bathinda,"Sample Address 24, Punjab",140024,"Education & Literacy, Health & Family Welfare",,30.24,75.24,2025-01-25T10:00:00,FALSE,
PBNGO00025,PB/2025/100025,A.C. EDUCATIONAL WELFARE SOCIETY,Trust,REG-1025,JALANDHAR,Punjab,Jalandhar,"Sample Address 25, Punjab",140025,"Education & Literacy, Health & Family Welfare",,30.25,75.25,2025-01-26T10:00:00,TRUE,
PBNGO00026,PB/2025/100026,A.S BABADEEPSINGH MICRO SUPPORT ASSOCIATION,Section 8 Company,REG-1026,PATHANKOT,Punjab,Pathankot,"Sample Address 26, Punjab",140026,"Education & Literacy, Health & Family Welfare",,30.26,75.26,2025-01-27T10:00:00,FALSE,
PBNGO00027,PB/2025/100027,A4 PARADISE APARTMENT WELFARE SOCIETY,Society,REG-1027,MOGA,Punjab,Moga,"Sample Address 27, Punjab",140027,"Education & Literacy, Health & Family Welfare",,30.27,75.27,2025-01-28T10:00:00,TRUE,
PBNGO00028,PB/2025/100028,AA MANGALORE GROUP,Trust,REG-1028,SANGRUR,Punjab,Sangrur,"Sample Address 28, Punjab",140028,"Education & Literacy, Health & Family Welfare",,30.28,75.28,2025-01-01T10:00:00,FALSE,
PBNGO00029,PB/2025/100029,AAAS FOUNDATION,Section 8 Company,REG-1029,KAPURTHALA,Punjab,Kapurthala,"Sample Address 29, Punjab",140029,"Education & Literacy, Health & Family Welfare",,30.29,75.29,2025-01-02T10:00:00,TRUE,
PBNGO00030,PB/2025/100030,AAD YOG FOUNDATION,Society,REG-1030,AMRITSAR,Punjab,Amritsar,"Sample Address 30, Punjab",140030,"Education & Literacy, Health & Family Welfare",,30.3,75.3,2025-01-03T10:00:00,FALSE,
PBNGO00031,PB/2025/100031,AADARSH SEWA SOCIETY,Trust,REG-1031,LUDHIANA,Punjab,Ludhiana,"Sample Address 31, Punjab",140031,"Education & Literacy, Health & Family Welfare",,30.31,75.31,2025-01-04T10:00:00,TRUE,
PBNGO00032,PB/2025/100032,AADDIT CHARITABLE TRUST,Section 8 Company,REG-1032,PATIALA,Punjab,Patiala,"Sample Address 32, Punjab",140032,"Education & Literacy, Health & Family Welfare",,30.32,75.32,2025-01-05T10:00:00,FALSE,
PBNGO00033,PB/2025/100033,AADEV HEALTH SERVE FOUNDATION OF INDIA,Society,REG-1033,S.A.S NAGAR,Punjab,S.A.S Nagar,"Sample Address 33, Punjab",140033,"Education & Literacy, Health & Family Welfare",,30.33,75.33,2025-01-06T10:00:00,TRUE,
PBNGO00034,PB/2025/100034,AADI AUTISM FOUNDATION,Trust,REG-1034,BATHINDA,Punjab,Bathinda,"Sample Address 34, Punjab",140034,"Education & Literacy, Health & Family Welfare",,30.34,75.34,2025-01-07T10:00:00,FALSE,
PBNGO00035,PB/2025/100035,AADIWASI GURU GYAN NATH POORAN SANGHRASH DAL FOUNDATION,Section 8 Company,REG-1035,JALANDHAR,Punjab,Jalandhar,"Sample Address 35, Punjab",140035,"Education & Literacy, Health & Family Welfare",,30.35,75.35,2025-01-08T10:00:00,TRUE,
PBNGO00036,PB/2025/100036,AAGAAJ EDUCATIONAL WELFARE SOCIETY,Society,REG-1036,PATHANKOT,Punjab,Pathankot,"Sample Address 36, Punjab",140036,"Education & Literacy, Health & Family Welfare",,30.36,75.36,2025-01-09T10:00:00,FALSE,
PBNGO00037,PB/2025/100037,AAGAZ(SOCIETY FOR THE PEOPLE BY THE PEOPLE),Trust,REG-1037,MOGA,Punjab,Moga,"Sample Address 37, Punjab",140037,"Education & Literacy, Health & Family Welfare",,30.37,75.37,2025-01-10T10:00:00,TRUE,
PBNGO00038,PB/2025/100038,AAKARSHAN EDUCATIONAL SOCIETY,Section 8 Company,REG-1038,SANGRUR,Punjab,Sangrur,"Sample Address 38, Punjab",140038,"Education & Literacy, Health & Family Welfare",,30.38,75.38,2025-01-11T10:00:00,FALSE,
PBNGO00039,PB/2025/100039,AAKHRI UMEED WELFARE SOCIETY,Society,REG-1039,KAPURTHALA,Punjab,Kapurthala,"Sample Address 39, Punjab",140039,"Education & Literacy, Health & Family Welfare",,30.39,75.39,2025-01-12T10:00:00,TRUE,
PBNGO00040,PB/2025/100040,AAM TRUCK OPERATOR WELFARE SOCIETY,Trust,REG-1040,AMRITSAR,Punjab,Amritsar,"Sample Address 40, Punjab",140040,"Education & Literacy, Health & Family Welfare",,30.4,75.4,2025-01-13T10:00:00,FALSE,
PBNGO00041,PB/2025/100041,AAPI CHARITABLE FOUNDATION,Section 8 Company,REG-1041,LUDHIANA,Punjab,Ludhiana,"Sample Address 41, Punjab",140041,"Education & Literacy, Health & Family Welfare",,30.41,75.41,2025-01-14T10:00:00,TRUE,
PBNGO00042,PB/2025/100042,AAPO AAP EDUCATIONAL SOCIETY,Society,REG-1042,PATIALA,Punjab,Patiala,"Sample Address 42, Punjab",140042,"Education & Literacy, Health & Family Welfare",,30.42,75.42,2025-01-15T10:00:00,FALSE,
PBNGO00043,PB/2025/100043,AAR JAIN EDUCATION SOCIETY,Trust,REG-1043,S.A.S NAGAR,Punjab,S.A.S Nagar,"Sample Address 43, Punjab",140043,"Education & Literacy, Health & Family Welfare",,30.43,75.43,2025-01-16T10:00:00,TRUE,
PBNGO00044,PB/2025/100044,AARADHAYA EDUCATION AND SOCIAL WELFARE SOCIETY,Section 8 Company,REG-1044,BATHINDA,Punjab,Bathinda,"Sample Address 44, Punjab",140044,"Education & Literacy, Health & Family Welfare",,30.44,75.44,2025-01-17T10:00:00,FALSE,
PBNGO00045,PB/2025/100045,AARHTI ASSOCIATION RAJPURA,Society,REG-1045,JALANDHAR,Punjab,Jalandhar,"Sample Address 45, Punjab",140045,"Education & Literacy, Health & Family Welfare",,30.45,75.45,2025-01-18T10:00:00,TRUE,
PBNGO00046,PB/2025/100046,AARTHIA ASSOCIATION,Trust,REG-1046,PATHANKOT,Punjab,Pathankot,"Sample Address 46, Punjab",140046,"Education & Literacy, Health & Family Welfare",,30.46,75.46,2025-01-19T10:00:00,FALSE,
PBNGO00047,PB/2025/100047,AARTI EDUCATIONAL SOCIETY,Section 8 Company,REG-1047,MOGA,Punjab,Moga,"Sample Address 47, Punjab",140047,"Education & Literacy, Health & Family Welfare",,30.47,75.47,2025-01-20T10:00:00,TRUE,
PBNGO00048,PB/2025/100048,Aarushi Trust,Society,REG-1048,SANGRUR,Punjab,Sangrur,"Sample Address 48, Punjab",140048,"Education & Literacy, Health & Family Welfare",,30.48,75.48,2025-01-21T10:00:00,FALSE,
PBNGO00049,PB/2025/100049,Aas Ehssas Welfare Society (Regd.),Trust,REG-1049,KAPURTHALA,Punjab,Kapurthala,"Sample Address 49, Punjab",140049,"Education & Literacy, Health & Family Welfare",,30.49,75.49,2025-01-22T10:00:00,TRUE,
PBNGO00050,PB/2025/100050,AAS FOUNDATION,Section 8 Company,REG-1050,AMRITSAR,Punjab,Amritsar,"Sample Address 50, Punjab",140050,"Education & Literacy, Health & Family Welfare",,30.5,75.5,2025-01-23T10:00:00,FALSE,
PBNGO00051,PB/2025/100051,AAS KIRAN SOCIAL WELFARE SOCIETY,Society,REG-1051,LUDHIANA,Punjab,Ludhiana,"Sample Address 51, Punjab",140051,"Education & Literacy, Health & Family Welfare",,30.51,75.51,2025-01-24T10:00:00,TRUE,
PBNGO00052,PB/2025/100052,AAS REHABILITATION AND WELFARE FOUNDATION,Trust,REG-1052,PATIALA,Punjab,Patiala,"Sample Address 52, Punjab",140052,"Education & Literacy, Health & Family Welfare",,30.52,75.52,2025-01-25T10:00:00,FALSE,
PBNGO00053,PB/2025/100053,AAS SOCIAL WELFARE SOCIETY,Section 8 Company,REG-1053,S.A.S NAGAR,Punjab,S.A.S Nagar,"Sample Address 53, Punjab",140053,"Education & Literacy, Health & Family Welfare",,30.53,75.53,2025-01-26T10:00:00,TRUE,
PBNGO00054,PB/2025/100054,AAS WELFARE SOCIETY,Society,REG-1054,BATHINDA,Punjab,Bathinda,"Sample Address 54, Punjab",140054,"Education & Literacy, Health & Family Welfare",,30.54,75.54,2025-01-27T10:00:00,FALSE,
PBNGO00055,PB/2025/100055,AASA RAM EDUCATIONAL SOCIETY,Trust,REG-1055,JALANDHAR,Punjab,Jalandhar,"Sample Address 55, Punjab",140055,"Education & Literacy, Health & Family Welfare",,30.55,75.55,2025-01-28T10:00:00,TRUE,
PBNGO00056,PB/2025/100056,AASARA TERMINAL CARE HOME,Section 8 Company,REG-1056,PATHANKOT,Punjab,Pathankot,"Sample Address 56, Punjab",140056,"Education & Literacy, Health & Family Welfare",,30.56,75.56,2025-01-01T10:00:00,FALSE,
PBNGO00057,PB/2025/100057,AASHAKIRAN HELPING FOUNDATION,Society,REG-1057,MOGA,Punjab,Moga,"Sample Address 57, Punjab",140057,"Education & Literacy, Health & Family Welfare",,30.57,75.57,2025-01-02T10:00:00,TRUE,
PBNGO00058,PB/2025/100058,AASHAKIRAN JAN SEVA FOUNDATION,Trust,REG-1058,SANGRUR,Punjab,Sangrur,"Sample Address 58, Punjab",140058,"Education & Literacy, Health & Family Welfare",,30.58,75.58,2025-01-03T10:00:00,FALSE,
PBNGO00059,PB/2025/100059,AASHIQ-E-KHWAJA,Section 8 Company,REG-1059,KAPURTHALA,Punjab,Kapurthala,"Sample Address 59, Punjab",140059,"Education & Literacy, Health & Family Welfare",,30.59,75.59,2025-01-04T10:00:00,TRUE,
PBNGO00060,PB/2025/100060,AASHIRWAD JAN SEWA FOUNDATION,Society,REG-1060,AMRITSAR,Punjab,Amritsar,"Sample Address 60, Punjab",140060,"Education & Literacy, Health & Family Welfare",,30.6,75.6,2025-01-05T10:00:00,FALSE,
PBNGO00061,PB/2025/100061,Aashish Computer Education Society,Trust,REG-1061,LUDHIANA,Punjab,Ludhiana,"Sample Address 61, Punjab",140061,"Education & Literacy, Health & Family Welfare",,30.61,75.61,2025-01-06T10:00:00,TRUE,
PBNGO00062,PB/2025/100062,AASIS FOUNDATION,Section 8 Company,REG-1062,PATIALA,Punjab,Patiala,"Sample Address 62, Punjab",140062,"Education & Literacy, Health & Family Welfare",,30.62,75.62,2025-01-07T10:00:00,FALSE,
PBNGO00063,PB/2025/100063,AASRA FOUNDATION,Society,REG-1063,S.A.S NAGAR,Punjab,S.A.S Nagar,"Sample Address 63, Punjab",140063,"Education & Literacy, Health & Family Welfare",,30.63,75.63,2025-01-08T10:00:00,TRUE,
PBNGO00064,PB/2025/100064,Aasra Foundations,Trust,REG-1064,BATHINDA,Punjab,Bathinda,"Sample Address 64, Punjab",140064,"Education & Literacy, Health & Family Welfare",,30.64,75.64,2025-01-09T10:00:00,FALSE,
PBNGO00065,PB/2025/100065,AASRA FOUNDATIONS,Section 8 Company,REG-1065,JALANDHAR,Punjab,Jalandhar,"Sample Address 65, Punjab",140065,"Education & Literacy, Health & Family Welfare",,30.65,75.65,2025-01-10T10:00:00,TRUE,
PBNGO00066,PB/2025/100066,AASRA WELFARE SOCIETY,Society,REG-1066,PATHANKOT,Punjab,Pathankot,"Sample Address 66, Punjab",140066,"Education & Literacy, Health & Family Welfare",,30.66,75.66,2025-01-11T10:00:00,FALSE,
PBNGO00067,PB/2025/100067,AASRAA FOUNDATION,Trust,REG-1067,MOGA,Punjab,Moga,"Sample Address 67, Punjab",140067,"Education & Literacy, Health & Family Welfare",,30.67,75.67,2025-01-12T10:00:00,TRUE,
PBNGO00068,PB/2025/100068,Aastha Social Welfare Front,Section 8 Company,REG-1068,SANGRUR,Punjab,Sangrur,"Sample Address 68, Punjab",140068,"Education & Literacy, Health & Family Welfare",,30.68,75.68,2025-01-13T10:00:00,FALSE,
PBNGO00069,PB/2025/100069,AASTHA WELFARE SOCIETY,Society,REG-1069,KAPURTHALA,Punjab,Kapurthala,"Sample Address 69, Punjab",140069,"Education & Literacy, Health & Family Welfare",,30.69,75.69,2025-01-14T10:00:00,TRUE,
PBNGO00070,PB/2025/100070,AATAM NIRBHAR MAHILA MANDAL WELFARE SOCIETY,Trust,REG-1070,AMRITSAR,Punjab,Amritsar,"Sample Address 70, Punjab",140070,"Education & Literacy, Health & Family Welfare",,30.7,75.7,2025-01-15T10:00:00,FALSE,
PBNGO00071,PB/2025/100071,AATAM PUBLIC SCHOOL COMMITTEE,Section 8 Company,REG-1071,LUDHIANA,Punjab,Ludhiana,"Sample Address 71, Punjab",140071,"Education & Literacy, Health & Family Welfare",,30.71,75.71,2025-01-16T10:00:00,TRUE,
PBNGO00072,PB/2025/100072,AATMAN TRUST,Society,REG-1072,PATIALA,Punjab,Patiala,"Sample Address 72, Punjab",140072,"Education & Literacy, Health & Family Welfare",,30.72,75.72,2025-01-17T10:00:00,FALSE,
PBNGO00073,PB/2025/100073,Aatman Udyog,Trust,REG-1073,S.A.S NAGAR,Punjab,S.A.S Nagar,"Sample Address 73, Punjab",140073,"Education & Literacy, Health & Family Welfare",,30.73,75.73,2025-01-18T10:00:00,TRUE,
PBNGO00074,PB/2025/100074,AATMANIRBHAR SKILL DEVELOPMENT FOUNDATION,Section 8 Company,REG-1074,BATHINDA,Punjab,Bathinda,"Sample Address 74, Punjab",140074,"Education & Literacy, Health & Family Welfare",,30.74,75.74,2025-01-19T10:00:00,FALSE,
PBNGO00075,PB/2025/100075,AATMIK SAMARPIT SEWA SOCIETY KAHANGARH REGD.NO.03,Society,REG-1075,JALANDHAR,Punjab,Jalandhar,"Sample Address 75, Punjab",140075,"Education & Literacy, Health & Family Welfare",,30.75,75.75,2025-01-20T10:00:00,TRUE,
PBNGO00076,PB/2025/100076,AATMSUKH AATMDEV AASHRAM (FOR MENTALLY CHALLENGED),Trust,REG-1076,PATHANKOT,Punjab,Pathankot,"Sample Address 76, Punjab",140076,"Education & Literacy, Health & Family Welfare",,30.76,75.76,2025-01-21T10:00:00,FALSE,
PBNGO00077,PB/2025/100077,AAWAZ POWER OF MEN WELFARE SOCIETY,Section 8 Company,REG-1077,MOGA,Punjab,Moga,"Sample Address 77, Punjab",140077,"Education & Literacy, Health & Family Welfare",,30.77,75.77,2025-01-22T10:00:00,TRUE,
PBNGO00078,PB/2025/100078,AAYESHA MASJID INTEZAMIA COMMITTEE,Society,REG-1078,SANGRUR,Punjab,Sangrur,"Sample Address 78, Punjab",140078,"Education & Literacy, Health & Family Welfare",,30.78,75.78,2025-01-23T10:00:00,FALSE,
PBNGO00079,PB/2025/100079,AB VIDYA CARE EDUCATIONAL CULTURAL & SOCIAL WELFARE SOCIETY,Trust,REG-1079,KAPURTHALA,Punjab,Kapurthala,"Sample Address 79, Punjab",140079,"Education & Literacy, Health & Family Welfare",,30.79,75.79,2025-01-24T10:00:00,TRUE,
PBNGO00080,PB/2025/100080,ABABAT FOUNDATION,Section 8 Company,REG-1080,AMRITSAR,Punjab,Amritsar,"Sample Address 80, Punjab",140080,"Education & Literacy, Health & Family Welfare",,30.8,75.8,2025-01-25T10:00:00,FALSE,
PBNGO00081,PB/2025/100081,abadi majbi sikh mohalla sudhar committee,Society,REG-1081,LUDHIANA,Punjab,Ludhiana,"Sample Address 81, Punjab",140081,"Education & Literacy, Health & Family Welfare",,30.81,75.81,2025-01-26T10:00:00,TRUE,
PBNGO00082,PB/2025/100082,ABADI SHAMSHAN GHAT WELFARE SOCIETY,Trust,REG-1082,PATIALA,Punjab,Patiala,"Sample Address 82, Punjab",140082,"Education & Literacy, Health & Family Welfare",,30.82,75.82,2025-01-27T10:00:00,FALSE,
PBNGO00083,PB/2025/100083,ABATER FOUNDATION,Section 8 Company,REG-1083,S.A.S NAGAR,Punjab,S.A.S Nagar,"Sample Address 83, Punjab",140083,"Education & Literacy, Health & Family Welfare",,30.83,75.83,2025-01-28T10:00:00,TRUE,
PBNGO00084,PB/2025/100084,ABBNHI WELFARE SOCIETY,Society,REG-1084,BATHINDA,Punjab,Bathinda,"Sample Address 84, Punjab",140084,"Education & Literacy, Health & Family Welfare",,30.84,75.84,2025-01-01T10:00:00,FALSE,
PBNGO00085,PB/2025/100085,ABDUL KADIR SHEHANSHAH HAZRAT EDUCATIONAL AND RESEARCH SOCIETY,Trust,REG-1085,JALANDHAR,Punjab,Jalandhar,"Sample Address 85, Punjab",140085,"Education & Literacy, Health & Family Welfare",,30.85,75.85,2025-01-02T10:00:00,TRUE,
PBNGO00086,PB/2025/100086,ABHAY EDUCATIONAL SOCIETY,Section 8 Company,REG-1086,PATHANKOT,Punjab,Pathankot,"Sample Address 86, Punjab",140086,"Education & Literacy, Health & Family Welfare",,30.86,75.86,2025-01-03T10:00:00,FALSE,
PBNGO00087,PB/2025/100087,ABHI NIKUNJ SOCIETY,Society,REG-1087,MOGA,Punjab,Moga,"Sample Address 87, Punjab",140087,"Education & Literacy, Health & Family Welfare",,30.87,75.87,2025-01-04T10:00:00,TRUE,
PBNGO00088,PB/2025/100088,Abhiaan Foundation,Trust,REG-1088,SANGRUR,Punjab,Sangrur,"Sample Address 88, Punjab",140088,"Education & Literacy, Health & Family Welfare",,30.88,75.88,2025-01-05T10:00:00,FALSE,
PBNGO00089,PB/2025/100089,Abhilasha Foundation,Section 8 Company,REG-1089,KAPURTHALA,Punjab,Kapurthala,"Sample Address 89, Punjab",140089,"Education & Literacy, Health & Family Welfare",,30.89,75.89,2025-01-06T10:00:00,TRUE,
PBNGO00090,PB/2025/100090,ABHINAV BINDRA FOUNDATION TRUST,Society,REG-1090,AMRITSAR,Punjab,Amritsar,"Sample Address 90, Punjab",140090,"Education & Literacy, Health & Family Welfare",,30.9,75.9,2025-01-07T10:00:00,FALSE,
PBNGO00091,PB/2025/100091,Abhishakti Theatre Arts Society,Trust,REG-1091,LUDHIANA,Punjab,Ludhiana,"Sample Address 91, Punjab",140091,"Education & Literacy, Health & Family Welfare",,30.91,75.91,2025-01-08T10:00:00,TRUE,
PBNGO00092,PB/2025/100092,ABHISHEK CHARITABLE FOUNDATION,Section 8 Company,REG-1092,PATIALA,Punjab,Patiala,"Sample Address 92, Punjab",140092,"Education & Literacy, Health & Family Welfare",,30.92,75.92,2025-01-09T10:00:00,FALSE,
PBNGO00093,PB/2025/100093,Accountant welfare society,Society,REG-1093,S.A.S NAGAR,Punjab,S.A.S Nagar,"Sample Address 93, Punjab",140093,"Education & Literacy, Health & Family Welfare",,30.93,75.93,2025-01-10T10:00:00,TRUE,
PBNGO00094,PB/2025/100094,ACE EDUCATIONAL & CHARITABLE SOCIETY,Trust,REG-1094,BATHINDA,Punjab,Bathinda,"Sample Address 94, Punjab",140094,"Education & Literacy, Health & Family Welfare",,30.94,75.94,2025-01-11T10:00:00,FALSE,
PBNGO00095,PB/2025/100095,ACE VISION EDUCATIONAL & CHARITABLE TRUST,Section 8 Company,REG-1095,JALANDHAR,Punjab,Jalandhar,"Sample Address 95, Punjab",140095,"Education & Literacy, Health & Family Welfare",,30.95,75.95,2025-01-12T10:00:00,TRUE,
PBNGO00096,PB/2025/100096,ACHARIYA SHRI DAVINDER NEEL SANKLOP SAKHTI YOGA SADHANA KANDER TRUST,Society,REG-1096,PATHANKOT,Punjab,Pathankot,"Sample Address 96, Punjab",140096,"Education & Literacy, Health & Family Welfare",,30.96,75.96,2025-01-13T10:00:00,FALSE,
PBNGO00097,PB/2025/100097,ACHARYA LALITA CHARAN GOSWAMI PUBLIC CHARITABLE TRUST,Trust,REG-1097,MOGA,Punjab,Moga,"Sample Address 97, Punjab",140097,"Education & Literacy, Health & Family Welfare",,30.97,75.97,2025-01-14T10:00:00,TRUE,
PBNGO00098,PB/2025/100098,Acharya Shri Atma Ram Jain Samarak Samiti,Section 8 Company,REG-1098,SANGRUR,Punjab,Sangrur,"Sample Address 98, Punjab",140098,"Education & Literacy, Health & Family Welfare",,30.98,75.98,2025-01-15T10:00:00,FALSE,
PBNGO00099,PB/2025/100099,SAMPLE NGO 99,Society,REG-1099,KAPURTHALA,Punjab,Kapurthala,"Sample Address 99, Punjab",140099,"Education & Literacy, Health & Family Welfare",,30.99,75.99,2025-01-16T10:00:00,TRUE,
PBNGO00100,PB/2025/100100,SAMPLE NGO 100,Trust,REG-1100,AMRITSAR,Punjab,Amritsar,"Sample Address 100, Punjab",140100,"Education & Literacy, Health & Family Welfare",,31,76,2025-01-17T10:00:00,FALSE,
00bc0760b704406920117d39e61697e4_1,RJ/2024/0402004,HEM SOCIAL FOUNDATION,Section 8 Company,U85500RJ2024NPL092903,JAIPUR,Rajasthan,Jaipur,"204, JAIPUR TOWER, OPPOSITE AIR, M. I. ROAD, Jaipur",302001,,,,,2024-04-30T15:55:31,TRUE,
80e10ad0da0a405d27c9079db1086532_2,RJ/2025/0490334,PARSHAVANTH APARTMENT WELFARE SOCIETY,Society,COOP/2019/KOTA/100497,KOTA,Rajasthan,KOTA,NANTA ROAD KOTA,324008,,,,,2025-02-13T14:19:21,TRUE,
50970750300c40141185c235612f97e7_3,RJ/2022/0316139,100Medals targeted foundation,Section 8 Company,U85300RJ2021NPL077070,JAIPUR,Rajasthan,Jaipur,"Vatika Infotech City, Jaipur",302026,"Children, Education & Literacy, Sports",,,,2022-10-17T13:17:44,TRUE,
d0960ce0a80440141ed85043b0cb68c4_4,RJ/2023/0357633,11 DOCS FOUNDATION,Trust,2.02301E+14,ALWAR,Rajasthan,Bhiwadi,"Bhiwadi, Alwar",301019,Education & Literacy,,,,2023-09-23T16:24:01,TRUE,
40890060450640455037062d576c8fc0_5,RJ/2025/0572780,21 GAON SARV SAMAJ SEVA SAMITI,Society,COOP/2025/JODHPUR/500230,JODHPUR,Rajasthan,Jodhpur,"Shree Shankar Nagar, Jodhpur",342005,"Education & Literacy, Environment & Forests, Health & Family Welfare",,26.13574,73.02565,2025-03-26T11:46:13,FALSE,
e08808701e08403a2723d88196e32553_6,RJ/2024/0393362,360 DEGREE EDUCATION SOCIETY,Trust,COOP/2018/JAIPUR/102484,JAIPUR,Rajasthan,JAIPUR,"Sirsi Kunda, Jaipur",302041,Education & Literacy,,,,2024-06-18T11:32:38,TRUE,
f06102203f0f40455117f250751b8dc3_7,RJ/2025/0575583,4LEG CARE FOUNDATION,Section 8 Company,U85300RJ2021NPL073611,ALWAR,Rajasthan,Alwar,"Krishna Vihar, Alwar",301001,Animal Welfare,,,,2025-05-20T11:18:58,FALSE,
906108b0310e403128327c4df6c429e9_8,RJ/2024/0389214,9 KANYA SEVA FOUNDATION TRUST,Trust,2.02401E+14,JAIPUR,Rajasthan,JAIPUR,Pratap Nagar Amer Road Jaipur,302002,,,,,2024-02-09T18:14:53,TRUE,
70a706c09004402c3e42b076e7563e71_9,RJ/2025/0528670,A G MISSION SHIKSHAN SANSTHAN,Society,114/BIKANER/2007-08,BIKANER,Rajasthan,SRI DUNGARGARH,"Sri Dungargarh, Bikaner",331803,Education & Literacy,,,,2025-02-19T20:08:51,TRUE,
80d007406e0b40a40123b331e8f74db9_10,RJ/2017/0151899,A Hand For Help Development Society,Society,184/Jaipur/12-13,JAIPUR,Rajasthan,Jaipur,"Mansarover, Jaipur",302020,"Education & Literacy, Environment & Forests",,,,,TRUE,
00bc0760b704406920117d39e61697e4_11,RJ/2024/0402004,HEM SOCIAL FOUNDATION,Section 8 Company,U85500RJ2024NPL092903,JAIPUR,Rajasthan,Jaipur,"204, JAIPUR TOWER, OPPOSITE AIR, M. I. ROAD, Jaipur",302001,,,,,2024-04-30T15:55:31,TRUE,
80e10ad0da0a405d27c9079db1086532_12,RJ/2025/0490334,PARSHAVANTH APARTMENT WELFARE SOCIETY,Society,COOP/2019/KOTA/100497,KOTA,Rajasthan,KOTA,NANTA ROAD KOTA,324008,,,,,2025-02-13T14:19:21,TRUE,
50970750300c40141185c235612f97e7_13,RJ/2022/0316139,100Medals targeted foundation,Section 8 Company,U85300RJ2021NPL077070,JAIPUR,Rajasthan,Jaipur,"Vatika Infotech City, Jaipur",302026,"Children, Education & Literacy, Sports",,,,2022-10-17T13:17:44,TRUE,
d0960ce0a80440141ed85043b0cb68c4_14,RJ/2023/0357633,11 DOCS FOUNDATION,Trust,2.02301E+14,ALWAR,Rajasthan,Bhiwadi,"Bhiwadi, Alwar",301019,Education & Literacy,,,,2023-09-23T16:24:01,TRUE,
40890060450640455037062d576c8fc0_15,RJ/2025/0572780,21 GAON SARV SAMAJ SEVA SAMITI,Society,COOP/2025/JODHPUR/500230,JODHPUR,Rajasthan,Jodhpur,"Shree Shankar Nagar, Jodhpur",342005,"Education & Literacy, Environment & Forests, Health & Family Welfare",,26.13574,73.02565,2025-03-26T11:46:13,FALSE,
e08808701e08403a2723d88196e32553_16,RJ/2024/0393362,360 DEGREE EDUCATION SOCIETY,Trust,COOP/2018/JAIPUR/102484,JAIPUR,Rajasthan,JAIPUR,"Sirsi Kunda, Jaipur",302041,Education & Literacy,,,,2024-06-18T11:32:38,TRUE,
f06102203f0f40455117f250751b8dc3_17,RJ/2025/0575583,4LEG CARE FOUNDATION,Section 8 Company,U85300RJ2021NPL073611,ALWAR,Rajasthan,Alwar,"Krishna Vihar, Alwar",301001,Animal Welfare,,,,2025-05-20T11:18:58,FALSE,
906108b0310e403128327c4df6c429e9_18,RJ/2024/0389214,9 KANYA SEVA FOUNDATION TRUST,Trust,2.02401E+14,JAIPUR,Rajasthan,JAIPUR,Pratap Nagar Amer Road Jaipur,302002,,,,,2024-02-09T18:14:53,TRUE,
70a706c09004402c3e42b076e7563e71_19,RJ/2025/0528670,A G MISSION SHIKSHAN SANSTHAN,Society,114/BIKANER/2007-08,BIKANER,Rajasthan,SRI DUNGARGARH,"Sri Dungargarh, Bikaner",331803,Education & Literacy,,,,2025-02-19T20:08:51,TRUE,
80d007406e0b40a40123b331e8f74db9_20,RJ/2017/0151899,A Hand For Help Development Society,Society,184/Jaipur/12-13,JAIPUR,Rajasthan,Jaipur,"Mansarover, Jaipur",302020,"Education & Literacy, Environment & Forests",,,,,TRUE,
00bc0760b704406920117d39e61697e4_21,RJ/2024/0402004,HEM SOCIAL FOUNDATION,Section 8 Company,U85500RJ2024NPL092903,JAIPUR,Rajasthan,Jaipur,"204, JAIPUR TOWER, OPPOSITE AIR, M. I. ROAD, Jaipur",302001,,,,,2024-04-30T15:55:31,TRUE,
80e10ad0da0a405d27c9079db1086532_22,RJ/2025/0490334,PARSHAVANTH APARTMENT WELFARE SOCIETY,Society,COOP/2019/KOTA/100497,KOTA,Rajasthan,KOTA,NANTA ROAD KOTA,324008,,,,,2025-02-13T14:19:21,TRUE,
50970750300c40141185c235612f97e7_23,RJ/2022/0316139,100Medals targeted foundation,Section 8 Company,U85300RJ2021NPL077070,JAIPUR,Rajasthan,Jaipur,"Vatika Infotech City, Jaipur",302026,"Children, Education & Literacy, Sports",,,,2022-10-17T13:17:44,TRUE,
d0960ce0a80440141ed85043b0cb68c4_24,RJ/2023/0357633,11 DOCS FOUNDATION,Trust,2.02301E+14,ALWAR,Rajasthan,Bhiwadi,"Bhiwadi, Alwar",301019,Education & Literacy,,,,2023-09-23T16:24:01,TRUE,
40890060450640455037062d576c8fc0_25,RJ/2025/0572780,21 GAON SARV SAMAJ SEVA SAMITI,Society,COOP/2025/JODHPUR/500230,JODHPUR,Rajasthan,Jodhpur,"Shree Shankar Nagar, Jodhpur",342005,"Education & Literacy, Environment & Forests, Health & Family Welfare",,26.13574,73.02565,2025-03-26T11:46:13,FALSE,
e08808701e08403a2723d88196e32553_26,RJ/2024/0393362,360 DEGREE EDUCATION SOCIETY,Trust,COOP/2018/JAIPUR/102484,JAIPUR,Rajasthan,JAIPUR,"Sirsi Kunda, Jaipur",302041,Education & Literacy,,,,2024-06-18T11:32:38,TRUE,
f06102203f0f40455117f250751b8dc3_27,RJ/2025/0575583,4LEG CARE FOUNDATION,Section 8 Company,U85300RJ2021NPL073611,ALWAR,Rajasthan,Alwar,"Krishna Vihar, Alwar",301001,Animal Welfare,,,,2025-05-20T11:18:58,FALSE,
906108b0310e403128327c4df6c429e9_28,RJ/2024/0389214,9 KANYA SEVA FOUNDATION TRUST,Trust,2.02401E+14,JAIPUR,Rajasthan,JAIPUR,Pratap Nagar Amer Road Jaipur,302002,,,,,2024-02-09T18:14:53,TRUE,
70a706c09004402c3e42b076e7563e71_29,RJ/2025/0528670,A G MISSION SHIKSHAN SANSTHAN,Society,114/BIKANER/2007-08,BIKANER,Rajasthan,SRI DUNGARGARH,"Sri Dungargarh, Bikaner",331803,Education & Literacy,,,,2025-02-19T20:08:51,TRUE,
80d007406e0b40a40123b331e8f74db9_30,RJ/2017/0151899,A Hand For Help Development Society,Society,184/Jaipur/12-13,JAIPUR,Rajasthan,Jaipur,"Mansarover, Jaipur",302020,"Education & Literacy, Environment & Forests",,,,,TRUE,
00bc0760b704406920117d39e61697e4_31,RJ/2024/0402004,HEM SOCIAL FOUNDATION,Section 8 Company,U85500RJ2024NPL092903,JAIPUR,Rajasthan,Jaipur,"204, JAIPUR TOWER, OPPOSITE AIR, M. I. ROAD, Jaipur",302001,,,,,2024-04-30T15:55:31,TRUE,
80e10ad0da0a405d27c9079db1086532_32,RJ/2025/0490334,PARSHAVANTH APARTMENT WELFARE SOCIETY,Society,COOP/2019/KOTA/100497,KOTA,Rajasthan,KOTA,NANTA ROAD KOTA,324008,,,,,2025-02-13T14:19:21,TRUE,
50970750300c40141185c235612f97e7_33,RJ/2022/0316139,100Medals targeted foundation,Section 8 Company,U85300RJ2021NPL077070,JAIPUR,Rajasthan,Jaipur,"Vatika Infotech City, Jaipur",302026,"Children, Education & Literacy, Sports",,,,2022-10-17T13:17:44,TRUE,
d0960ce0a80440141ed85043b0cb68c4_34,RJ/2023/0357633,11 DOCS FOUNDATION,Trust,2.02301E+14,ALWAR,Rajasthan,Bhiwadi,"Bhiwadi, Alwar",301019,Education & Literacy,,,,2023-09-23T16:24:01,TRUE,
40890060450640455037062d576c8fc0_35,RJ/2025/0572780,21 GAON SARV SAMAJ SEVA SAMITI,Society,COOP/2025/JODHPUR/500230,JODHPUR,Rajasthan,Jodhpur,"Shree Shankar Nagar, Jodhpur",342005,"Education & Literacy, Environment & Forests, Health & Family Welfare",,26.13574,73.02565,2025-03-26T11:46:13,FALSE,
e08808701e08403a2723d88196e32553_36,RJ/2024/0393362,360 DEGREE EDUCATION SOCIETY,Trust,COOP/2018/JAIPUR/102484,JAIPUR,Rajasthan,JAIPUR,"Sirsi Kunda, Jaipur",302041,Education & Literacy,,,,2024-06-18T11:32:38,TRUE,
f06102203f0f40455117f250751b8dc3_37,RJ/2025/0575583,4LEG CARE FOUNDATION,Section 8 Company,U85300RJ2021NPL073611,ALWAR,Rajasthan,Alwar,"Krishna Vihar, Alwar",301001,Animal Welfare,,,,2025-05-20T11:18:58,FALSE,
906108b0310e403128327c4df6c429e9_38,RJ/2024/0389214,9 KANYA SEVA FOUNDATION TRUST,Trust,2.02401E+14,JAIPUR,Rajasthan,JAIPUR,Pratap Nagar Amer Road Jaipur,302002,,,,,2024-02-09T18:14:53,TRUE,
70a706c09004402c3e42b076e7563e71_39,RJ/2025/0528670,A G MISSION SHIKSHAN SANSTHAN,Society,114/BIKANER/2007-08,BIKANER,Rajasthan,SRI DUNGARGARH,"Sri Dungargarh, Bikaner",331803,Education & Literacy,,,,2025-02-19T20:08:51,TRUE,
80d007406e0b40a40123b331e8f74db9_40,RJ/2017/0151899,A Hand For Help Development Society,Society,184/Jaipur/12-13,JAIPUR,Rajasthan,Jaipur,"Mansarover, Jaipur",302020,"Education & Literacy, Environment & Forests",,,,,TRUE,
00bc0760b704406920117d39e61697e4_41,RJ/2024/0402004,HEM SOCIAL FOUNDATION,Section 8 Company,U85500RJ2024NPL092903,JAIPUR,Rajasthan,Jaipur,"204, JAIPUR TOWER, OPPOSITE AIR, M. I. ROAD, Jaipur",302001,,,,,2024-04-30T15:55:31,TRUE,
80e10ad0da0a405d27c9079db1086532_42,RJ/2025/0490334,PARSHAVANTH APARTMENT WELFARE SOCIETY,Society,COOP/2019/KOTA/100497,KOTA,Rajasthan,KOTA,NANTA ROAD KOTA,324008,,,,,2025-02-13T14:19:21,TRUE,
50970750300c40141185c235612f97e7_43,RJ/2022/0316139,100Medals targeted foundation,Section 8 Company,U85300RJ2021NPL077070,JAIPUR,Rajasthan,Jaipur,"Vatika Infotech City, Jaipur",302026,"Children, Education & Literacy, Sports",,,,2022-10-17T13:17:44,TRUE,
d0960ce0a80440141ed85043b0cb68c4_44,RJ/2023/0357633,11 DOCS FOUNDATION,Trust,2.02301E+14,ALWAR,Rajasthan,Bhiwadi,"Bhiwadi, Alwar",301019,Education & Literacy,,,,2023-09-23T16:24:01,TRUE,
40890060450640455037062d576c8fc0_45,RJ/2025/0572780,21 GAON SARV SAMAJ SEVA SAMITI,Society,COOP/2025/JODHPUR/500230,JODHPUR,Rajasthan,Jodhpur,"Shree Shankar Nagar, Jodhpur",342005,"Education & Literacy, Environment & Forests, Health & Family Welfare",,26.13574,73.02565,2025-03-26T11:46:13,FALSE,
e08808701e08403a2723d88196e32553_46,RJ/2024/0393362,360 DEGREE EDUCATION SOCIETY,Trust,COOP/2018/JAIPUR/102484,JAIPUR,Rajasthan,JAIPUR,"Sirsi Kunda, Jaipur",302041,Education & Literacy,,,,2024-06-18T11:32:38,TRUE,
f06102203f0f40455117f250751b8dc3_47,RJ/2025/0575583,4LEG CARE FOUNDATION,Section 8 Company,U85300RJ2021NPL073611,ALWAR,Rajasthan,Alwar,"Krishna Vihar, Alwar",301001,Animal Welfare,,,,2025-05-20T11:18:58,FALSE,
906108b0310e403128327c4df6c429e9_48,RJ/2024/0389214,9 KANYA SEVA FOUNDATION TRUST,Trust,2.02401E+14,JAIPUR,Rajasthan,JAIPUR,Pratap Nagar Amer Road Jaipur,302002,,,,,2024-02-09T18:14:53,TRUE,
70a706c09004402c3e42b076e7563e71_49,RJ/2025/0528670,A G MISSION SHIKSHAN SANSTHAN,Society,114/BIKANER/2007-08,BIKANER,Rajasthan,SRI DUNGARGARH,"Sri Dungargarh, Bikaner",331803,Education & Literacy,,,,2025-02-19T20:08:51,TRUE,
80d007406e0b40a40123b331e8f74db9_50,RJ/2017/0151899,A Hand For Help Development Society,Society,184/Jaipur/12-13,JAIPUR,Rajasthan,Jaipur,"Mansarover, Jaipur",302020,"Education & Literacy, Environment & Forests",,,,,TRUE,
00bc0760b704406920117d39e61697e4_51,RJ/2024/0402004,HEM SOCIAL FOUNDATION,Section 8 Company,U85500RJ2024NPL092903,JAIPUR,Rajasthan,Jaipur,"204, JAIPUR TOWER, OPPOSITE AIR, M. I. ROAD, Jaipur",302001,,,,,2024-04-30T15:55:31,TRUE,
80e10ad0da0a405d27c9079db1086532_52,RJ/2025/0490334,PARSHAVANTH APARTMENT WELFARE SOCIETY,Society,COOP/2019/KOTA/100497,KOTA,Rajasthan,KOTA,NANTA ROAD KOTA,324008,,,,,2025-02-13T14:19:21,TRUE,
50970750300c40141185c235612f97e7_53,RJ/2022/0316139,100Medals targeted foundation,Section 8 Company,U85300RJ2021NPL077070,JAIPUR,Rajasthan,Jaipur,"Vatika Infotech City, Jaipur",302026,"Children, Education & Literacy, Sports",,,,2022-10-17T13:17:44,TRUE,
d0960ce0a80440141ed85043b0cb68c4_54,RJ/2023/0357633,11 DOCS FOUNDATION,Trust,2.02301E+14,ALWAR,Rajasthan,Bhiwadi,"Bhiwadi, Alwar",301019,Education & Literacy,,,,2023-09-23T16:24:01,TRUE,
40890060450640455037062d576c8fc0_55,RJ/2025/0572780,21 GAON SARV SAMAJ SEVA SAMITI,Society,COOP/2025/JODHPUR/500230,JODHPUR,Rajasthan,Jodhpur,"Shree Shankar Nagar, Jodhpur",342005,"Education & Literacy, Environment & Forests, Health & Family Welfare",,26.13574,73.02565,2025-03-26T11:46:13,FALSE,
e08808701e08403a2723d88196e32553_56,RJ/2024/0393362,360 DEGREE EDUCATION SOCIETY,Trust,COOP/2018/JAIPUR/102484,JAIPUR,Rajasthan,JAIPUR,"Sirsi Kunda, Jaipur",302041,Education & Literacy,,,,2024-06-18T11:32:38,TRUE,
f06102203f0f40455117f250751b8dc3_57,RJ/2025/0575583,4LEG CARE FOUNDATION,Section 8 Company,U85300RJ2021NPL073611,ALWAR,Rajasthan,Alwar,"Krishna Vihar, Alwar",301001,Animal Welfare,,,,2025-05-20T11:18:58,FALSE,
906108b0310e403128327c4df6c429e9_58,RJ/2024/0389214,9 KANYA SEVA FOUNDATION TRUST,Trust,2.02401E+14,JAIPUR,Rajasthan,JAIPUR,Pratap Nagar Amer Road Jaipur,302002,,,,,2024-02-09T18:14:53,TRUE,
70a706c09004402c3e42b076e7563e71_59,RJ/2025/0528670,A G MISSION SHIKSHAN SANSTHAN,Society,114/BIKANER/2007-08,BIKANER,Rajasthan,SRI DUNGARGARH,"Sri Dungargarh, Bikaner",331803,Education & Literacy,,,,2025-02-19T20:08:51,TRUE,
80d007406e0b40a40123b331e8f74db9_60,RJ/2017/0151899,A Hand For Help Development Society,Society,184/Jaipur/12-13,JAIPUR,Rajasthan,Jaipur,"Mansarover, Jaipur",302020,"Education & Literacy, Environment & Forests",,,,,TRUE,
00bc0760b704406920117d39e61697e4_61,RJ/2024/0402004,HEM SOCIAL FOUNDATION,Section 8 Company,U85500RJ2024NPL092903,JAIPUR,Rajasthan,Jaipur,"204, JAIPUR TOWER, OPPOSITE AIR, M. I. ROAD, Jaipur",302001,,,,,2024-04-30T15:55:31,TRUE,
80e10ad0da0a405d27c9079db1086532_62,RJ/2025/0490334,PARSHAVANTH APARTMENT WELFARE SOCIETY,Society,COOP/2019/KOTA/100497,KOTA,Rajasthan,KOTA,NANTA ROAD KOTA,324008,,,,,2025-02-13T14:19:21,TRUE,
50970750300c40141185c235612f97e7_63,RJ/2022/0316139,100Medals targeted foundation,Section 8 Company,U85300RJ2021NPL077070,JAIPUR,Rajasthan,Jaipur,"Vatika Infotech City, Jaipur",302026,"Children, Education & Literacy, Sports",,,,2022-10-17T13:17:44,TRUE,
d0960ce0a80440141ed85043b0cb68c4_64,RJ/2023/0357633,11 DOCS FOUNDATION,Trust,2.02301E+14,ALWAR,Rajasthan,Bhiwadi,"Bhiwadi, Alwar",301019,Education & Literacy,,,,2023-09-23T16:24:01,TRUE,
40890060450640455037062d576c8fc0_65,RJ/2025/0572780,21 GAON SARV SAMAJ SEVA SAMITI,Society,COOP/2025/JODHPUR/500230,JODHPUR,Rajasthan,Jodhpur,"Shree Shankar Nagar, Jodhpur",342005,"Education & Literacy, Environment & Forests, Health & Family Welfare",,26.13574,73.02565,2025-03-26T11:46:13,FALSE,
e08808701e08403a2723d88196e32553_66,RJ/2024/0393362,360 DEGREE EDUCATION SOCIETY,Trust,COOP/2018/JAIPUR/102484,JAIPUR,Rajasthan,JAIPUR,"Sirsi Kunda, Jaipur",302041,Education & Literacy,,,,2024-06-18T11:32:38,TRUE,
f06102203f0f40455117f250751b8dc3_67,RJ/2025/0575583,4LEG CARE FOUNDATION,Section 8 Company,U85300RJ2021NPL073611,ALWAR,Rajasthan,Alwar,"Krishna Vihar, Alwar",301001,Animal Welfare,,,,2025-05-20T11:18:58,FALSE,
906108b0310e403128327c4df6c429e9_68,RJ/2024/0389214,9 KANYA SEVA FOUNDATION TRUST,Trust,2.02401E+14,JAIPUR,Rajasthan,JAIPUR,Pratap Nagar Amer Road Jaipur,302002,,,,,2024-02-09T18:14:53,TRUE,
70a706c09004402c3e42b076e7563e71_69,RJ/2025/0528670,A G MISSION SHIKSHAN SANSTHAN,Society,114/BIKANER/2007-08,BIKANER,Rajasthan,SRI DUNGARGARH,"Sri Dungargarh, Bikaner",331803,Education & Literacy,,,,2025-02-19T20:08:51,TRUE,
80d007406e0b40a40123b331e8f74db9_70,RJ/2017/0151899,A Hand For Help Development Society,Society,184/Jaipur/12-13,JAIPUR,Rajasthan,Jaipur,"Mansarover, Jaipur",302020,"Education & Literacy, Environment & Forests",,,,,TRUE,
00bc0760b704406920117d39e61697e4_71,RJ/2024/0402004,HEM SOCIAL FOUNDATION,Section 8 Company,U85500RJ2024NPL092903,JAIPUR,Rajasthan,Jaipur,"204, JAIPUR TOWER, OPPOSITE AIR, M. I. ROAD, Jaipur",302001,,,,,2024-04-30T15:55:31,TRUE,
80e10ad0da0a405d27c9079db1086532_72,RJ/2025/0490334,PARSHAVANTH APARTMENT WELFARE SOCIETY,Society,COOP/2019/KOTA/100497,KOTA,Rajasthan,KOTA,NANTA ROAD KOTA,324008,,,,,2025-02-13T14:19:21,TRUE,
50970750300c40141185c235612f97e7_73,RJ/2022/0316139,100Medals targeted foundation,Section 8 Company,U85300RJ2021NPL077070,JAIPUR,Rajasthan,Jaipur,"Vatika Infotech City, Jaipur",302026,"Children, Education & Literacy, Sports",,,,2022-10-17T13:17:44,TRUE,
d0960ce0a80440141ed85043b0cb68c4_74,RJ/2023/0357633,11 DOCS FOUNDATION,Trust,2.02301E+14,ALWAR,Rajasthan,Bhiwadi,"Bhiwadi, Alwar",301019,Education & Literacy,,,,2023-09-23T16:24:01,TRUE,
40890060450640455037062d576c8fc0_75,RJ/2025/0572780,21 GAON SARV SAMAJ SEVA SAMITI,Society,COOP/2025/JODHPUR/500230,JODHPUR,Rajasthan,Jodhpur,"Shree Shankar Nagar, Jodhpur",342005,"Education & Literacy, Environment & Forests, Health & Family Welfare",,26.13574,73.02565,2025-03-26T11:46:13,FALSE,
e08808701e08403a2723d88196e32553_76,RJ/2024/0393362,360 DEGREE EDUCATION SOCIETY,Trust,COOP/2018/JAIPUR/102484,JAIPUR,Rajasthan,JAIPUR,"Sirsi Kunda, Jaipur",302041,Education & Literacy,,,,2024-06-18T11:32:38,TRUE,
f06102203f0f40455117f250751b8dc3_77,RJ/2025/0575583,4LEG CARE FOUNDATION,Section 8 Company,U85300RJ2021NPL073611,ALWAR,Rajasthan,Alwar,"Krishna Vihar, Alwar",301001,Animal Welfare,,,,2025-05-20T11:18:58,FALSE,
906108b0310e403128327c4df6c429e9_78,RJ/2024/0389214,9 KANYA SEVA FOUNDATION TRUST,Trust,2.02401E+14,JAIPUR,Rajasthan,JAIPUR,Pratap Nagar Amer Road Jaipur,302002,,,,,2024-02-09T18:14:53,TRUE,
70a706c09004402c3e42b076e7563e71_79,RJ/2025/0528670,A G MISSION SHIKSHAN SANSTHAN,Society,114/BIKANER/2007-08,BIKANER,Rajasthan,SRI DUNGARGARH,"Sri Dungargarh, Bikaner",331803,Education & Literacy,,,,2025-02-19T20:08:51,TRUE,
80d007406e0b40a40123b331e8f74db9_80,RJ/2017/0151899,A Hand For Help Development Society,Society,184/Jaipur/12-13,JAIPUR,Rajasthan,Jaipur,"Mansarover, Jaipur",302020,"Education & Literacy, Environment & Forests",,,,,TRUE,
00bc0760b704406920117d39e61697e4_81,RJ/2024/0402004,HEM SOCIAL FOUNDATION,Section 8 Company,U85500RJ2024NPL092903,JAIPUR,Rajasthan,Jaipur,"204, JAIPUR TOWER, OPPOSITE AIR, M. I. ROAD, Jaipur",302001,,,,,2024-04-30T15:55:31,TRUE,
80e10ad0da0a405d27c9079db1086532_82,RJ/2025/0490334,PARSHAVANTH APARTMENT WELFARE SOCIETY,Society,COOP/2019/KOTA/100497,KOTA,Rajasthan,KOTA,NANTA ROAD KOTA,324008,,,,,2025-02-13T14:19:21,TRUE,
50970750300c40141185c235612f97e7_83,RJ/2022/0316139,100Medals targeted foundation,Section 8 Company,U85300RJ2021NPL077070,JAIPUR,Rajasthan,Jaipur,"Vatika Infotech City, Jaipur",302026,"Children, Education & Literacy, Sports",,,,2022-10-17T13:17:44,TRUE,
d0960ce0a80440141ed85043b0cb68c4_84,RJ/2023/0357633,11 DOCS FOUNDATION,Trust,2.02301E+14,ALWAR,Rajasthan,Bhiwadi,"Bhiwadi, Alwar",301019,Education & Literacy,,,,2023-09-23T16:24:01,TRUE,
40890060450640455037062d576c8fc0_85,RJ/2025/0572780,21 GAON SARV SAMAJ SEVA SAMITI,Society,COOP/2025/JODHPUR/500230,JODHPUR,Rajasthan,Jodhpur,"Shree Shankar Nagar, Jodhpur",342005,"Education & Literacy, Environment & Forests, Health & Family Welfare",,26.13574,73.02565,2025-03-26T11:46:13,FALSE,
e08808701e08403a2723d88196e32553_86,RJ/2024/0393362,360 DEGREE EDUCATION SOCIETY,Trust,COOP/2018/JAIPUR/102484,JAIPUR,Rajasthan,JAIPUR,"Sirsi Kunda, Jaipur",302041,Education & Literacy,,,,2024-06-18T11:32:38,TRUE,
f06102203f0f40455117f250751b8dc3_87,RJ/2025/0575583,4LEG CARE FOUNDATION,Section 8 Company,U85300RJ2021NPL073611,ALWAR,Rajasthan,Alwar,"Krishna Vihar, Alwar",301001,Animal Welfare,,,,2025-05-20T11:18:58,FALSE,
906108b0310e403128327c4df6c429e9_88,RJ/2024/0389214,9 KANYA SEVA FOUNDATION TRUST,Trust,2.02401E+14,JAIPUR,Rajasthan,JAIPUR,Pratap Nagar Amer Road Jaipur,302002,,,,,2024-02-09T18:14:53,TRUE,
70a706c09004402c3e42b076e7563e71_89,RJ/2025/0528670,A G MISSION SHIKSHAN SANSTHAN,Society,114/BIKANER/2007-08,BIKANER,Rajasthan,SRI DUNGARGARH,"Sri Dungargarh, Bikaner",331803,Education & Literacy,,,,2025-02-19T20:08:51,TRUE,
80d007406e0b40a40123b331e8f74db9_90,RJ/2017/0151899,A Hand For Help Development Society,Society,184/Jaipur/12-13,JAIPUR,Rajasthan,Jaipur,"Mansarover, Jaipur",302020,"Education & Literacy, Environment & Forests",,,,,TRUE,
00bc0760b704406920117d39e61697e4_91,RJ/2024/0402004,HEM SOCIAL FOUNDATION,Section 8 Company,U85500RJ2024NPL092903,JAIPUR,Rajasthan,Jaipur,"204, JAIPUR TOWER, OPPOSITE AIR, M. I. ROAD, Jaipur",302001,,,,,2024-04-30T15:55:31,TRUE,
80e10ad0da0a405d27c9079db1086532_92,RJ/2025/0490334,PARSHAVANTH APARTMENT WELFARE SOCIETY,Society,COOP/2019/KOTA/100497,KOTA,Rajasthan,KOTA,NANTA ROAD KOTA,324008,,,,,2025-02-13T14:19:21,TRUE,
50970750300c40141185c235612f97e7_93,RJ/2022/0316139,100Medals targeted foundation,Section 8 Company,U85300RJ2021NPL077070,JAIPUR,Rajasthan,Jaipur,"Vatika Infotech City, Jaipur",302026,"Children, Education & Literacy, Sports",,,,2022-10-17T13:17:44,TRUE,
d0960ce0a80440141ed85043b0cb68c4_94,RJ/2023/0357633,11 DOCS FOUNDATION,Trust,2.02301E+14,ALWAR,Rajasthan,Bhiwadi,"Bhiwadi, Alwar",301019,Education & Literacy,,,,2023-09-23T16:24:01,TRUE,
40890060450640455037062d576c8fc0_95,RJ/2025/0572780,21 GAON SARV SAMAJ SEVA SAMITI,Society,COOP/2025/JODHPUR/500230,JODHPUR,Rajasthan,Jodhpur,"Shree Shankar Nagar, Jodhpur",342005,"Education & Literacy, Environment & Forests, Health & Family Welfare",,26.13574,73.02565,2025-03-26T11:46:13,FALSE,
e08808701e08403a2723d88196e32553_96,RJ/2024/0393362,360 DEGREE EDUCATION SOCIETY,Trust,COOP/2018/JAIPUR/102484,JAIPUR,Rajasthan,JAIPUR,"Sirsi Kunda, Jaipur",302041,Education & Literacy,,,,2024-06-18T11:32:38,TRUE,
f06102203f0f40455117f250751b8dc3_97,RJ/2025/0575583,4LEG CARE FOUNDATION,Section 8 Company,U85300RJ2021NPL073611,ALWAR,Rajasthan,Alwar,"Krishna Vihar, Alwar",301001,Animal Welfare,,,,2025-05-20T11:18:58,FALSE,
906108b0310e403128327c4df6c429e9_98,RJ/2024/0389214,9 KANYA SEVA FOUNDATION TRUST,Trust,2.02401E+14,JAIPUR,Rajasthan,JAIPUR,Pratap Nagar Amer Road Jaipur,302002,,,,,2024-02-09T18:14:53,TRUE,
70a706c09004402c3e42b076e7563e71_99,RJ/2025/0528670,A G MISSION SHIKSHAN SANSTHAN,Society,114/BIKANER/2007-08,BIKANER,Rajasthan,SRI DUNGARGARH,"Sri Dungargarh, Bikaner",331803,Education & Literacy,,,,2025-02-19T20:08:51,TRUE,
80d007406e0b40a40123b331e8f74db9_100,RJ/2017/0151899,A Hand For Help Development Society,Society,184/Jaipur/12-13,JAIPUR,Rajasthan,Jaipur,"Mansarover, Jaipur",302020,"Education & Literacy, Environment & Forests",,,,,TRUE,
40000c60300540fb1c405f07208c1f65_1,SK/2020/0251541,Aarigaon Sanskrit Pathsala Managing Committee,Society,1560/LD/2006,GYALSHING,Sikkim,Gyalshing,"Yangthang Block, Aarigaon, PO Langang, Gyalshing, West Sikkim- 737111",737111,Education & Literacy,,,,2020-07-22T19:19:29,TRUE,
a07c0050650940c67cc5e65b08ab9975_2,SK/2025/0755895,ADAMPOOL SHAYOG SAMAJ,Society,3530,GANGTOK,Sikkim,Gangtok,S T P ADAMPOOL PO ADAMPOOL PS RANIPOOL GANGTOK SIKKIM 737102,737102,"Agriculture, Education & Literacy, Health & Family Welfare",,,,2025-08-01T11:54:17,FALSE,
609f01902b0340e422c2cf6b27644a50_3,SK/2024/0389758,ALL SIKKIM EX PARAMILITARY AND FAMILY WELFARE ASSOCIATION,Trust,E21/LUP/3356,GANGTOK,Sikkim,Gangtok,"RESHITHANG, LOWER PERBING",737102,"Skill Development, Sports, Youth Affairs",,,,2024-02-12T11:42:46,TRUE,
90cf03400f06405e50e8054167c04c14_4,SK/2025/0584744,DENTAM TOURISM DEVELOPMENT SOCIETY,Society,E21/DNT/3536,GYALSHING,Sikkim,Dentam,"Dentam Bazar, West Sikkim",737113,"Skill Development, Tourism, Women's Development & Empowerment",,27.261436,88.139004,2025-04-02T12:48:24,FALSE,
50ae07d0360e40566162933be8e35df3_5,SK/2025/0623853,Himalayan Zoological Park Society of Sikkim,Section 8 Company,E21/Gtk/2456,GANGTOK,Sikkim,Gangtok,"Himalayan Zoological Park, Bulbulay, Gangtok, Sikkim , India",737101,"Animal Welfare, Environment & Forests",,27.34196,88.62127,2025-05-15T15:42:00,FALSE,
10a905504c01401e7d48a838352121e7_6,SK/2025/0783527,MAHA KARUNA CHARITABLE TRUST,Trust,11111437,GANGTOK,Sikkim,Gangtok,"Near IHM Sazong, Rumtek, Gangtok, East Sikkim, 737135",737135,Education & Literacy,,,,2025-09-06T19:21:40,FALSE,
e0960ce0500d401454b7d42b423c7b64_7,SK/2025/0572274,KHANDRO-SANGPHUG TRUST,Society,11111434,GANGTOK,Sikkim,Gangtok,Gonjang Ogyen Do Ngak Choekorling Monastery Bojoghari Gangtok,737103,"Aged/Elderly, Agriculture, Animal Welfare",,27.369207,88.613322,2025-04-04T10:53:10,FALSE,
205a0d70e10040d386b7074d85ce2261_8,SK/2025/0874521,Enlighten Academy,Society,31/S/E/2009,GANGTOK,Sikkim,Gangtok,"Taktse,Bojoghari, Gangtok, 737103",737103,"Children, Education & Literacy",,,,2025-11-06T16:23:07,FALSE,
702e00c0130f407007910533727e3ed7_9,SK/2014/0078455,Himalayan Educational Society,Society,1436,NAMCHI,Sikkim,Temi,"Temi/Bermiok Daring, Namchi District",737134,"Agriculture, Education & Literacy, Health & Family Welfare",,,,2018-07-04T07:43:41,TRUE,
50be04d0a30e404c1161c491454104b2_10,SK/2021/0288200,Hope Foundation,Society,E21/RWR/2748,GANGTOK,Sikkim,Gangtok,"Sazong Rumtek,P.O. Rawtey Rumtek",737135,"Education & Literacy, Environment & Forests",,,,2022-04-10T10:32:10,TRUE,
40000c60300540fb1c405f07208c1f65_11,SK/2020/0251541,Aarigaon Sanskrit Pathsala Managing Committee,Society,1560/LD/2006,GYALSHING,Sikkim,Gyalshing,"Yangthang Block, Aarigaon, PO Langang, Gyalshing, West Sikkim- 737111",737111,Education & Literacy,,,,2020-07-22T19:19:29,TRUE,
a07c0050650940c67cc5e65b08ab9975_12,SK/2025/0755895,ADAMPOOL SHAYOG SAMAJ,Society,3530,GANGTOK,Sikkim,Gangtok,S T P ADAMPOOL PO ADAMPOOL PS RANIPOOL GANGTOK SIKKIM 737102,737102,"Agriculture, Education & Literacy, Health & Family Welfare",,,,2025-08-01T11:54:17,FALSE,
609f01902b0340e422c2cf6b27644a50_13,SK/2024/0389758,ALL SIKKIM EX PARAMILITARY AND FAMILY WELFARE ASSOCIATION,Trust,E21/LUP/3356,GANGTOK,Sikkim,Gangtok,"RESHITHANG, LOWER PERBING",737102,"Skill Development, Sports, Youth Affairs",,,,2024-02-12T11:42:46,TRUE,
90cf03400f06405e50e8054167c04c14_14,SK/2025/0584744,DENTAM TOURISM DEVELOPMENT SOCIETY,Society,E21/DNT/3536,GYALSHING,Sikkim,Dentam,"Dentam Bazar, West Sikkim",737113,"Skill Development, Tourism, Women's Development & Empowerment",,27.261436,88.139004,2025-04-02T12:48:24,FALSE,
50ae07d0360e40566162933be8e35df3_15,SK/2025/0623853,Himalayan Zoological Park Society of Sikkim,Section 8 Company,E21/Gtk/2456,GANGTOK,Sikkim,Gangtok,"Himalayan Zoological Park, Bulbulay, Gangtok, Sikkim , India",737101,"Animal Welfare, Environment & Forests",,27.34196,88.62127,2025-05-15T15:42:00,FALSE,
10a905504c01401e7d48a838352121e7_16,SK/2025/0783527,MAHA KARUNA CHARITABLE TRUST,Trust,11111437,GANGTOK,Sikkim,Gangtok,"Near IHM Sazong, Rumtek, Gangtok, East Sikkim, 737135",737135,Education & Literacy,,,,2025-09-06T19:21:40,FALSE,
e0960ce0500d401454b7d42b423c7b64_17,SK/2025/0572274,KHANDRO-SANGPHUG TRUST,Society,11111434,GANGTOK,Sikkim,Gangtok,Gonjang Ogyen Do Ngak Choekorling Monastery Bojoghari Gangtok,737103,"Aged/Elderly, Agriculture, Animal Welfare",,27.369207,88.613322,2025-04-04T10:53:10,FALSE,
205a0d70e10040d386b7074d85ce2261_18,SK/2025/0874521,Enlighten Academy,Society,31/S/E/2009,GANGTOK,Sikkim,Gangtok,"Taktse,Bojoghari, Gangtok, 737103",737103,"Children, Education & Literacy",,,,2025-11-06T16:23:07,FALSE,
702e00c0130f407007910533727e3ed7_19,SK/2014/0078455,Himalayan Educational Society,Society,1436,NAMCHI,Sikkim,Temi,"Temi/Bermiok Daring, Namchi District",737134,"Agriculture, Education & Literacy, Health & Family Welfare",,,,2018-07-04T07:43:41,TRUE,
50be04d0a30e404c1161c491454104b2_20,SK/2021/0288200,Hope Foundation,Society,E21/RWR/2748,GANGTOK,Sikkim,Gangtok,"Sazong Rumtek,P.O. Rawtey Rumtek",737135,"Education & Literacy, Environment & Forests",,,,2022-04-10T10:32:10,TRUE,
40000c60300540fb1c405f07208c1f65_21,SK/2020/0251541,Aarigaon Sanskrit Pathsala Managing Committee,Society,1560/LD/2006,GYALSHING,Sikkim,Gyalshing,"Yangthang Block, Aarigaon, PO Langang, Gyalshing, West Sikkim- 737111",737111,Education & Literacy,,,,2020-07-22T19:19:29,TRUE,
a07c0050650940c67cc5e65b08ab9975_22,SK/2025/0755895,ADAMPOOL SHAYOG SAMAJ,Society,3530,GANGTOK,Sikkim,Gangtok,S T P ADAMPOOL PO ADAMPOOL PS RANIPOOL GANGTOK SIKKIM 737102,737102,"Agriculture, Education & Literacy, Health & Family Welfare",,,,2025-08-01T11:54:17,FALSE,
609f01902b0340e422c2cf6b27644a50_23,SK/2024/0389758,ALL SIKKIM EX PARAMILITARY AND FAMILY WELFARE ASSOCIATION,Trust,E21/LUP/3356,GANGTOK,Sikkim,Gangtok,"RESHITHANG, LOWER PERBING",737102,"Skill Development, Sports, Youth Affairs",,,,2024-02-12T11:42:46,TRUE,
90cf03400f06405e50e8054167c04c14_24,SK/2025/0584744,DENTAM TOURISM DEVELOPMENT SOCIETY,Society,E21/DNT/3536,GYALSHING,Sikkim,Dentam,"Dentam Bazar, West Sikkim",737113,"Skill Development, Tourism, Women's Development & Empowerment",,27.261436,88.139004,2025-04-02T12:48:24,FALSE,
50ae07d0360e40566162933be8e35df3_25,SK/2025/0623853,Himalayan Zoological Park Society of Sikkim,Section 8 Company,E21/Gtk/2456,GANGTOK,Sikkim,Gangtok,"Himalayan Zoological Park, Bulbulay, Gangtok, Sikkim , India",737101,"Animal Welfare, Environment & Forests",,27.34196,88.62127,2025-05-15T15:42:00,FALSE,
10a905504c01401e7d48a838352121e7_26,SK/2025/0783527,MAHA KARUNA CHARITABLE TRUST,Trust,11111437,GANGTOK,Sikkim,Gangtok,"Near IHM Sazong, Rumtek, Gangtok, East Sikkim, 737135",737135,Education & Literacy,,,,2025-09-06T19:21:40,FALSE,
e0960ce0500d401454b7d42b423c7b64_27,SK/2025/0572274,KHANDRO-SANGPHUG TRUST,Society,11111434,GANGTOK,Sikkim,Gangtok,Gonjang Ogyen Do Ngak Choekorling Monastery Bojoghari Gangtok,737103,"Aged/Elderly, Agriculture, Animal Welfare",,27.369207,88.613322,2025-04-04T10:53:10,FALSE,
205a0d70e10040d386b7074d85ce2261_28,SK/2025/0874521,Enlighten Academy,Society,31/S/E/2009,GANGTOK,Sikkim,Gangtok,"Taktse,Bojoghari, Gangtok, 737103",737103,"Children, Education & Literacy",,,,2025-11-06T16:23:07,FALSE,
702e00c0130f407007910533727e3ed7_29,SK/2014/0078455,Himalayan Educational Society,Society,1436,NAMCHI,Sikkim,Temi,"Temi/Bermiok Daring, Namchi District",737134,"Agriculture, Education & Literacy, Health & Family Welfare",,,,2018-07-04T07:43:41,TRUE,
50be04d0a30e404c1161c491454104b2_30,SK/2021/0288200,Hope Foundation,Society,E21/RWR/2748,GANGTOK,Sikkim,Gangtok,"Sazong Rumtek,P.O. Rawtey Rumtek",737135,"Education & Literacy, Environment & Forests",,,,2022-04-10T10:32:10,TRUE,
40000c60300540fb1c405f07208c1f65_31,SK/2020/0251541,Aarigaon Sanskrit Pathsala Managing Committee,Society,1560/LD/2006,GYALSHING,Sikkim,Gyalshing,"Yangthang Block, Aarigaon, PO Langang, Gyalshing, West Sikkim- 737111",737111,Education & Literacy,,,,2020-07-22T19:19:29,TRUE,
a07c0050650940c67cc5e65b08ab9975_32,SK/2025/0755895,ADAMPOOL SHAYOG SAMAJ,Society,3530,GANGTOK,Sikkim,Gangtok,S T P ADAMPOOL PO ADAMPOOL PS RANIPOOL GANGTOK SIKKIM 737102,737102,"Agriculture, Education & Literacy, Health & Family Welfare",,,,2025-08-01T11:54:17,FALSE,
609f01902b0340e422c2cf6b27644a50_33,SK/2024/0389758,ALL SIKKIM EX PARAMILITARY AND FAMILY WELFARE ASSOCIATION,Trust,E21/LUP/3356,GANGTOK,Sikkim,Gangtok,"RESHITHANG, LOWER PERBING",737102,"Skill Development, Sports, Youth Affairs",,,,2024-02-12T11:42:46,TRUE,
90cf03400f06405e50e8054167c04c14_34,SK/2025/0584744,DENTAM TOURISM DEVELOPMENT SOCIETY,Society,E21/DNT/3536,GYALSHING,Sikkim,Dentam,"Dentam Bazar, West Sikkim",737113,"Skill Development, Tourism, Women's Development & Empowerment",,27.261436,88.139004,2025-04-02T12:48:24,FALSE,
50ae07d0360e40566162933be8e35df3_35,SK/2025/0623853,Himalayan Zoological Park Society of Sikkim,Section 8 Company,E21/Gtk/2456,GANGTOK,Sikkim,Gangtok,"Himalayan Zoological Park, Bulbulay, Gangtok, Sikkim , India",737101,"Animal Welfare, Environment & Forests",,27.34196,88.62127,2025-05-15T15:42:00,FALSE,
10a905504c01401e7d48a838352121e7_36,SK/2025/0783527,MAHA KARUNA CHARITABLE TRUST,Trust,11111437,GANGTOK,Sikkim,Gangtok,"Near IHM Sazong, Rumtek, Gangtok, East Sikkim, 737135",737135,Education & Literacy,,,,2025-09-06T19:21:40,FALSE,
e0960ce0500d401454b7d42b423c7b64_37,SK/2025/0572274,KHANDRO-SANGPHUG TRUST,Society,11111434,GANGTOK,Sikkim,Gangtok,Gonjang Ogyen Do Ngak Choekorling Monastery Bojoghari Gangtok,737103,"Aged/Elderly, Agriculture, Animal Welfare",,27.369207,88.613322,2025-04-04T10:53:10,FALSE,
205a0d70e10040d386b7074d85ce2261_38,SK/2025/0874521,Enlighten Academy,Society,31/S/E/2009,GANGTOK,Sikkim,Gangtok,"Taktse,Bojoghari, Gangtok, 737103",737103,"Children, Education & Literacy",,,,2025-11-06T16:23:07,FALSE,
702e00c0130f407007910533727e3ed7_39,SK/2014/0078455,Himalayan Educational Society,Society,1436,NAMCHI,Sikkim,Temi,"Temi/Bermiok Daring, Namchi District",737134,"Agriculture, Education & Literacy, Health & Family Welfare",,,,2018-07-04T07:43:41,TRUE,
50be04d0a30e404c1161c491454104b2_40,SK/2021/0288200,Hope Foundation,Society,E21/RWR/2748,GANGTOK,Sikkim,Gangtok,"Sazong Rumtek,P.O. Rawtey Rumtek",737135,"Education & Literacy, Environment & Forests",,,,2022-04-10T10:32:10,TRUE,
40000c60300540fb1c405f07208c1f65_41,SK/2020/0251541,Aarigaon Sanskrit Pathsala Managing Committee,Society,1560/LD/2006,GYALSHING,Sikkim,Gyalshing,"Yangthang Block, Aarigaon, PO Langang, Gyalshing, West Sikkim- 737111",737111,Education & Literacy,,,,2020-07-22T19:19:29,TRUE,
a07c0050650940c67cc5e65b08ab9975_42,SK/2025/0755895,ADAMPOOL SHAYOG SAMAJ,Society,3530,GANGTOK,Sikkim,Gangtok,S T P ADAMPOOL PO ADAMPOOL PS RANIPOOL GANGTOK SIKKIM 737102,737102,"Agriculture, Education & Literacy, Health & Family Welfare",,,,2025-08-01T11:54:17,FALSE,
609f01902b0340e422c2cf6b27644a50_43,SK/2024/0389758,ALL SIKKIM EX PARAMILITARY AND FAMILY WELFARE ASSOCIATION,Trust,E21/LUP/3356,GANGTOK,Sikkim,Gangtok,"RESHITHANG, LOWER PERBING",737102,"Skill Development, Sports, Youth Affairs",,,,2024-02-12T11:42:46,TRUE,
90cf03400f06405e50e8054167c04c14_44,SK/2025/0584744,DENTAM TOURISM DEVELOPMENT SOCIETY,Society,E21/DNT/3536,GYALSHING,Sikkim,Dentam,"Dentam Bazar, West Sikkim",737113,"Skill Development, Tourism, Women's Development & Empowerment",,27.261436,88.139004,2025-04-02T12:48:24,FALSE,
50ae07d0360e40566162933be8e35df3_45,SK/2025/0623853,Himalayan Zoological Park Society of Sikkim,Section 8 Company,E21/Gtk/2456,GANGTOK,Sikkim,Gangtok,"Himalayan Zoological Park, Bulbulay, Gangtok, Sikkim , India",737101,"Animal Welfare, Environment & Forests",,27.34196,88.62127,2025-05-15T15:42:00,FALSE,
10a905504c01401e7d48a838352121e7_46,SK/2025/0783527,MAHA KARUNA CHARITABLE TRUST,Trust,11111437,GANGTOK,Sikkim,Gangtok,"Near IHM Sazong, Rumtek, Gangtok, East Sikkim, 737135",737135,Education & Literacy,,,,2025-09-06T19:21:40,FALSE,
e0960ce0500d401454b7d42b423c7b64_47,SK/2025/0572274,KHANDRO-SANGPHUG TRUST,Society,11111434,GANGTOK,Sikkim,Gangtok,Gonjang Ogyen Do Ngak Choekorling Monastery Bojoghari Gangtok,737103,"Aged/Elderly, Agriculture, Animal Welfare",,27.369207,88.613322,2025-04-04T10:53:10,FALSE,
205a0d70e10040d386b7074d85ce2261_48,SK/2025/0874521,Enlighten Academy,Society,31/S/E/2009,GANGTOK,Sikkim,Gangtok,"Taktse,Bojoghari, Gangtok, 737103",737103,"Children, Education & Literacy",,,,2025-11-06T16:23:07,FALSE,
702e00c0130f407007910533727e3ed7_49,SK/2014/0078455,Himalayan Educational Society,Society,1436,NAMCHI,Sikkim,Temi,"Temi/Bermiok Daring, Namchi District",737134,"Agriculture, Education & Literacy, Health & Family Welfare",,,,2018-07-04T07:43:41,TRUE,
50be04d0a30e404c1161c491454104b2_50,SK/2021/0288200,Hope Foundation,Society,E21/RWR/2748,GANGTOK,Sikkim,Gangtok,"Sazong Rumtek,P.O. Rawtey Rumtek",737135,"Education & Literacy, Environment & Forests",,,,2022-04-10T10:32:10,TRUE,
40000c60300540fb1c405f07208c1f65_51,SK/2020/0251541,Aarigaon Sanskrit Pathsala Managing Committee,Society,1560/LD/2006,GYALSHING,Sikkim,Gyalshing,"Yangthang Block, Aarigaon, PO Langang, Gyalshing, West Sikkim- 737111",737111,Education & Literacy,,,,2020-07-22T19:19:29,TRUE,
a07c0050650940c67cc5e65b08ab9975_52,SK/2025/0755895,ADAMPOOL SHAYOG SAMAJ,Society,3530,GANGTOK,Sikkim,Gangtok,S T P ADAMPOOL PO ADAMPOOL PS RANIPOOL GANGTOK SIKKIM 737102,737102,"Agriculture, Education & Literacy, Health & Family Welfare",,,,2025-08-01T11:54:17,FALSE,
609f01902b0340e422c2cf6b27644a50_53,SK/2024/0389758,ALL SIKKIM EX PARAMILITARY AND FAMILY WELFARE ASSOCIATION,Trust,E21/LUP/3356,GANGTOK,Sikkim,Gangtok,"RESHITHANG, LOWER PERBING",737102,"Skill Development, Sports, Youth Affairs",,,,2024-02-12T11:42:46,TRUE,
90cf03400f06405e50e8054167c04c14_54,SK/2025/0584744,DENTAM TOURISM DEVELOPMENT SOCIETY,Society,E21/DNT/3536,GYALSHING,Sikkim,Dentam,"Dentam Bazar, West Sikkim",737113,"Skill Development, Tourism, Women's Development & Empowerment",,27.261436,88.139004,2025-04-02T12:48:24,FALSE,
50ae07d0360e40566162933be8e35df3_55,SK/2025/0623853,Himalayan Zoological Park Society of Sikkim,Section 8 Company,E21/Gtk/2456,GANGTOK,Sikkim,Gangtok,"Himalayan Zoological Park, Bulbulay, Gangtok, Sikkim , India",737101,"Animal Welfare, Environment & Forests",,27.34196,88.62127,2025-05-15T15:42:00,FALSE,
10a905504c01401e7d48a838352121e7_56,SK/2025/0783527,MAHA KARUNA CHARITABLE TRUST,Trust,11111437,GANGTOK,Sikkim,Gangtok,"Near IHM Sazong, Rumtek, Gangtok, East Sikkim, 737135",737135,Education & Literacy,,,,2025-09-06T19:21:40,FALSE,
e0960ce0500d401454b7d42b423c7b64_57,SK/2025/0572274,KHANDRO-SANGPHUG TRUST,Society,11111434,GANGTOK,Sikkim,Gangtok,Gonjang Ogyen Do Ngak Choekorling Monastery Bojoghari Gangtok,737103,"Aged/Elderly, Agriculture, Animal Welfare",,27.369207,88.613322,2025-04-04T10:53:10,FALSE,
205a0d70e10040d386b7074d85ce2261_58,SK/2025/0874521,Enlighten Academy,Society,31/S/E/2009,GANGTOK,Sikkim,Gangtok,"Taktse,Bojoghari, Gangtok, 737103",737103,"Children, Education & Literacy",,,,2025-11-06T16:23:07,FALSE,
702e00c0130f407007910533727e3ed7_59,SK/2014/0078455,Himalayan Educational Society,Society,1436,NAMCHI,Sikkim,Temi,"Temi/Bermiok Daring, Namchi District",737134,"Agriculture, Education & Literacy, Health & Family Welfare",,,,2018-07-04T07:43:41,TRUE,
50be04d0a30e404c1161c491454104b2_60,SK/2021/0288200,Hope Foundation,Society,E21/RWR/2748,GANGTOK,Sikkim,Gangtok,"Sazong Rumtek,P.O. Rawtey Rumtek",737135,"Education & Literacy, Environment & Forests",,,,2022-04-10T10:32:10,TRUE,
40000c60300540fb1c405f07208c1f65_61,SK/2020/0251541,Aarigaon Sanskrit Pathsala Managing Committee,Society,1560/LD/2006,GYALSHING,Sikkim,Gyalshing,"Yangthang Block, Aarigaon, PO Langang, Gyalshing, West Sikkim- 737111",737111,Education & Literacy,,,,2020-07-22T19:19:29,TRUE,
a07c0050650940c67cc5e65b08ab9975_62,SK/2025/0755895,ADAMPOOL SHAYOG SAMAJ,Society,3530,GANGTOK,Sikkim,Gangtok,S T P ADAMPOOL PO ADAMPOOL PS RANIPOOL GANGTOK SIKKIM 737102,737102,"Agriculture, Education & Literacy, Health & Family Welfare",,,,2025-08-01T11:54:17,FALSE,
609f01902b0340e422c2cf6b27644a50_63,SK/2024/0389758,ALL SIKKIM EX PARAMILITARY AND FAMILY WELFARE ASSOCIATION,Trust,E21/LUP/3356,GANGTOK,Sikkim,Gangtok,"RESHITHANG, LOWER PERBING",737102,"Skill Development, Sports, Youth Affairs",,,,2024-02-12T11:42:46,TRUE,
90cf03400f06405e50e8054167c04c14_64,SK/2025/0584744,DENTAM TOURISM DEVELOPMENT SOCIETY,Society,E21/DNT/3536,GYALSHING,Sikkim,Dentam,"Dentam Bazar, West Sikkim",737113,"Skill Development, Tourism, Women's Development & Empowerment",,27.261436,88.139004,2025-04-02T12:48:24,FALSE,
50ae07d0360e40566162933be8e35df3_65,SK/2025/0623853,Himalayan Zoological Park Society of Sikkim,Section 8 Company,E21/Gtk/2456,GANGTOK,Sikkim,Gangtok,"Himalayan Zoological Park, Bulbulay, Gangtok, Sikkim , India",737101,"Animal Welfare, Environment & Forests",,27.34196,88.62127,2025-05-15T15:42:00,FALSE,
10a905504c01401e7d48a838352121e7_66,SK/2025/0783527,MAHA KARUNA CHARITABLE TRUST,Trust,11111437,GANGTOK,Sikkim,Gangtok,"Near IHM Sazong, Rumtek, Gangtok, East Sikkim, 737135",737135,Education & Literacy,,,,2025-09-06T19:21:40,FALSE,
e0960ce0500d401454b7d42b423c7b64_67,SK/2025/0572274,KHANDRO-SANGPHUG TRUST,Society,11111434,GANGTOK,Sikkim,Gangtok,Gonjang Ogyen Do Ngak Choekorling Monastery Bojoghari Gangtok,737103,"Aged/Elderly, Agriculture, Animal Welfare",,27.369207,88.613322,2025-04-04T10:53:10,FALSE,
205a0d70e10040d386b7074d85ce2261_68,SK/2025/0874521,Enlighten Academy,Society,31/S/E/2009,GANGTOK,Sikkim,Gangtok,"Taktse,Bojoghari, Gangtok, 737103",737103,"Children, Education & Literacy",,,,2025-11-06T16:23:07,FALSE,
702e00c0130f407007910533727e3ed7_69,SK/2014/0078455,Himalayan Educational Society,Society,1436,NAMCHI,Sikkim,Temi,"Temi/Bermiok Daring, Namchi District",737134,"Agriculture, Education & Literacy, Health & Family Welfare",,,,2018-07-04T07:43:41,TRUE,
50be04d0a30e404c1161c491454104b2_70,SK/2021/0288200,Hope Foundation,Society,E21/RWR/2748,GANGTOK,Sikkim,Gangtok,"Sazong Rumtek,P.O. Rawtey Rumtek",737135,"Education & Literacy, Environment & Forests",,,,2022-04-10T10:32:10,TRUE,
40000c60300540fb1c405f07208c1f65_71,SK/2020/0251541,Aarigaon Sanskrit Pathsala Managing Committee,Society,1560/LD/2006,GYALSHING,Sikkim,Gyalshing,"Yangthang Block, Aarigaon, PO Langang, Gyalshing, West Sikkim- 737111",737111,Education & Literacy,,,,2020-07-22T19:19:29,TRUE,
a07c0050650940c67cc5e65b08ab9975_72,SK/2025/0755895,ADAMPOOL SHAYOG SAMAJ,Society,3530,GANGTOK,Sikkim,Gangtok,S T P ADAMPOOL PO ADAMPOOL PS RANIPOOL GANGTOK SIKKIM 737102,737102,"Agriculture, Education & Literacy, Health & Family Welfare",,,,2025-08-01T11:54:17,FALSE,
609f01902b0340e422c2cf6b27644a50_73,SK/2024/0389758,ALL SIKKIM EX PARAMILITARY AND FAMILY WELFARE ASSOCIATION,Trust,E21/LUP/3356,GANGTOK,Sikkim,Gangtok,"RESHITHANG, LOWER PERBING",737102,"Skill Development, Sports, Youth Affairs",,,,2024-02-12T11:42:46,TRUE,
90cf03400f06405e50e8054167c04c14_74,SK/2025/0584744,DENTAM TOURISM DEVELOPMENT SOCIETY,Society,E21/DNT/3536,GYALSHING,Sikkim,Dentam,"Dentam Bazar, West Sikkim",737113,"Skill Development, Tourism, Women's Development & Empowerment",,27.261436,88.139004,2025-04-02T12:48:24,FALSE,
50ae07d0360e40566162933be8e35df3_75,SK/2025/0623853,Himalayan Zoological Park Society of Sikkim,Section 8 Company,E21/Gtk/2456,GANGTOK,Sikkim,Gangtok,"Himalayan Zoological Park, Bulbulay, Gangtok, Sikkim , India",737101,"Animal Welfare, Environment & Forests",,27.34196,88.62127,2025-05-15T15:42:00,FALSE,
10a905504c01401e7d48a838352121e7_76,SK/2025/0783527,MAHA KARUNA CHARITABLE TRUST,Trust,11111437,GANGTOK,Sikkim,Gangtok,"Near IHM Sazong, Rumtek, Gangtok, East Sikkim, 737135",737135,Education & Literacy,,,,2025-09-06T19:21:40,FALSE,
e0960ce0500d401454b7d42b423c7b64_77,SK/2025/0572274,KHANDRO-SANGPHUG TRUST,Society,11111434,GANGTOK,Sikkim,Gangtok,Gonjang Ogyen Do Ngak Choekorling Monastery Bojoghari Gangtok,737103,"Aged/Elderly, Agriculture, Animal Welfare",,27.369207,88.613322,2025-04-04T10:53:10,FALSE,
205a0d70e10040d386b7074d85ce2261_78,SK/2025/0874521,Enlighten Academy,Society,31/S/E/2009,GANGTOK,Sikkim,Gangtok,"Taktse,Bojoghari, Gangtok, 737103",737103,"Children, Education & Literacy",,,,2025-11-06T16:23:07,FALSE,
702e00c0130f407007910533727e3ed7_79,SK/2014/0078455,Himalayan Educational Society,Society,1436,NAMCHI,Sikkim,Temi,"Temi/Bermiok Daring, Namchi District",737134,"Agriculture, Education & Literacy, Health & Family Welfare",,,,2018-07-04T07:43:41,TRUE,
50be04d0a30e404c1161c491454104b2_80,SK/2021/0288200,Hope Foundation,Society,E21/RWR/2748,GANGTOK,Sikkim,Gangtok,"Sazong Rumtek,P.O. Rawtey Rumtek",737135,"Education & Literacy, Environment & Forests",,,,2022-04-10T10:32:10,TRUE,
40000c60300540fb1c405f07208c1f65_81,SK/2020/0251541,Aarigaon Sanskrit Pathsala Managing Committee,Society,1560/LD/2006,GYALSHING,Sikkim,Gyalshing,"Yangthang Block, Aarigaon, PO Langang, Gyalshing, West Sikkim- 737111",737111,Education & Literacy,,,,2020-07-22T19:19:29,TRUE,
a07c0050650940c67cc5e65b08ab9975_82,SK/2025/0755895,ADAMPOOL SHAYOG SAMAJ,Society,3530,GANGTOK,Sikkim,Gangtok,S T P ADAMPOOL PO ADAMPOOL PS RANIPOOL GANGTOK SIKKIM 737102,737102,"Agriculture, Education & Literacy, Health & Family Welfare",,,,2025-08-01T11:54:17,FALSE,
609f01902b0340e422c2cf6b27644a50_83,SK/2024/0389758,ALL SIKKIM EX PARAMILITARY AND FAMILY WELFARE ASSOCIATION,Trust,E21/LUP/3356,GANGTOK,Sikkim,Gangtok,"RESHITHANG, LOWER PERBING",737102,"Skill Development, Sports, Youth Affairs",,,,2024-02-12T11:42:46,TRUE,
90cf03400f06405e50e8054167c04c14_84,SK/2025/0584744,DENTAM TOURISM DEVELOPMENT SOCIETY,Society,E21/DNT/3536,GYALSHING,Sikkim,Dentam,"Dentam Bazar, West Sikkim",737113,"Skill Development, Tourism, Women's Development & Empowerment",,27.261436,88.139004,2025-04-02T12:48:24,FALSE,
50ae07d0360e40566162933be8e35df3_85,SK/2025/0623853,Himalayan Zoological Park Society of Sikkim,Section 8 Company,E21/Gtk/2456,GANGTOK,Sikkim,Gangtok,"Himalayan Zoological Park, Bulbulay, Gangtok, Sikkim , India",737101,"Animal Welfare, Environment & Forests",,27.34196,88.62127,2025-05-15T15:42:00,FALSE,
10a905504c01401e7d48a838352121e7_86,SK/2025/0783527,MAHA KARUNA CHARITABLE TRUST,Trust,11111437,GANGTOK,Sikkim,Gangtok,"Near IHM Sazong, Rumtek, Gangtok, East Sikkim, 737135",737135,Education & Literacy,,,,2025-09-06T19:21:40,FALSE,
e0960ce0500d401454b7d42b423c7b64_87,SK/2025/0572274,KHANDRO-SANGPHUG TRUST,Society,11111434,GANGTOK,Sikkim,Gangtok,Gonjang Ogyen Do Ngak Choekorling Monastery Bojoghari Gangtok,737103,"Aged/Elderly, Agriculture, Animal Welfare",,27.369207,88.613322,2025-04-04T10:53:10,FALSE,
205a0d70e10040d386b7074d85ce2261_88,SK/2025/0874521,Enlighten Academy,Society,31/S/E/2009,GANGTOK,Sikkim,Gangtok,"Taktse,Bojoghari, Gangtok, 737103",737103,"Children, Education & Literacy",,,,2025-11-06T16:23:07,FALSE,
702e00c0130f407007910533727e3ed7_89,SK/2014/0078455,Himalayan Educational Society,Society,1436,NAMCHI,Sikkim,Temi,"Temi/Bermiok Daring, Namchi District",737134,"Agriculture, Education & Literacy, Health & Family Welfare",,,,2018-07-04T07:43:41,TRUE,
50be04d0a30e404c1161c491454104b2_90,SK/2021/0288200,Hope Foundation,Society,E21/RWR/2748,GANGTOK,Sikkim,Gangtok,"Sazong Rumtek,P.O. Rawtey Rumtek",737135,"Education & Literacy, Environment & Forests",,,,2022-04-10T10:32:10,TRUE,
40000c60300540fb1c405f07208c1f65_91,SK/2020/0251541,Aarigaon Sanskrit Pathsala Managing Committee,Society,1560/LD/2006,GYALSHING,Sikkim,Gyalshing,"Yangthang Block, Aarigaon, PO Langang, Gyalshing, West Sikkim- 737111",737111,Education & Literacy,,,,2020-07-22T19:19:29,TRUE,
a07c0050650940c67cc5e65b08ab9975_92,SK/2025/0755895,ADAMPOOL SHAYOG SAMAJ,Society,3530,GANGTOK,Sikkim,Gangtok,S T P ADAMPOOL PO ADAMPOOL PS RANIPOOL GANGTOK SIKKIM 737102,737102,"Agriculture, Education & Literacy, Health & Family Welfare",,,,2025-08-01T11:54:17,FALSE,
609f01902b0340e422c2cf6b27644a50_93,SK/2024/0389758,ALL SIKKIM EX PARAMILITARY AND FAMILY WELFARE ASSOCIATION,Trust,E21/LUP/3356,GANGTOK,Sikkim,Gangtok,"RESHITHANG, LOWER PERBING",737102,"Skill Development, Sports, Youth Affairs",,,,2024-02-12T11:42:46,TRUE,
90cf03400f06405e50e8054167c04c14_94,SK/2025/0584744,DENTAM TOURISM DEVELOPMENT SOCIETY,Society,E21/DNT/3536,GYALSHING,Sikkim,Dentam,"Dentam Bazar, West Sikkim",737113,"Skill Development, Tourism, Women's Development & Empowerment",,27.261436,88.139004,2025-04-02T12:48:24,FALSE,
50ae07d0360e40566162933be8e35df3_95,SK/2025/0623853,Himalayan Zoological Park Society of Sikkim,Section 8 Company,E21/Gtk/2456,GANGTOK,Sikkim,Gangtok,"Himalayan Zoological Park, Bulbulay, Gangtok, Sikkim , India",737101,"Animal Welfare, Environment & Forests",,27.34196,88.62127,2025-05-15T15:42:00,FALSE,
10a905504c01401e7d48a838352121e7_96,SK/2025/0783527,MAHA KARUNA CHARITABLE TRUST,Trust,11111437,GANGTOK,Sikkim,Gangtok,"Near IHM Sazong, Rumtek, Gangtok, East Sikkim, 737135",737135,Education & Literacy,,,,2025-09-06T19:21:40,FALSE,
e0960ce0500d401454b7d42b423c7b64_97,SK/2025/0572274,KHANDRO-SANGPHUG TRUST,Society,11111434,GANGTOK,Sikkim,Gangtok,Gonjang Ogyen Do Ngak Choekorling Monastery Bojoghari Gangtok,737103,"Aged/Elderly, Agriculture, Animal Welfare",,27.369207,88.613322,2025-04-04T10:53:10,FALSE,
205a0d70e10040d386b7074d85ce2261_98,SK/2025/0874521,Enlighten Academy,Society,31/S/E/2009,GANGTOK,Sikkim,Gangtok,"Taktse,Bojoghari, Gangtok, 737103",737103,"Children, Education & Literacy",,,,2025-11-06T16:23:07,FALSE,
702e00c0130f407007910533727e3ed7_99,SK/2014/0078455,Himalayan Educational Society,Society,1436,NAMCHI,Sikkim,Temi,"Temi/Bermiok Daring, Namchi District",737134,"Agriculture, Education & Literacy, Health & Family Welfare",,,,2018-07-04T07:43:41,TRUE,
50be04d0a30e404c1161c491454104b2_100,SK/2021/0288200,Hope Foundation,Society,E21/RWR/2748,GANGTOK,Sikkim,Gangtok,"Sazong Rumtek,P.O. Rawtey Rumtek",737135,"Education & Literacy, Environment & Forests",,,,2022-04-10T10:32:10,TRUE,
sample_0001,TN/2025/100001,BRAVE VISION SPORTS FOUNDATION,Trust,REG-00001,Tamil Nadu District,Tamil Nadu,SubDistrict-1,"Sample Address 1, Tamil Nadu",600001,Education & Literacy,,,,2025-01-01T10:00:00,TRUE,1
sample_0002,TN/2025/100002,PANRUTI ONDRUPATTA ILAIGNER KAZHAKAM,Trust,REG-00002,Tamil Nadu District,Tamil Nadu,SubDistrict-2,"Sample Address 2, Tamil Nadu",600002,Education & Literacy,,,,2025-01-01T10:00:00,TRUE,2
sample_0003,TN/2025/100003,SOCIETY OF SISTERS OF PRESENTATION OF BLESSEDVLRGINMARY SOC NO 7,Trust,REG-00003,Tamil Nadu District,Tamil Nadu,SubDistrict-3,"Sample Address 3, Tamil Nadu",600003,Education & Literacy,,,,2025-01-01T10:00:00,TRUE,3
sample_0004,TN/2025/100004,(PAZHANI) KIRANUR SANMARGA GURUKULAM,Trust,REG-00004,Tamil Nadu District,Tamil Nadu,SubDistrict-4,"Sample Address 4, Tamil Nadu",600004,Education & Literacy,,,,2025-01-01T10:00:00,TRUE,4
sample_0005,TN/2025/100005,100 BOOKS INITIATIVE CHARITABLE TRUST,Trust,REG-00005,Tamil Nadu District,Tamil Nadu,SubDistrict-5,"Sample Address 5, Tamil Nadu",600005,Education & Literacy,,,,2025-01-01T10:00:00,TRUE,5
sample_0006,TN/2025/100006,108 DIVYA DESAM TULASI NANDAVANAM,Trust,REG-00006,Tamil Nadu District,Tamil Nadu,SubDistrict-6,"Sample Address 6, Tamil Nadu",600006,Education & Literacy,,,,2025-01-01T10:00:00,TRUE,6
sample_0007,TN/2025/100007,108 SEVAKAR,Trust,REG-00007,Tamil Nadu District,Tamil Nadu,SubDistrict-7,"Sample Address 7, Tamil Nadu",600007,Education & Literacy,,,,2025-01-01T10:00:00,TRUE,7
sample_0008,TN/2025/100008,108 SRI KUNDHA KUNDHA SYADHVADHA DIGAMBAR JAIN TRUST,Trust,REG-00008,Tamil Nadu District,Tamil Nadu,SubDistrict-8,"Sample Address 8, Tamil Nadu",600008,Education & Literacy,,,,2025-01-01T10:00:00,TRUE,8
sample_0009,TN/2025/100009,11TO11 CHARITABLE TRUST,Trust,REG-00009,Tamil Nadu District,Tamil Nadu,SubDistrict-9,"Sample Address 9, Tamil Nadu",600009,Education & Literacy,,,,2025-01-01T10:00:00,TRUE,9
sample_0010,TN/2025/100010,1793 SEETHA CHARITABLE TRUST,Trust,REG-00010,Tamil Nadu District,Tamil Nadu,SubDistrict-10,"Sample Address 10, Tamil Nadu",600010,Education & Literacy,,,,2025-01-01T10:00:00,TRUE,10
sample_0011,TN/2025/100011,18 CHITHARHAL SPIRITUAL FOUNDATION,Trust,REG-00011,Tamil Nadu District,Tamil Nadu,SubDistrict-11,"Sample Address 11, Tamil Nadu",600011,Education & Literacy,,,,2025-01-01T10:00:00,TRUE,11
sample_0012,TN/2025/100012,18 Kirama makkal Arakkattalai,Trust,REG-00012,Tamil Nadu District,Tamil Nadu,SubDistrict-12,"Sample Address 12, Tamil Nadu",600012,Education & Literacy,,,,2025-01-01T10:00:00,TRUE,12
sample_0013,TN/2025/100013,18 SIDDHARGAL EDUCATIONAL AND CHARITABLE TRUST,Trust,REG-00013,Tamil Nadu District,Tamil Nadu,SubDistrict-13,"Sample Address 13, Tamil Nadu",600013,Education & Literacy,,,,2025-01-01T10:00:00,TRUE,13
sample_0014,TN/2025/100014,18AM PADI KARUPPASAMY KOVIL TRUST,Trust,REG-00014,Tamil Nadu District,Tamil Nadu,SubDistrict-14,"Sample Address 14, Tamil Nadu",600014,Education & Literacy,,,,2025-01-01T10:00:00,TRUE,14
sample_0015,TN/2025/100015,18AM PADI KARUPPUSAMY SAKTHI PEEDAM,Trust,REG-00015,Tamil Nadu District,Tamil Nadu,SubDistrict-15,"Sample Address 15, Tamil Nadu",600015,Education & Literacy,,,,2025-01-01T10:00:00,TRUE,15
sample_0016,TN/2025/100016,1969 Golden Jubilee SSM,Trust,REG-00016,Tamil Nadu District,Tamil Nadu,SubDistrict-16,"Sample Address 16, Tamil Nadu",600016,Education & Literacy,,,,2025-01-01T10:00:00,TRUE,16
sample_0017,TN/2025/100017,1982 MADURAI MEDICOS WELFARE TRUST,Trust,REG-00017,Tamil Nadu District,Tamil Nadu,SubDistrict-17,"Sample Address 17, Tamil Nadu",600017,Education & Literacy,,,,2025-01-01T10:00:00,TRUE,17
sample_0018,TN/2025/100018,1987 BATCH POLICE OFFICERS (DIRECT SI'S RETIRED) WELFAREASSOCIATIONTAMILNADU,Trust,REG-00018,Tamil Nadu District,Tamil Nadu,SubDistrict-18,"Sample Address 18, Tamil Nadu",600018,Education & Literacy,,,,2025-01-01T10:00:00,TRUE,18
sample_0019,TN/2025/100019,1991 ENGINEERS ASSOCIATION HOSUR,Trust,REG-00019,Tamil Nadu District,Tamil Nadu,SubDistrict-19,"Sample Address 19, Tamil Nadu",600019,Education & Literacy,,,,2025-01-01T10:00:00,TRUE,19
sample_0020,TN/2025/100020,2 THE CHILDREN FOUNDATION,Trust,REG-00020,Tamil Nadu District,Tamil Nadu,SubDistrict-20,"Sample Address 20, Tamil Nadu",600020,Education & Literacy,,,,2025-01-01T10:00:00,TRUE,20
sample_0021,TN/2025/100021,2002 FRIENDS CARE TRUST,Trust,REG-00021,Tamil Nadu District,Tamil Nadu,SubDistrict-21,"Sample Address 21, Tamil Nadu",600021,Education & Literacy,,,,2025-01-01T10:00:00,TRUE,21
sample_0022,TN/2025/100022,24 MANAI TELUGU CHETTIAR CHARITABLE TRUST,Trust,REG-00022,Tamil Nadu District,Tamil Nadu,SubDistrict-22,"Sample Address 22, Tamil Nadu",600022,Education & Literacy,,,,2025-01-01T10:00:00,TRUE,22
sample_0023,TN/2025/100023,24 MANAI TELUGU CHETTIAR EDUCATIONAL AND CHARITABLE TRUST,Trust,REG-00023,Tamil Nadu District,Tamil Nadu,SubDistrict-23,"Sample Address 23, Tamil Nadu",600023,Education & Literacy,,,,2025-01-01T10:00:00,TRUE,23
sample_0024,TN/2025/100024,24 MANAI TELUGU CHETTIYARGAL SAMUGA GENTHAVANGURUVA KULA,Trust,REG-00024,Tamil Nadu District,Tamil Nadu,SubDistrict-24,"Sample Address 24, Tamil Nadu",600024,Education & Literacy,,,,2025-01-01T10:00:00,TRUE,24
sample_0025,TN/2025/100025,24 STAR DOCTORS WELFARE ASSOCIATION,Trust,REG-00025,Tamil Nadu District,Tamil Nadu,SubDistrict-25,"Sample Address 25, Tamil Nadu",600025,Education & Literacy,,,,2025-01-01T10:00:00,TRUE,25
sample_0026,TN/2025/100026,2A BUSINESS TOTALITY PRIVATE LIMITED,Trust,REG-00026,Tamil Nadu District,Tamil Nadu,SubDistrict-26,"Sample Address 26, Tamil Nadu",600026,Education & Literacy,,,,2025-01-01T10:00:00,TRUE,26
sample_0027,TN/2025/100027,2EQUAL 1 INDIA,Trust,REG-00027,Tamil Nadu District,Tamil Nadu,SubDistrict-27,"Sample Address 27, Tamil Nadu",600027,Education & Literacy,,,,2025-01-01T10:00:00,TRUE,27
sample_0028,TN/2025/100028,3(H)REE TRUST,Trust,REG-00028,Tamil Nadu District,Tamil Nadu,SubDistrict-28,"Sample Address 28, Tamil Nadu",600028,Education & Literacy,,,,2025-01-01T10:00:00,TRUE,28
sample_0029,TN/2025/100029,360 YOUTH MOVEMENT,Trust,REG-00029,Tamil Nadu District,Tamil Nadu,SubDistrict-29,"Sample Address 29, Tamil Nadu",600029,Education & Literacy,,,,2025-01-01T10:00:00,TRUE,29
sample_0030,TN/2025/100030,4 L WOMEN FOUNDATION,Trust,REG-00030,Tamil Nadu District,Tamil Nadu,SubDistrict-30,"Sample Address 30, Tamil Nadu",600030,Education & Literacy,,,,2025-01-01T10:00:00,TRUE,30
sample_0031,TN/2025/100031,4 M TRUST,Trust,REG-00031,Tamil Nadu District,Tamil Nadu,SubDistrict-31,"Sample Address 31, Tamil Nadu",600031,Education & Literacy,,,,2025-01-01T10:00:00,TRUE,31
sample_0032,TN/2025/100032,4 SEASONS TRUST,Trust,REG-00032,Tamil Nadu District,Tamil Nadu,SubDistrict-32,"Sample Address 32, Tamil Nadu",600032,Education & Literacy,,,,2025-01-01T10:00:00,TRUE,32
sample_0033,TN/2025/100033,4S SAMATHUVA SAMUDAYA SEVA SANGAM CHARITABLE TRUST,Trust,REG-00033,Tamil Nadu District,Tamil Nadu,SubDistrict-33,"Sample Address 33, Tamil Nadu",600033,Education & Literacy,,,,2025-01-01T10:00:00,TRUE,33
sample_0034,TN/2025/100034,5 Million Women,Trust,REG-00034,Tamil Nadu District,Tamil Nadu,SubDistrict-34,"Sample Address 34, Tamil Nadu",600034,Education & Literacy,,,,2025-01-01T10:00:00,TRUE,34
sample_0035,TN/2025/100035,5 STAR FRIENDS TRUST,Trust,REG-00035,Tamil Nadu District,Tamil Nadu,SubDistrict-35,"Sample Address 35, Tamil Nadu",600035,Education & Literacy,,,,2025-01-01T10:00:00,TRUE,35
sample_0036,TN/2025/100036,5 STAR MANAMAGIL SANAMPUDUR SANGAM,Trust,REG-00036,Tamil Nadu District,Tamil Nadu,SubDistrict-36,"Sample Address 36, Tamil Nadu",600036,Education & Literacy,,,,2025-01-01T10:00:00,TRUE,36
sample_0037,TN/2025/100037,"5 STAR RECREATION CLUB, KODIKAMPAM",Trust,REG-00037,Tamil Nadu District,Tamil Nadu,SubDistrict-37,"Sample Address 37, Tamil Nadu",600037,Education & Literacy,,,,2025-01-01T10:00:00,TRUE,37
sample_0038,TN/2025/100038,5GENGREENFOUNDATION,Trust,REG-00038,Tamil Nadu District,Tamil Nadu,SubDistrict-38,"Sample Address 38, Tamil Nadu",600038,Education & Literacy,,,,2025-01-01T10:00:00,TRUE,38
sample_0039,TN/2025/100039,5STAR RECREATION CLUB,Trust,REG-00039,Tamil Nadu District,Tamil Nadu,SubDistrict-39,"Sample Address 39, Tamil Nadu",600039,Education & Literacy,,,,2025-01-01T10:00:00,TRUE,39
sample_0040,TN/2025/100040,5th Gen Educational and Charitable Trust,Trust,REG-00040,Tamil Nadu District,Tamil Nadu,SubDistrict-40,"Sample Address 40, Tamil Nadu",600040,Education & Literacy,,,,2025-01-01T10:00:00,TRUE,40
sample_0041,TN/2025/100041,63 NAYANARS CHARITABLE TRUST,Trust,REG-00041,Tamil Nadu District,Tamil Nadu,SubDistrict-41,"Sample Address 41, Tamil Nadu",600041,Education & Literacy,,,,2025-01-01T10:00:00,TRUE,41
sample_0042,TN/2025/100042,64 KIRAMA SENAITHALAIVAR MANTABANGAL ABIVIRUTHI SANGAM THIRUCOURTALLAM,Trust,REG-00042,Tamil Nadu District,Tamil Nadu,SubDistrict-42,"Sample Address 42, Tamil Nadu",600042,Education & Literacy,,,,2025-01-01T10:00:00,TRUE,42
sample_0043,TN/2025/100043,7 STAR RECREATION CLUB,Trust,REG-00043,Tamil Nadu District,Tamil Nadu,SubDistrict-43,"Sample Address 43, Tamil Nadu",600043,Education & Literacy,,,,2025-01-01T10:00:00,TRUE,43
sample_0044,TN/2025/100044,7TH INTERNATIONAL CONFERENCE ON SLEEP DISORDERS,Trust,REG-00044,Tamil Nadu District,Tamil Nadu,SubDistrict-44,"Sample Address 44, Tamil Nadu",600044,Education & Literacy,,,,2025-01-01T10:00:00,TRUE,44
sample_0045,TN/2025/100045,8G INTERNATIONAL HUMAN WELFARE & SERVICE TRUST,Trust,REG-00045,Tamil Nadu District,Tamil Nadu,SubDistrict-45,"Sample Address 45, Tamil Nadu",600045,Education & Literacy,,,,2025-01-01T10:00:00,TRUE,45
sample_0046,TN/2025/100046,94GCTIANS PUBLIC CHARITABLE TRUST,Trust,REG-00046,Tamil Nadu District,Tamil Nadu,SubDistrict-46,"Sample Address 46, Tamil Nadu",600046,Education & Literacy,,,,2025-01-01T10:00:00,TRUE,46
sample_0047,TN/2025/100047,96IN KARKKAI NANDRA,Trust,REG-00047,Tamil Nadu District,Tamil Nadu,SubDistrict-47,"Sample Address 47, Tamil Nadu",600047,Education & Literacy,,,,2025-01-01T10:00:00,TRUE,47
sample_0048,TN/2025/100048,A A K CHARITABLE TRUST,Trust,REG-00048,Tamil Nadu District,Tamil Nadu,SubDistrict-48,"Sample Address 48, Tamil Nadu",600048,Education & Literacy,,,,2025-01-01T10:00:00,TRUE,48
sample_0049,TN/2025/100049,A A TRUST,Trust,REG-00049,Tamil Nadu District,Tamil Nadu,SubDistrict-49,"Sample Address 49, Tamil Nadu",600049,Education & Literacy,,,,2025-01-01T10:00:00,TRUE,49
sample_0050,TN/2025/100050,A C A THORAIPAKKAM MINISTRIES,Trust,REG-00050,Tamil Nadu District,Tamil Nadu,SubDistrict-50,"Sample Address 50, Tamil Nadu",600050,Education & Literacy,,,,2025-01-01T10:00:00,TRUE,50
sample_0051,TN/2025/100051,A C A TRIPLICANE MINISTRIES,Trust,REG-00051,Tamil Nadu District,Tamil Nadu,SubDistrict-51,"Sample Address 51, Tamil Nadu",600051,Education & Literacy,,,,2025-01-01T10:00:00,TRUE,51
sample_0052,TN/2025/100052,A C CHINNAMMAL CHARITABLE TRUST,Trust,REG-00052,Tamil Nadu District,Tamil Nadu,SubDistrict-52,"Sample Address 52, Tamil Nadu",600052,Education & Literacy,,,,2025-01-01T10:00:00,TRUE,52
sample_0053,TN/2025/100053,A C M EDUCATIONAL FOUNDATION,Trust,REG-00053,Tamil Nadu District,Tamil Nadu,SubDistrict-53,"Sample Address 53, Tamil Nadu",600053,Education & Literacy,,,,2025-01-01T10:00:00,TRUE,53
sample_0054,TN/2025/100054,A C M MEDICAL FOUNDATION,Trust,REG-00054,Tamil Nadu District,Tamil Nadu,SubDistrict-54,"Sample Address 54, Tamil Nadu",600054,Education & Literacy,,,,2025-01-01T10:00:00,TRUE,54
sample_0055,TN/2025/100055,A C R EDUCATIONAL AND CHARITABLE TRUST,Trust,REG-00055,Tamil Nadu District,Tamil Nadu,SubDistrict-55,"Sample Address 55, Tamil Nadu",600055,Education & Literacy,,,,2025-01-01T10:00:00,TRUE,55
sample_0056,TN/2025/100056,A C T Educational And Charitable Trust,Trust,REG-00056,Tamil Nadu District,Tamil Nadu,SubDistrict-56,"Sample Address 56, Tamil Nadu",600056,Education & Literacy,,,,2025-01-01T10:00:00,TRUE,56
sample_0057,TN/2025/100057,A C TECH ALUMNI ASSOCIATION,Trust,REG-00057,Tamil Nadu District,Tamil Nadu,SubDistrict-57,"Sample Address 57, Tamil Nadu",600057,Education & Literacy,,,,2025-01-01T10:00:00,TRUE,57
sample_0058,TN/2025/100058,A CHARLES GROUP TRUST,Trust,REG-00058,Tamil Nadu District,Tamil Nadu,SubDistrict-58,"Sample Address 58, Tamil Nadu",600058,Education & Literacy,,,,2025-01-01T10:00:00,TRUE,58
sample_0059,TN/2025/100059,A CHINNASAMY ANANTHAMMA DHARMA FUND,Trust,REG-00059,Tamil Nadu District,Tamil Nadu,SubDistrict-59,"Sample Address 59, Tamil Nadu",600059,Education & Literacy,,,,2025-01-01T10:00:00,TRUE,59
sample_0060,TN/2025/100060,A D S EDUCATIONAL TRUST,Trust,REG-00060,Tamil Nadu District,Tamil Nadu,SubDistrict-60,"Sample Address 60, Tamil Nadu",600060,Education & Literacy,,,,2025-01-01T10:00:00,TRUE,60
sample_0061,TN/2025/100061,A G TRUST,Trust,REG-00061,Tamil Nadu District,Tamil Nadu,SubDistrict-61,"Sample Address 61, Tamil Nadu",600061,Education & Literacy,,,,2025-01-01T10:00:00,TRUE,61
sample_0062,TN/2025/100062,A G TRUST,Trust,REG-00062,Tamil Nadu District,Tamil Nadu,SubDistrict-62,"Sample Address 62, Tamil Nadu",600062,Education & Literacy,,,,2025-01-01T10:00:00,TRUE,62
sample_0063,TN/2025/100063,A GOVINDARAJULU EDUCATIONAL TRUST,Trust,REG-00063,Tamil Nadu District,Tamil Nadu,SubDistrict-63,"Sample Address 63, Tamil Nadu",600063,Education & Literacy,,,,2025-01-01T10:00:00,TRUE,63
sample_0064,TN/2025/100064,A GOVINDASAMY GOUNDER MEMORIAL EDUCATIONAL TRUST,Trust,REG-00064,Tamil Nadu District,Tamil Nadu,SubDistrict-64,"Sample Address 64, Tamil Nadu",600064,Education & Literacy,,,,2025-01-01T10:00:00,TRUE,64
sample_0065,TN/2025/100065,A GREEN TECH FOUNDATION,Trust,REG-00065,Tamil Nadu District,Tamil Nadu,SubDistrict-65,"Sample Address 65, Tamil Nadu",600065,Education & Literacy,,,,2025-01-01T10:00:00,TRUE,65
sample_0066,TN/2025/100066,A GUEST ON PLANET,Trust,REG-00066,Tamil Nadu District,Tamil Nadu,SubDistrict-66,"Sample Address 66, Tamil Nadu",600066,Education & Literacy,,,,2025-01-01T10:00:00,TRUE,66
sample_0067,TN/2025/100067,A H N U B ARULTHARUM SREE BADRESWARI AMMAN KOVIL ARAKKATALAI,Trust,REG-00067,Tamil Nadu District,Tamil Nadu,SubDistrict-67,"Sample Address 67, Tamil Nadu",600067,Education & Literacy,,,,2025-01-01T10:00:00,TRUE,67
sample_0068,TN/2025/100068,A I C F DIOCESE,Trust,REG-00068,Tamil Nadu District,Tamil Nadu,SubDistrict-68,"Sample Address 68, Tamil Nadu",600068,Education & Literacy,,,,2025-01-01T10:00:00,TRUE,68
sample_0069,TN/2025/100069,A I O BANK EMPLOYEESUNION,Trust,REG-00069,Tamil Nadu District,Tamil Nadu,SubDistrict-69,"Sample Address 69, Tamil Nadu",600069,Education & Literacy,,,,2025-01-01T10:00:00,TRUE,69
sample_0070,TN/2025/100070,A J V EDUCATIONAL AND REHABILITATION TRUST,Trust,REG-00070,Tamil Nadu District,Tamil Nadu,SubDistrict-70,"Sample Address 70, Tamil Nadu",600070,Education & Literacy,,,,2025-01-01T10:00:00,TRUE,70
sample_0071,TN/2025/100071,A K C MEMORIAL TRUST,Trust,REG-00071,Tamil Nadu District,Tamil Nadu,SubDistrict-71,"Sample Address 71, Tamil Nadu",600071,Education & Literacy,,,,2025-01-01T10:00:00,TRUE,71
sample_0072,TN/2025/100072,A K D DHARMARAJA WOMEN'S COLLEGE ALUMNI TRUST,Trust,REG-00072,Tamil Nadu District,Tamil Nadu,SubDistrict-72,"Sample Address 72, Tamil Nadu",600072,Education & Literacy,,,,2025-01-01T10:00:00,TRUE,72
sample_0073,TN/2025/100073,A K EDUCATIONAL AND CHARITABLE TRUST,Trust,REG-00073,Tamil Nadu District,Tamil Nadu,SubDistrict-73,"Sample Address 73, Tamil Nadu",600073,Education & Literacy,,,,2025-01-01T10:00:00,TRUE,73
sample_0074,TN/2025/100074,A K EDUCATIONAL TRUST,Trust,REG-00074,Tamil Nadu District,Tamil Nadu,SubDistrict-74,"Sample Address 74, Tamil Nadu",600074,Education & Literacy,,,,2025-01-01T10:00:00,TRUE,74
sample_0075,TN/2025/100075,A K FOURPAWS CHARITABLE TRUST,Trust,REG-00075,Tamil Nadu District,Tamil Nadu,SubDistrict-75,"Sample Address 75, Tamil Nadu",600075,Education & Literacy,,,,2025-01-01T10:00:00,TRUE,75
sample_0076,TN/2025/100076,A K PADMAVATHIAMMAL CHARITABLE TRUST,Trust,REG-00076,Tamil Nadu District,Tamil Nadu,SubDistrict-76,"Sample Address 76, Tamil Nadu",600076,Education & Literacy,,,,2025-01-01T10:00:00,TRUE,76
sample_0077,TN/2025/100077,A K R FOOD PRODUCTS EMPLOYEES GROUP GRATUITY TRUST,Trust,REG-00077,Tamil Nadu District,Tamil Nadu,SubDistrict-77,"Sample Address 77, Tamil Nadu",600077,Education & Literacy,,,,2025-01-01T10:00:00,TRUE,77
sample_0078,TN/2025/100078,A K SHAHUL HAMEED HAJIAR EDUCATIONAL TRUST KAYALPATNAM,Trust,REG-00078,Tamil Nadu District,Tamil Nadu,SubDistrict-78,"Sample Address 78, Tamil Nadu",600078,Education & Literacy,,,,2025-01-01T10:00:00,TRUE,78
sample_0079,TN/2025/100079,A K SOCIAL WELFARE TRUST,Trust,REG-00079,Tamil Nadu District,Tamil Nadu,SubDistrict-79,"Sample Address 79, Tamil Nadu",600079,Education & Literacy,,,,2025-01-01T10:00:00,TRUE,79
sample_0080,TN/2025/100080,A K Y CHARITABLE AND EDUCATIONAL TRUST,Trust,REG-00080,Tamil Nadu District,Tamil Nadu,SubDistrict-80,"Sample Address 80, Tamil Nadu",600080,Education & Literacy,,,,2025-01-01T10:00:00,TRUE,80
sample_0081,TN/2025/100081,A KAJAAL BENEFICIARY TRUST,Trust,REG-00081,Tamil Nadu District,Tamil Nadu,SubDistrict-81,"Sample Address 81, Tamil Nadu",600081,Education & Literacy,,,,2025-01-01T10:00:00,TRUE,81
sample_0082,TN/2025/100082,A KALAIKUMAR,Trust,REG-00082,Tamil Nadu District,Tamil Nadu,SubDistrict-82,"Sample Address 82, Tamil Nadu",600082,Education & Literacy,,,,2025-01-01T10:00:00,TRUE,82
sample_0083,TN/2025/100083,A KARUPPIAH NADAR CHARITABLE TRUST,Trust,REG-00083,Tamil Nadu District,Tamil Nadu,SubDistrict-83,"Sample Address 83, Tamil Nadu",600083,Education & Literacy,,,,2025-01-01T10:00:00,TRUE,83
sample_0084,TN/2025/100084,A KARUPPIAH NADAR SIDHI VINAYAGAR TRUST,Trust,REG-00084,Tamil Nadu District,Tamil Nadu,SubDistrict-84,"Sample Address 84, Tamil Nadu",600084,Education & Literacy,,,,2025-01-01T10:00:00,TRUE,84
sample_0085,TN/2025/100085,A L GOVINDARAJULU CHARITIES,Trust,REG-00085,Tamil Nadu District,Tamil Nadu,SubDistrict-85,"Sample Address 85, Tamil Nadu",600085,Education & Literacy,,,,2025-01-01T10:00:00,TRUE,85
sample_0086,TN/2025/100086,A L GOVINDARAJULU FOUNDATION,Trust,REG-00086,Tamil Nadu District,Tamil Nadu,SubDistrict-86,"Sample Address 86, Tamil Nadu",600086,Education & Literacy,,,,2025-01-01T10:00:00,TRUE,86
sample_0087,TN/2025/100087,A M P CHARITABLE TRUST,Trust,REG-00087,Tamil Nadu District,Tamil Nadu,SubDistrict-87,"Sample Address 87, Tamil Nadu",600087,Education & Literacy,,,,2025-01-01T10:00:00,TRUE,87
sample_0088,TN/2025/100088,A M DURAISWAMY NADAR PALKANI AMMAL CHARITABLE TRUST,Trust,REG-00088,Tamil Nadu District,Tamil Nadu,SubDistrict-88,"Sample Address 88, Tamil Nadu",600088,Education & Literacy,,,,2025-01-01T10:00:00,TRUE,88
sample_0089,TN/2025/100089,A M K KANNAMMAI ACHI MEMORIAL TRUST,Trust,REG-00089,Tamil Nadu District,Tamil Nadu,SubDistrict-89,"Sample Address 89, Tamil Nadu",600089,Education & Literacy,,,,2025-01-01T10:00:00,TRUE,89
sample_0090,TN/2025/100090,A M M ARUNACHALAM TRUST,Trust,REG-00090,Tamil Nadu District,Tamil Nadu,SubDistrict-90,"Sample Address 90, Tamil Nadu",600090,Education & Literacy,,,,2025-01-01T10:00:00,TRUE,90
sample_0091,TN/2025/100091,A M M EDUCATIONAL AND CHARITABLE FOUNDATION,Trust,REG-00091,Tamil Nadu District,Tamil Nadu,SubDistrict-91,"Sample Address 91, Tamil Nadu",600091,Education & Literacy,,,,2025-01-01T10:00:00,TRUE,91
sample_0092,TN/2025/100092,A M P EDUCATIONAL AND CHARITABLE TRUST,Trust,REG-00092,Tamil Nadu District,Tamil Nadu,SubDistrict-92,"Sample Address 92, Tamil Nadu",600092,Education & Literacy,,,,2025-01-01T10:00:00,TRUE,92
sample_0093,TN/2025/100093,A M P EDUCATIONAL TRUST,Trust,REG-00093,Tamil Nadu District,Tamil Nadu,SubDistrict-93,"Sample Address 93, Tamil Nadu",600093,Education & Literacy,,,,2025-01-01T10:00:00,TRUE,93
sample_0094,TN/2025/100094,A M RAMESH CHARITABLE TRUST,Trust,REG-00094,Tamil Nadu District,Tamil Nadu,SubDistrict-94,"Sample Address 94, Tamil Nadu",600094,Education & Literacy,,,,2025-01-01T10:00:00,TRUE,94
sample_0095,TN/2025/100095,A M TRUST,Trust,REG-00095,Tamil Nadu District,Tamil Nadu,SubDistrict-95,"Sample Address 95, Tamil Nadu",600095,Education & Literacy,,,,2025-01-01T10:00:00,TRUE,95
sample_0096,TN/2025/100096,A M TRUST,Trust,REG-00096,Tamil Nadu District,Tamil Nadu,SubDistrict-96,"Sample Address 96, Tamil Nadu",600096,Education & Literacy,,,,2025-01-01T10:00:00,TRUE,96
sample_0097,TN/2025/100097,A NAGORE RKR TRUST,Trust,REG-00097,Tamil Nadu District,Tamil Nadu,SubDistrict-97,"Sample Address 97, Tamil Nadu",600097,Education & Literacy,,,,2025-01-01T10:00:00,TRUE,97
sample_0098,TN/2025/100098,A NEW BORN EDUCATIONAL TRUST,Trust,REG-00098,Tamil Nadu District,Tamil Nadu,SubDistrict-98,"Sample Address 98, Tamil Nadu",600098,Education & Literacy,,,,2025-01-01T10:00:00,TRUE,98
sample_0099,TN/2025/100099,A NEW VIEW CHARITABLE TRUST,Trust,REG-00099,Tamil Nadu District,Tamil Nadu,SubDistrict-99,"Sample Address 99, Tamil Nadu",600099,Education & Literacy,,,,2025-01-01T10:00:00,TRUE,99
20300280b801407523202d68642717a4,TS/2024/0399412,NEW VIDHYAVARDHINI EDUCATIONAL & WELFARE SOCIETY,Society,311 OF 2019,RANGA REDDY,Telangana,Hyderabad,NEW VIDHYAVARDHINI EDUCATIONAL,500097,,,,,2024-04-12T11:49:35,TRUE,
30860890720540b75a05888267612982,TS/2025/0558722,100 BUCKS FOUNDATION,Trust,24-2025,HYDERABAD,Telangana,Nampally,"FATEH SHAH NAGAR, HYDERABAD",500059,"Art & Culture, Education & Literacy, Human Rights",,17.3437,78.4954,2025-04-25T07:19:00,FALSE,
60e104e0d70940541dc0da2f28704203,TS/2019/0244806,100 Smiles Charity Foundation,Society,1588,RANGA REDDY,Telangana,HYDERABAD,"SAI RESIDENCY, KONDAPUR",500084,Education & Literacy,,,,2019-10-21T18:13:19,TRUE,
f05b0a105a0a404328a5e48b78555371,TS/2024/0449880,100K HEART FOUNDATION,Section 8 Company,U85300TG2022NPL164918,HYDERABAD,Telangana,Hyderabad,Hyderguda,500048,"Biotechnology, HIV/AIDS, Human Rights",,,,2024-10-21T14:01:02,TRUE,
00c307a02e03409738536069928b3f01,TS/2025/0541294,102 MOTHER CHILD SERVICES (UP),Section 8 Company,U85300TG2019NPL131234,RANGA REDDY,Telangana,SECUNDERABAD,Survey No: 670,500078,Health & Family Welfare,,,,2025-03-06T14:21:15,TRUE,
80050940380f40ae15561c3a82f39b27,TS/2022/0319418,21 CENTURY PLANET FOUNDATION,Section 8 Company,U85300TG2022NPL163203,HYDERABAD,Telangana,Hyderabad,Barakatpura,500027,Environment & Forests,,,,2022-08-03T13:20:49,TRUE,
c0270b30e60f40c31ca4ce0028b631b0,TS/2022/0305773,2CHANGE FOUNDATION,Section 8 Company,U80904TG2022NPL159348,HYDERABAD,Telangana,HYDERABAD,RK PURAM,500001,"Education & Literacy, Human Rights",,,,2022-02-09T15:42:34,TRUE,
60a909200608405d24c8782a33074ca6,TS/2024/0456841,3E FOUNDATION,Trust,130/BK IV/2021,HYDERABAD,Telangana,Hyderabad,Begumpet,500016,"Education & Literacy, Environment & Forests, Health & Family Welfare",,,,2024-10-10T12:45:39,TRUE,
10d20180100c40b311d73e9598fd82a3,TS/2022/0324488,A G CHARITABLE TRUST,Trust,4 OF 2022,YADADRI BHUVANAGIRI,Telangana,MOTHKUR,MOTHKUR,508277,,,,,2022-09-13T10:15:02,TRUE,
90c308f0790340a60f51de6a94fa3c17,TS/2017/0161222,A Handicapped Service Foundation,Trust,1409/94,KHAMMAM,Telangana,KHAMMAM,MUSTAFA NAGAR,507001,"Differently Abled, Education & Literacy",,,,2017-08-29T12:51:57,TRUE,
40480ae0e30940a626d09e7496e44b83,TS/2023/0375293,A N R FOUNDATION,Society,384,HYDERABAD,Telangana,HYDERABAD,MALAKPET,500036,"Children, Education & Literacy, Nutrition",,,,2023-12-15T11:15:05,TRUE,
f04405f0d408402a5e770531069516c3,TS/2025/0573613,A P GANDHI SMARAKNIDHI,Society,97/1962,HYDERABAD,Telangana,Nampally,SULTAN BAZAR,500095,"Education & Literacy, Health & Family Welfare",,17.3866178,78.4830179,2025-04-16T14:31:20,FALSE,
800d0b20bf0540460018a11d554c7fa8,TS/2018/0197430,AADARANA,Society,1352/2003,RANGA REDDY,Telangana,HYDERABAD,SAROOR NAGAR,500074,"Children, Health & Family Welfare, Women Empowerment",,,,2018-06-04T17:36:48,TRUE,
50a80950c50240b63ab1289872541269,TS/2025/0517795,AADHARANA FOUNDATION,Society,281/2024,RANGA REDDY,Telangana,Hyderabad,Serilingampally,500019,"Health & Family Welfare, Skill Development",,,,2025-02-08T15:06:20,TRUE,
300707e0b30e40fc1d17006c453445f4,TS/2022/0323510,AADHYASHI CARE FOUNDATION,Section 8 Company,U85300TG2022NPL165735,RANGA REDDY,Telangana,PUPPALGUDA,PUPPALGUDA,500089,"Education & Literacy, Environment & Forests",,,,2022-08-31T12:37:27,TRUE,
10b50590cf0240e211b5789499f15dc0,UP/2022/0318446,RURAL DEVELOPMENT AND PROSPERITY INITIATIVE SOCIETY,Society,,AYODHYA,Uttar Pradesh,Ayodhya,,224164,,,,,,TRUE,1
703f0460730b408f0896d37f024e7748,UP/2018/0192621,SHAIKSHIK SAMRADDHI SANSTHA,Society,,AGRA,Uttar Pradesh,Agra,,282001,,,,,,TRUE,2
e0050b40120440b016566c5a791c62c1,UP/2023/0335643,JNJAGRUK WELFARE FOUNDATION,Section 8 Company,,ALIGARH,Uttar Pradesh,ATRAULI,,202280,,,,,,TRUE,3
607a09402d0b401724a6bf69837e56e5,UP/2024/0465885,NATIONAL INSTITUTE OF SKILL DEVELOPMENT EDUCATION,Trust,,GHAZIABAD,Uttar Pradesh,Ghaziabad,,201009,,,,,,TRUE,4
b0fe0cc0290740592d78d674b27d5ee1,UP/2024/0458244,SHRI RAM SEVAK PARVATIYA KALA MANCH FOUNDATION,Section 8 Company,,GHAZIABAD,Uttar Pradesh,Shipra Sun City,,201014,,,,,,TRUE,5
10b50590cf0240e211b5789499f15dc0,UP/2022/0318446,RURAL DEVELOPMENT AND PROSPERITY INITIATIVE SOCIETY,Society,,AYODHYA,Uttar Pradesh,Ayodhya,,224164,,,,,,TRUE,6
703f0460730b408f0896d37f024e7748,UP/2018/0192621,SHAIKSHIK SAMRADDHI SANSTHA,Society,,AGRA,Uttar Pradesh,Agra,,282001,,,,,,TRUE,7
e0050b40120440b016566c5a791c62c1,UP/2023/0335643,JNJAGRUK WELFARE FOUNDATION,Section 8 Company,,ALIGARH,Uttar Pradesh,ATRAULI,,202280,,,,,,TRUE,8
607a09402d0b401724a6bf69837e56e5,UP/2024/0465885,NATIONAL INSTITUTE OF SKILL DEVELOPMENT EDUCATION,Trust,,GHAZIABAD,Uttar Pradesh,Ghaziabad,,201009,,,,,,TRUE,9
b0fe0cc0290740592d78d674b27d5ee1,UP/2024/0458244,SHRI RAM SEVAK PARVATIYA KALA MANCH FOUNDATION,Section 8 Company,,GHAZIABAD,Uttar Pradesh,Shipra Sun City,,201014,,,,,,TRUE,10
10b50590cf0240e211b5789499f15dc0,UP/2022/0318446,RURAL DEVELOPMENT AND PROSPERITY INITIATIVE SOCIETY,Society,,AYODHYA,Uttar Pradesh,Ayodhya,,224164,,,,,,TRUE,11
703f0460730b408f0896d37f024e7748,UP/2018/0192621,SHAIKSHIK SAMRADDHI SANSTHA,Society,,AGRA,Uttar Pradesh,Agra,,282001,,,,,,TRUE,12
e0050b40120440b016566c5a791c62c1,UP/2023/0335643,JNJAGRUK WELFARE FOUNDATION,Section 8 Company,,ALIGARH,Uttar Pradesh,ATRAULI,,202280,,,,,,TRUE,13
607a09402d0b401724a6bf69837e56e5,UP/2024/0465885,NATIONAL INSTITUTE OF SKILL DEVELOPMENT EDUCATION,Trust,,GHAZIABAD,Uttar Pradesh,Ghaziabad,,201009,,,,,,TRUE,14
b0fe0cc0290740592d78d674b27d5ee1,UP/2024/0458244,SHRI RAM SEVAK PARVATIYA KALA MANCH FOUNDATION,Section 8 Company,,GHAZIABAD,Uttar Pradesh,Shipra Sun City,,201014,,,,,,TRUE,15
10b50590cf0240e211b5789499f15dc0,UP/2022/0318446,RURAL DEVELOPMENT AND PROSPERITY INITIATIVE SOCIETY,Society,,AYODHYA,Uttar Pradesh,Ayodhya,,224164,,,,,,TRUE,16
703f0460730b408f0896d37f024e7748,UP/2018/0192621,SHAIKSHIK SAMRADDHI SANSTHA,Society,,AGRA,Uttar Pradesh,Agra,,282001,,,,,,TRUE,17
e0050b40120440b016566c5a791c62c1,UP/2023/0335643,JNJAGRUK WELFARE FOUNDATION,Section 8 Company,,ALIGARH,Uttar Pradesh,ATRAULI,,202280,,,,,,TRUE,18
607a09402d0b401724a6bf69837e56e5,UP/2024/0465885,NATIONAL INSTITUTE OF SKILL DEVELOPMENT EDUCATION,Trust,,GHAZIABAD,Uttar Pradesh,Ghaziabad,,201009,,,,,,TRUE,19
b0fe0cc0290740592d78d674b27d5ee1,UP/2024/0458244,SHRI RAM SEVAK PARVATIYA KALA MANCH FOUNDATION,Section 8 Company,,GHAZIABAD,Uttar Pradesh,Shipra Sun City,,201014,,,,,,TRUE,20
10b50590cf0240e211b5789499f15dc0,UP/2022/0318446,RURAL DEVELOPMENT AND PROSPERITY INITIATIVE SOCIETY,Society,,AYODHYA,Uttar Pradesh,Ayodhya,,224164,,,,,,TRUE,21
703f0460730b408f0896d37f024e7748,UP/2018/0192621,SHAIKSHIK SAMRADDHI SANSTHA,Society,,AGRA,Uttar Pradesh,Agra,,282001,,,,,,TRUE,22
e0050b40120440b016566c5a791c62c1,UP/2023/0335643,JNJAGRUK WELFARE FOUNDATION,Section 8 Company,,ALIGARH,Uttar Pradesh,ATRAULI,,202280,,,,,,TRUE,23
607a09402d0b401724a6bf69837e56e5,UP/2024/0465885,NATIONAL INSTITUTE OF SKILL DEVELOPMENT EDUCATION,Trust,,GHAZIABAD,Uttar Pradesh,Ghaziabad,,201009,,,,,,TRUE,24
b0fe0cc0290740592d78d674b27d5ee1,UP/2024/0458244,SHRI RAM SEVAK PARVATIYA KALA MANCH FOUNDATION,Section 8 Company,,GHAZIABAD,Uttar Pradesh,Shipra Sun City,,201014,,,,,,TRUE,25
10b50590cf0240e211b5789499f15dc0,UP/2022/0318446,RURAL DEVELOPMENT AND PROSPERITY INITIATIVE SOCIETY,Society,,AYODHYA,Uttar Pradesh,Ayodhya,,224164,,,,,,TRUE,26
703f0460730b408f0896d37f024e7748,UP/2018/0192621,SHAIKSHIK SAMRADDHI SANSTHA,Society,,AGRA,Uttar Pradesh,Agra,,282001,,,,,,TRUE,27
e0050b40120440b016566c5a791c62c1,UP/2023/0335643,JNJAGRUK WELFARE FOUNDATION,Section 8 Company,,ALIGARH,Uttar Pradesh,ATRAULI,,202280,,,,,,TRUE,28
607a09402d0b401724a6bf69837e56e5,UP/2024/0465885,NATIONAL INSTITUTE OF SKILL DEVELOPMENT EDUCATION,Trust,,GHAZIABAD,Uttar Pradesh,Ghaziabad,,201009,,,,,,TRUE,29
b0fe0cc0290740592d78d674b27d5ee1,UP/2024/0458244,SHRI RAM SEVAK PARVATIYA KALA MANCH FOUNDATION,Section 8 Company,,GHAZIABAD,Uttar Pradesh,Shipra Sun City,,201014,,,,,,TRUE,30
10b50590cf0240e211b5789499f15dc0,UP/2022/0318446,RURAL DEVELOPMENT AND PROSPERITY INITIATIVE SOCIETY,Society,,AYODHYA,Uttar Pradesh,Ayodhya,,224164,,,,,,TRUE,31
703f0460730b408f0896d37f024e7748,UP/2018/0192621,SHAIKSHIK SAMRADDHI SANSTHA,Society,,AGRA,Uttar Pradesh,Agra,,282001,,,,,,TRUE,32
e0050b40120440b016566c5a791c62c1,UP/2023/0335643,JNJAGRUK WELFARE FOUNDATION,Section 8 Company,,ALIGARH,Uttar Pradesh,ATRAULI,,202280,,,,,,TRUE,33
607a09402d0b401724a6bf69837e56e5,UP/2024/0465885,NATIONAL INSTITUTE OF SKILL DEVELOPMENT EDUCATION,Trust,,GHAZIABAD,Uttar Pradesh,Ghaziabad,,201009,,,,,,TRUE,34
b0fe0cc0290740592d78d674b27d5ee1,UP/2024/0458244,SHRI RAM SEVAK PARVATIYA KALA MANCH FOUNDATION,Section 8 Company,,GHAZIABAD,Uttar Pradesh,Shipra Sun City,,201014,,,,,,TRUE,35
10b50590cf0240e211b5789499f15dc0,UP/2022/0318446,RURAL DEVELOPMENT AND PROSPERITY INITIATIVE SOCIETY,Society,,AYODHYA,Uttar Pradesh,Ayodhya,,224164,,,,,,TRUE,36
703f0460730b408f0896d37f024e7748,UP/2018/0192621,SHAIKSHIK SAMRADDHI SANSTHA,Society,,AGRA,Uttar Pradesh,Agra,,282001,,,,,,TRUE,37
e0050b40120440b016566c5a791c62c1,UP/2023/0335643,JNJAGRUK WELFARE FOUNDATION,Section 8 Company,,ALIGARH,Uttar Pradesh,ATRAULI,,202280,,,,,,TRUE,38
607a09402d0b401724a6bf69837e56e5,UP/2024/0465885,NATIONAL INSTITUTE OF SKILL DEVELOPMENT EDUCATION,Trust,,GHAZIABAD,Uttar Pradesh,Ghaziabad,,201009,,,,,,TRUE,39
b0fe0cc0290740592d78d674b27d5ee1,UP/2024/0458244,SHRI RAM SEVAK PARVATIYA KALA MANCH FOUNDATION,Section 8 Company,,GHAZIABAD,Uttar Pradesh,Shipra Sun City,,201014,,,,,,TRUE,40
10b50590cf0240e211b5789499f15dc0,UP/2022/0318446,RURAL DEVELOPMENT AND PROSPERITY INITIATIVE SOCIETY,Society,,AYODHYA,Uttar Pradesh,Ayodhya,,224164,,,,,,TRUE,41
703f0460730b408f0896d37f024e7748,UP/2018/0192621,SHAIKSHIK SAMRADDHI SANSTHA,Society,,AGRA,Uttar Pradesh,Agra,,282001,,,,,,TRUE,42
e0050b40120440b016566c5a791c62c1,UP/2023/0335643,JNJAGRUK WELFARE FOUNDATION,Section 8 Company,,ALIGARH,Uttar Pradesh,ATRAULI,,202280,,,,,,TRUE,43
607a09402d0b401724a6bf69837e56e5,UP/2024/0465885,NATIONAL INSTITUTE OF SKILL DEVELOPMENT EDUCATION,Trust,,GHAZIABAD,Uttar Pradesh,Ghaziabad,,201009,,,,,,TRUE,44
b0fe0cc0290740592d78d674b27d5ee1,UP/2024/0458244,SHRI RAM SEVAK PARVATIYA KALA MANCH FOUNDATION,Section 8 Company,,GHAZIABAD,Uttar Pradesh,Shipra Sun City,,201014,,,,,,TRUE,45
10b50590cf0240e211b5789499f15dc0,UP/2022/0318446,RURAL DEVELOPMENT AND PROSPERITY INITIATIVE SOCIETY,Society,,AYODHYA,Uttar Pradesh,Ayodhya,,224164,,,,,,TRUE,46
703f0460730b408f0896d37f024e7748,UP/2018/0192621,SHAIKSHIK SAMRADDHI SANSTHA,Society,,AGRA,Uttar Pradesh,Agra,,282001,,,,,,TRUE,47
e0050b40120440b016566c5a791c62c1,UP/2023/0335643,JNJAGRUK WELFARE FOUNDATION,Section 8 Company,,ALIGARH,Uttar Pradesh,ATRAULI,,202280,,,,,,TRUE,48
607a09402d0b401724a6bf69837e56e5,UP/2024/0465885,NATIONAL INSTITUTE OF SKILL DEVELOPMENT EDUCATION,Trust,,GHAZIABAD,Uttar Pradesh,Ghaziabad,,201009,,,,,,TRUE,49
b0fe0cc0290740592d78d674b27d5ee1,UP/2024/0458244,SHRI RAM SEVAK PARVATIYA KALA MANCH FOUNDATION,Section 8 Company,,GHAZIABAD,Uttar Pradesh,Shipra Sun City,,201014,,,,,,TRUE,50
10b50590cf0240e211b5789499f15dc0,UP/2022/0318446,RURAL DEVELOPMENT AND PROSPERITY INITIATIVE SOCIETY,Society,,AYODHYA,Uttar Pradesh,Ayodhya,,224164,,,,,,TRUE,51
703f0460730b408f0896d37f024e7748,UP/2018/0192621,SHAIKSHIK SAMRADDHI SANSTHA,Society,,AGRA,Uttar Pradesh,Agra,,282001,,,,,,TRUE,52
e0050b40120440b016566c5a791c62c1,UP/2023/0335643,JNJAGRUK WELFARE FOUNDATION,Section 8 Company,,ALIGARH,Uttar Pradesh,ATRAULI,,202280,,,,,,TRUE,53
607a09402d0b401724a6bf69837e56e5,UP/2024/0465885,NATIONAL INSTITUTE OF SKILL DEVELOPMENT EDUCATION,Trust,,GHAZIABAD,Uttar Pradesh,Ghaziabad,,201009,,,,,,TRUE,54
b0fe0cc0290740592d78d674b27d5ee1,UP/2024/0458244,SHRI RAM SEVAK PARVATIYA KALA MANCH FOUNDATION,Section 8 Company,,GHAZIABAD,Uttar Pradesh,Shipra Sun City,,201014,,,,,,TRUE,55
10b50590cf0240e211b5789499f15dc0,UP/2022/0318446,RURAL DEVELOPMENT AND PROSPERITY INITIATIVE SOCIETY,Society,,AYODHYA,Uttar Pradesh,Ayodhya,,224164,,,,,,TRUE,56
703f0460730b408f0896d37f024e7748,UP/2018/0192621,SHAIKSHIK SAMRADDHI SANSTHA,Society,,AGRA,Uttar Pradesh,Agra,,282001,,,,,,TRUE,57
e0050b40120440b016566c5a791c62c1,UP/2023/0335643,JNJAGRUK WELFARE FOUNDATION,Section 8 Company,,ALIGARH,Uttar Pradesh,ATRAULI,,202280,,,,,,TRUE,58
607a09402d0b401724a6bf69837e56e5,UP/2024/0465885,NATIONAL INSTITUTE OF SKILL DEVELOPMENT EDUCATION,Trust,,GHAZIABAD,Uttar Pradesh,Ghaziabad,,201009,,,,,,TRUE,59
b0fe0cc0290740592d78d674b27d5ee1,UP/2024/0458244,SHRI RAM SEVAK PARVATIYA KALA MANCH FOUNDATION,Section 8 Company,,GHAZIABAD,Uttar Pradesh,Shipra Sun City,,201014,,,,,,TRUE,60
10b50590cf0240e211b5789499f15dc0,UP/2022/0318446,RURAL DEVELOPMENT AND PROSPERITY INITIATIVE SOCIETY,Society,,AYODHYA,Uttar Pradesh,Ayodhya,,224164,,,,,,TRUE,61
703f0460730b408f0896d37f024e7748,UP/2018/0192621,SHAIKSHIK SAMRADDHI SANSTHA,Society,,AGRA,Uttar Pradesh,Agra,,282001,,,,,,TRUE,62
e0050b40120440b016566c5a791c62c1,UP/2023/0335643,JNJAGRUK WELFARE FOUNDATION,Section 8 Company,,ALIGARH,Uttar Pradesh,ATRAULI,,202280,,,,,,TRUE,63
607a09402d0b401724a6bf69837e56e5,UP/2024/0465885,NATIONAL INSTITUTE OF SKILL DEVELOPMENT EDUCATION,Trust,,GHAZIABAD,Uttar Pradesh,Ghaziabad,,201009,,,,,,TRUE,64
b0fe0cc0290740592d78d674b27d5ee1,UP/2024/0458244,SHRI RAM SEVAK PARVATIYA KALA MANCH FOUNDATION,Section 8 Company,,GHAZIABAD,Uttar Pradesh,Shipra Sun City,,201014,,,,,,TRUE,65
10b50590cf0240e211b5789499f15dc0,UP/2022/0318446,RURAL DEVELOPMENT AND PROSPERITY INITIATIVE SOCIETY,Society,,AYODHYA,Uttar Pradesh,Ayodhya,,224164,,,,,,TRUE,66
703f0460730b408f0896d37f024e7748,UP/2018/0192621,SHAIKSHIK SAMRADDHI SANSTHA,Society,,AGRA,Uttar Pradesh,Agra,,282001,,,,,,TRUE,67
e0050b40120440b016566c5a791c62c1,UP/2023/0335643,JNJAGRUK WELFARE FOUNDATION,Section 8 Company,,ALIGARH,Uttar Pradesh,ATRAULI,,202280,,,,,,TRUE,68
607a09402d0b401724a6bf69837e56e5,UP/2024/0465885,NATIONAL INSTITUTE OF SKILL DEVELOPMENT EDUCATION,Trust,,GHAZIABAD,Uttar Pradesh,Ghaziabad,,201009,,,,,,TRUE,69
b0fe0cc0290740592d78d674b27d5ee1,UP/2024/0458244,SHRI RAM SEVAK PARVATIYA KALA MANCH FOUNDATION,Section 8 Company,,GHAZIABAD,Uttar Pradesh,Shipra Sun City,,201014,,,,,,TRUE,70
10b50590cf0240e211b5789499f15dc0,UP/2022/0318446,RURAL DEVELOPMENT AND PROSPERITY INITIATIVE SOCIETY,Society,,AYODHYA,Uttar Pradesh,Ayodhya,,224164,,,,,,TRUE,71
703f0460730b408f0896d37f024e7748,UP/2018/0192621,SHAIKSHIK SAMRADDHI SANSTHA,Society,,AGRA,Uttar Pradesh,Agra,,282001,,,,,,TRUE,72
e0050b40120440b016566c5a791c62c1,UP/2023/0335643,JNJAGRUK WELFARE FOUNDATION,Section 8 Company,,ALIGARH,Uttar Pradesh,ATRAULI,,202280,,,,,,TRUE,73
607a09402d0b401724a6bf69837e56e5,UP/2024/0465885,NATIONAL INSTITUTE OF SKILL DEVELOPMENT EDUCATION,Trust,,GHAZIABAD,Uttar Pradesh,Ghaziabad,,201009,,,,,,TRUE,74
b0fe0cc0290740592d78d674b27d5ee1,UP/2024/0458244,SHRI RAM SEVAK PARVATIYA KALA MANCH FOUNDATION,Section 8 Company,,GHAZIABAD,Uttar Pradesh,Shipra Sun City,,201014,,,,,,TRUE,75
10b50590cf0240e211b5789499f15dc0,UP/2022/0318446,RURAL DEVELOPMENT AND PROSPERITY INITIATIVE SOCIETY,Society,,AYODHYA,Uttar Pradesh,Ayodhya,,224164,,,,,,TRUE,76
703f0460730b408f0896d37f024e7748,UP/2018/0192621,SHAIKSHIK SAMRADDHI SANSTHA,Society,,AGRA,Uttar Pradesh,Agra,,282001,,,,,,TRUE,77
e0050b40120440b016566c5a791c62c1,UP/2023/0335643,JNJAGRUK WELFARE FOUNDATION,Section 8 Company,,ALIGARH,Uttar Pradesh,ATRAULI,,202280,,,,,,TRUE,78
607a09402d0b401724a6bf69837e56e5,UP/2024/0465885,NATIONAL INSTITUTE OF SKILL DEVELOPMENT EDUCATION,Trust,,GHAZIABAD,Uttar Pradesh,Ghaziabad,,201009,,,,,,TRUE,79
b0fe0cc0290740592d78d674b27d5ee1,UP/2024/0458244,SHRI RAM SEVAK PARVATIYA KALA MANCH FOUNDATION,Section 8 Company,,GHAZIABAD,Uttar Pradesh,Shipra Sun City,,201014,,,,,,TRUE,80
10b50590cf0240e211b5789499f15dc0,UP/2022/0318446,RURAL DEVELOPMENT AND PROSPERITY INITIATIVE SOCIETY,Society,,AYODHYA,Uttar Pradesh,Ayodhya,,224164,,,,,,TRUE,81
703f0460730b408f0896d37f024e7748,UP/2018/0192621,SHAIKSHIK SAMRADDHI SANSTHA,Society,,AGRA,Uttar Pradesh,Agra,,282001,,,,,,TRUE,82
e0050b40120440b016566c5a791c62c1,UP/2023/0335643,JNJAGRUK WELFARE FOUNDATION,Section 8 Company,,ALIGARH,Uttar Pradesh,ATRAULI,,202280,,,,,,TRUE,83
607a09402d0b401724a6bf69837e56e5,UP/2024/0465885,NATIONAL INSTITUTE OF SKILL DEVELOPMENT EDUCATION,Trust,,GHAZIABAD,Uttar Pradesh,Ghaziabad,,201009,,,,,,TRUE,84
b0fe0cc0290740592d78d674b27d5ee1,UP/2024/0458244,SHRI RAM SEVAK PARVATIYA KALA MANCH FOUNDATION,Section 8 Company,,GHAZIABAD,Uttar Pradesh,Shipra Sun City,,201014,,,,,,TRUE,85
10b50590cf0240e211b5789499f15dc0,UP/2022/0318446,RURAL DEVELOPMENT AND PROSPERITY INITIATIVE SOCIETY,Society,,AYODHYA,Uttar Pradesh,Ayodhya,,224164,,,,,,TRUE,86
703f0460730b408f0896d37f024e7748,UP/2018/0192621,SHAIKSHIK SAMRADDHI SANSTHA,Society,,AGRA,Uttar Pradesh,Agra,,282001,,,,,,TRUE,87
e0050b40120440b016566c5a791c62c1,UP/2023/0335643,JNJAGRUK WELFARE FOUNDATION,Section 8 Company,,ALIGARH,Uttar Pradesh,ATRAULI,,202280,,,,,,TRUE,88
607a09402d0b401724a6bf69837e56e5,UP/2024/0465885,NATIONAL INSTITUTE OF SKILL DEVELOPMENT EDUCATION,Trust,,GHAZIABAD,Uttar Pradesh,Ghaziabad,,201009,,,,,,TRUE,89
b0fe0cc0290740592d78d674b27d5ee1,UP/2024/0458244,SHRI RAM SEVAK PARVATIYA KALA MANCH FOUNDATION,Section 8 Company,,GHAZIABAD,Uttar Pradesh,Shipra Sun City,,201014,,,,,,TRUE,90
10b50590cf0240e211b5789499f15dc0,UP/2022/0318446,RURAL DEVELOPMENT AND PROSPERITY INITIATIVE SOCIETY,Society,,AYODHYA,Uttar Pradesh,Ayodhya,,224164,,,,,,TRUE,91
703f0460730b408f0896d37f024e7748,UP/2018/0192621,SHAIKSHIK SAMRADDHI SANSTHA,Society,,AGRA,Uttar Pradesh,Agra,,282001,,,,,,TRUE,92
e0050b40120440b016566c5a791c62c1,UP/2023/0335643,JNJAGRUK WELFARE FOUNDATION,Section 8 Company,,ALIGARH,Uttar Pradesh,ATRAULI,,202280,,,,,,TRUE,93
607a09402d0b401724a6bf69837e56e5,UP/2024/0465885,NATIONAL INSTITUTE OF SKILL DEVELOPMENT EDUCATION,Trust,,GHAZIABAD,Uttar Pradesh,Ghaziabad,,201009,,,,,,TRUE,94
b0fe0cc0290740592d78d674b27d5ee1,UP/2024/0458244,SHRI RAM SEVAK PARVATIYA KALA MANCH FOUNDATION,Section 8 Company,,GHAZIABAD,Uttar Pradesh,Shipra Sun City,,201014,,,,,,TRUE,95
10b50590cf0240e211b5789499f15dc0,UP/2022/0318446,RURAL DEVELOPMENT AND PROSPERITY INITIATIVE SOCIETY,Society,,AYODHYA,Uttar Pradesh,Ayodhya,,224164,,,,,,TRUE,96
703f0460730b408f0896d37f024e7748,UP/2018/0192621,SHAIKSHIK SAMRADDHI SANSTHA,Society,,AGRA,Uttar Pradesh,Agra,,282001,,,,,,TRUE,97
e0050b40120440b016566c5a791c62c1,UP/2023/0335643,JNJAGRUK WELFARE FOUNDATION,Section 8 Company,,ALIGARH,Uttar Pradesh,ATRAULI,,202280,,,,,,TRUE,98
607a09402d0b401724a6bf69837e56e5,UP/2024/0465885,NATIONAL INSTITUTE OF SKILL DEVELOPMENT EDUCATION,Trust,,GHAZIABAD,Uttar Pradesh,Ghaziabad,,201009,,,,,,TRUE,99
b0fe0cc0290740592d78d674b27d5ee1,UP/2024/0458244,SHRI RAM SEVAK PARVATIYA KALA MANCH FOUNDATION,Section 8 Company,,GHAZIABAD,Uttar Pradesh,Shipra Sun City,,201014,,,,,,TRUE,100
c04c05b0410040372d581a36e96d98e8,UA/2024/0457391,JAGADGURU HANSDEVACHARYA FOUNDATION,Section 8 Company,,HARIDWAR,Uttarakhand,HARIDWAR,,249407,,,,,,TRUE,1
40040c30570d409e2d08135f59cf3215,UA/2024/0471830,1SAAT CLUB FOUNDATION TRUST,Trust,,DEHRADUN,Uttarakhand,DEHRADUN,,248002,,,,,,TRUE,2
d0f006b05c0d404862e0d46ff20c9b75,UK/2025/0606295,3H WELFARE SOCIETY,Society,,DEHRADUN,Uttarakhand,Dehradun,,248001,,,,,,FALSE,3
20c60730920f405f3e41535d03c28907,UA/2025/0513190,5TH CENTENARY EDU AND CHARITABLE SOCIETY REGD,Trust,,UDAM SINGH NAGAR,Uttarakhand,Kichha,,263148,,,,,,TRUE,4
30d807d0a70d40a35ef9e604288624e4,UK/2025/0590824,7 C Trust,Trust,,TEHRI GARHWAL,Uttarakhand,Tehri,,249145,,,,,,FALSE,5
c04c05b0410040372d581a36e96d98e8,UA/2024/0457391,JAGADGURU HANSDEVACHARYA FOUNDATION,Section 8 Company,,HARIDWAR,Uttarakhand,HARIDWAR,,249407,,,,,,TRUE,6
40040c30570d409e2d08135f59cf3215,UA/2024/0471830,1SAAT CLUB FOUNDATION TRUST,Trust,,DEHRADUN,Uttarakhand,DEHRADUN,,248002,,,,,,TRUE,7
d0f006b05c0d404862e0d46ff20c9b75,UK/2025/0606295,3H WELFARE SOCIETY,Society,,DEHRADUN,Uttarakhand,Dehradun,,248001,,,,,,FALSE,8
20c60730920f405f3e41535d03c28907,UA/2025/0513190,5TH CENTENARY EDU AND CHARITABLE SOCIETY REGD,Trust,,UDAM SINGH NAGAR,Uttarakhand,Kichha,,263148,,,,,,TRUE,9
30d807d0a70d40a35ef9e604288624e4,UK/2025/0590824,7 C Trust,Trust,,TEHRI GARHWAL,Uttarakhand,Tehri,,249145,,,,,,FALSE,10
c04c05b0410040372d581a36e96d98e8,UA/2024/0457391,JAGADGURU HANSDEVACHARYA FOUNDATION,Section 8 Company,,HARIDWAR,Uttarakhand,HARIDWAR,,249407,,,,,,TRUE,11
40040c30570d409e2d08135f59cf3215,UA/2024/0471830,1SAAT CLUB FOUNDATION TRUST,Trust,,DEHRADUN,Uttarakhand,DEHRADUN,,248002,,,,,,TRUE,12
d0f006b05c0d404862e0d46ff20c9b75,UK/2025/0606295,3H WELFARE SOCIETY,Society,,DEHRADUN,Uttarakhand,Dehradun,,248001,,,,,,FALSE,13
20c60730920f405f3e41535d03c28907,UA/2025/0513190,5TH CENTENARY EDU AND CHARITABLE SOCIETY REGD,Trust,,UDAM SINGH NAGAR,Uttarakhand,Kichha,,263148,,,,,,TRUE,14
30d807d0a70d40a35ef9e604288624e4,UK/2025/0590824,7 C Trust,Trust,,TEHRI GARHWAL,Uttarakhand,Tehri,,249145,,,,,,FALSE,15
c04c05b0410040372d581a36e96d98e8,UA/2024/0457391,JAGADGURU HANSDEVACHARYA FOUNDATION,Section 8 Company,,HARIDWAR,Uttarakhand,HARIDWAR,,249407,,,,,,TRUE,16
40040c30570d409e2d08135f59cf3215,UA/2024/0471830,1SAAT CLUB FOUNDATION TRUST,Trust,,DEHRADUN,Uttarakhand,DEHRADUN,,248002,,,,,,TRUE,17
d0f006b05c0d404862e0d46ff20c9b75,UK/2025/0606295,3H WELFARE SOCIETY,Society,,DEHRADUN,Uttarakhand,Dehradun,,248001,,,,,,FALSE,18
20c60730920f405f3e41535d03c28907,UA/2025/0513190,5TH CENTENARY EDU AND CHARITABLE SOCIETY REGD,Trust,,UDAM SINGH NAGAR,Uttarakhand,Kichha,,263148,,,,,,TRUE,19
30d807d0a70d40a35ef9e604288624e4,UK/2025/0590824,7 C Trust,Trust,,TEHRI GARHWAL,Uttarakhand,Tehri,,249145,,,,,,FALSE,20
c04c05b0410040372d581a36e96d98e8,UA/2024/0457391,JAGADGURU HANSDEVACHARYA FOUNDATION,Section 8 Company,,HARIDWAR,Uttarakhand,HARIDWAR,,249407,,,,,,TRUE,21
40040c30570d409e2d08135f59cf3215,UA/2024/0471830,1SAAT CLUB FOUNDATION TRUST,Trust,,DEHRADUN,Uttarakhand,DEHRADUN,,248002,,,,,,TRUE,22
d0f006b05c0d404862e0d46ff20c9b75,UK/2025/0606295,3H WELFARE SOCIETY,Society,,DEHRADUN,Uttarakhand,Dehradun,,248001,,,,,,FALSE,23
20c60730920f405f3e41535d03c28907,UA/2025/0513190,5TH CENTENARY EDU AND CHARITABLE SOCIETY REGD,Trust,,UDAM SINGH NAGAR,Uttarakhand,Kichha,,263148,,,,,,TRUE,24
30d807d0a70d40a35ef9e604288624e4,UK/2025/0590824,7 C Trust,Trust,,TEHRI GARHWAL,Uttarakhand,Tehri,,249145,,,,,,FALSE,25
c04c05b0410040372d581a36e96d98e8,UA/2024/0457391,JAGADGURU HANSDEVACHARYA FOUNDATION,Section 8 Company,,HARIDWAR,Uttarakhand,HARIDWAR,,249407,,,,,,TRUE,26
40040c30570d409e2d08135f59cf3215,UA/2024/0471830,1SAAT CLUB FOUNDATION TRUST,Trust,,DEHRADUN,Uttarakhand,DEHRADUN,,248002,,,,,,TRUE,27
d0f006b05c0d404862e0d46ff20c9b75,UK/2025/0606295,3H WELFARE SOCIETY,Society,,DEHRADUN,Uttarakhand,Dehradun,,248001,,,,,,FALSE,28
20c60730920f405f3e41535d03c28907,UA/2025/0513190,5TH CENTENARY EDU AND CHARITABLE SOCIETY REGD,Trust,,UDAM SINGH NAGAR,Uttarakhand,Kichha,,263148,,,,,,TRUE,29
30d807d0a70d40a35ef9e604288624e4,UK/2025/0590824,7 C Trust,Trust,,TEHRI GARHWAL,Uttarakhand,Tehri,,249145,,,,,,FALSE,30
c04c05b0410040372d581a36e96d98e8,UA/2024/0457391,JAGADGURU HANSDEVACHARYA FOUNDATION,Section 8 Company,,HARIDWAR,Uttarakhand,HARIDWAR,,249407,,,,,,TRUE,31
40040c30570d409e2d08135f59cf3215,UA/2024/0471830,1SAAT CLUB FOUNDATION TRUST,Trust,,DEHRADUN,Uttarakhand,DEHRADUN,,248002,,,,,,TRUE,32
d0f006b05c0d404862e0d46ff20c9b75,UK/2025/0606295,3H WELFARE SOCIETY,Society,,DEHRADUN,Uttarakhand,Dehradun,,248001,,,,,,FALSE,33
20c60730920f405f3e41535d03c28907,UA/2025/0513190,5TH CENTENARY EDU AND CHARITABLE SOCIETY REGD,Trust,,UDAM SINGH NAGAR,Uttarakhand,Kichha,,263148,,,,,,TRUE,34
30d807d0a70d40a35ef9e604288624e4,UK/2025/0590824,7 C Trust,Trust,,TEHRI GARHWAL,Uttarakhand,Tehri,,249145,,,,,,FALSE,35
c04c05b0410040372d581a36e96d98e8,UA/2024/0457391,JAGADGURU HANSDEVACHARYA FOUNDATION,Section 8 Company,,HARIDWAR,Uttarakhand,HARIDWAR,,249407,,,,,,TRUE,36
40040c30570d409e2d08135f59cf3215,UA/2024/0471830,1SAAT CLUB FOUNDATION TRUST,Trust,,DEHRADUN,Uttarakhand,DEHRADUN,,248002,,,,,,TRUE,37
d0f006b05c0d404862e0d46ff20c9b75,UK/2025/0606295,3H WELFARE SOCIETY,Society,,DEHRADUN,Uttarakhand,Dehradun,,248001,,,,,,FALSE,38
20c60730920f405f3e41535d03c28907,UA/2025/0513190,5TH CENTENARY EDU AND CHARITABLE SOCIETY REGD,Trust,,UDAM SINGH NAGAR,Uttarakhand,Kichha,,263148,,,,,,TRUE,39
30d807d0a70d40a35ef9e604288624e4,UK/2025/0590824,7 C Trust,Trust,,TEHRI GARHWAL,Uttarakhand,Tehri,,249145,,,,,,FALSE,40
c04c05b0410040372d581a36e96d98e8,UA/2024/0457391,JAGADGURU HANSDEVACHARYA FOUNDATION,Section 8 Company,,HARIDWAR,Uttarakhand,HARIDWAR,,249407,,,,,,TRUE,41
40040c30570d409e2d08135f59cf3215,UA/2024/0471830,1SAAT CLUB FOUNDATION TRUST,Trust,,DEHRADUN,Uttarakhand,DEHRADUN,,248002,,,,,,TRUE,42
d0f006b05c0d404862e0d46ff20c9b75,UK/2025/0606295,3H WELFARE SOCIETY,Society,,DEHRADUN,Uttarakhand,Dehradun,,248001,,,,,,FALSE,43
20c60730920f405f3e41535d03c28907,UA/2025/0513190,5TH CENTENARY EDU AND CHARITABLE SOCIETY REGD,Trust,,UDAM SINGH NAGAR,Uttarakhand,Kichha,,263148,,,,,,TRUE,44
30d807d0a70d40a35ef9e604288624e4,UK/2025/0590824,7 C Trust,Trust,,TEHRI GARHWAL,Uttarakhand,Tehri,,249145,,,,,,FALSE,45
c04c05b0410040372d581a36e96d98e8,UA/2024/0457391,JAGADGURU HANSDEVACHARYA FOUNDATION,Section 8 Company,,HARIDWAR,Uttarakhand,HARIDWAR,,249407,,,,,,TRUE,46
40040c30570d409e2d08135f59cf3215,UA/2024/0471830,1SAAT CLUB FOUNDATION TRUST,Trust,,DEHRADUN,Uttarakhand,DEHRADUN,,248002,,,,,,TRUE,47
d0f006b05c0d404862e0d46ff20c9b75,UK/2025/0606295,3H WELFARE SOCIETY,Society,,DEHRADUN,Uttarakhand,Dehradun,,248001,,,,,,FALSE,48
20c60730920f405f3e41535d03c28907,UA/2025/0513190,5TH CENTENARY EDU AND CHARITABLE SOCIETY REGD,Trust,,UDAM SINGH NAGAR,Uttarakhand,Kichha,,263148,,,,,,TRUE,49
30d807d0a70d40a35ef9e604288624e4,UK/2025/0590824,7 C Trust,Trust,,TEHRI GARHWAL,Uttarakhand,Tehri,,249145,,,,,,FALSE,50
c04c05b0410040372d581a36e96d98e8,UA/2024/0457391,JAGADGURU HANSDEVACHARYA FOUNDATION,Section 8 Company,,HARIDWAR,Uttarakhand,HARIDWAR,,249407,,,,,,TRUE,51
40040c30570d409e2d08135f59cf3215,UA/2024/0471830,1SAAT CLUB FOUNDATION TRUST,Trust,,DEHRADUN,Uttarakhand,DEHRADUN,,248002,,,,,,TRUE,52
d0f006b05c0d404862e0d46ff20c9b75,UK/2025/0606295,3H WELFARE SOCIETY,Society,,DEHRADUN,Uttarakhand,Dehradun,,248001,,,,,,FALSE,53
20c60730920f405f3e41535d03c28907,UA/2025/0513190,5TH CENTENARY EDU AND CHARITABLE SOCIETY REGD,Trust,,UDAM SINGH NAGAR,Uttarakhand,Kichha,,263148,,,,,,TRUE,54
30d807d0a70d40a35ef9e604288624e4,UK/2025/0590824,7 C Trust,Trust,,TEHRI GARHWAL,Uttarakhand,Tehri,,249145,,,,,,FALSE,55
c04c05b0410040372d581a36e96d98e8,UA/2024/0457391,JAGADGURU HANSDEVACHARYA FOUNDATION,Section 8 Company,,HARIDWAR,Uttarakhand,HARIDWAR,,249407,,,,,,TRUE,56
40040c30570d409e2d08135f59cf3215,UA/2024/0471830,1SAAT CLUB FOUNDATION TRUST,Trust,,DEHRADUN,Uttarakhand,DEHRADUN,,248002,,,,,,TRUE,57
d0f006b05c0d404862e0d46ff20c9b75,UK/2025/0606295,3H WELFARE SOCIETY,Society,,DEHRADUN,Uttarakhand,Dehradun,,248001,,,,,,FALSE,58
20c60730920f405f3e41535d03c28907,UA/2025/0513190,5TH CENTENARY EDU AND CHARITABLE SOCIETY REGD,Trust,,UDAM SINGH NAGAR,Uttarakhand,Kichha,,263148,,,,,,TRUE,59
30d807d0a70d40a35ef9e604288624e4,UK/2025/0590824,7 C Trust,Trust,,TEHRI GARHWAL,Uttarakhand,Tehri,,249145,,,,,,FALSE,60
c04c05b0410040372d581a36e96d98e8,UA/2024/0457391,JAGADGURU HANSDEVACHARYA FOUNDATION,Section 8 Company,,HARIDWAR,Uttarakhand,HARIDWAR,,249407,,,,,,TRUE,61
40040c30570d409e2d08135f59cf3215,UA/2024/0471830,1SAAT CLUB FOUNDATION TRUST,Trust,,DEHRADUN,Uttarakhand,DEHRADUN,,248002,,,,,,TRUE,62
d0f006b05c0d404862e0d46ff20c9b75,UK/2025/0606295,3H WELFARE SOCIETY,Society,,DEHRADUN,Uttarakhand,Dehradun,,248001,,,,,,FALSE,63
20c60730920f405f3e41535d03c28907,UA/2025/0513190,5TH CENTENARY EDU AND CHARITABLE SOCIETY REGD,Trust,,UDAM SINGH NAGAR,Uttarakhand,Kichha,,263148,,,,,,TRUE,64
30d807d0a70d40a35ef9e604288624e4,UK/2025/0590824,7 C Trust,Trust,,TEHRI GARHWAL,Uttarakhand,Tehri,,249145,,,,,,FALSE,65
c04c05b0410040372d581a36e96d98e8,UA/2024/0457391,JAGADGURU HANSDEVACHARYA FOUNDATION,Section 8 Company,,HARIDWAR,Uttarakhand,HARIDWAR,,249407,,,,,,TRUE,66
40040c30570d409e2d08135f59cf3215,UA/2024/0471830,1SAAT CLUB FOUNDATION TRUST,Trust,,DEHRADUN,Uttarakhand,DEHRADUN,,248002,,,,,,TRUE,67
d0f006b05c0d404862e0d46ff20c9b75,UK/2025/0606295,3H WELFARE SOCIETY,Society,,DEHRADUN,Uttarakhand,Dehradun,,248001,,,,,,FALSE,68
20c60730920f405f3e41535d03c28907,UA/2025/0513190,5TH CENTENARY EDU AND CHARITABLE SOCIETY REGD,Trust,,UDAM SINGH NAGAR,Uttarakhand,Kichha,,263148,,,,,,TRUE,69
30d807d0a70d40a35ef9e604288624e4,UK/2025/0590824,7 C Trust,Trust,,TEHRI GARHWAL,Uttarakhand,Tehri,,249145,,,,,,FALSE,70
c04c05b0410040372d581a36e96d98e8,UA/2024/0457391,JAGADGURU HANSDEVACHARYA FOUNDATION,Section 8 Company,,HARIDWAR,Uttarakhand,HARIDWAR,,249407,,,,,,TRUE,71
40040c30570d409e2d08135f59cf3215,UA/2024/0471830,1SAAT CLUB FOUNDATION TRUST,Trust,,DEHRADUN,Uttarakhand,DEHRADUN,,248002,,,,,,TRUE,72
d0f006b05c0d404862e0d46ff20c9b75,UK/2025/0606295,3H WELFARE SOCIETY,Society,,DEHRADUN,Uttarakhand,Dehradun,,248001,,,,,,FALSE,73
20c60730920f405f3e41535d03c28907,UA/2025/0513190,5TH CENTENARY EDU AND CHARITABLE SOCIETY REGD,Trust,,UDAM SINGH NAGAR,Uttarakhand,Kichha,,263148,,,,,,TRUE,74
30d807d0a70d40a35ef9e604288624e4,UK/2025/0590824,7 C Trust,Trust,,TEHRI GARHWAL,Uttarakhand,Tehri,,249145,,,,,,FALSE,75
c04c05b0410040372d581a36e96d98e8,UA/2024/0457391,JAGADGURU HANSDEVACHARYA FOUNDATION,Section 8 Company,,HARIDWAR,Uttarakhand,HARIDWAR,,249407,,,,,,TRUE,76
40040c30570d409e2d08135f59cf3215,UA/2024/0471830,1SAAT CLUB FOUNDATION TRUST,Trust,,DEHRADUN,Uttarakhand,DEHRADUN,,248002,,,,,,TRUE,77
d0f006b05c0d404862e0d46ff20c9b75,UK/2025/0606295,3H WELFARE SOCIETY,Society,,DEHRADUN,Uttarakhand,Dehradun,,248001,,,,,,FALSE,78
20c60730920f405f3e41535d03c28907,UA/2025/0513190,5TH CENTENARY EDU AND CHARITABLE SOCIETY REGD,Trust,,UDAM SINGH NAGAR,Uttarakhand,Kichha,,263148,,,,,,TRUE,79
30d807d0a70d40a35ef9e604288624e4,UK/2025/0590824,7 C Trust,Trust,,TEHRI GARHWAL,Uttarakhand,Tehri,,249145,,,,,,FALSE,80
c04c05b0410040372d581a36e96d98e8,UA/2024/0457391,JAGADGURU HANSDEVACHARYA FOUNDATION,Section 8 Company,,HARIDWAR,Uttarakhand,HARIDWAR,,249407,,,,,,TRUE,81
40040c30570d409e2d08135f59cf3215,UA/2024/0471830,1SAAT CLUB FOUNDATION TRUST,Trust,,DEHRADUN,Uttarakhand,DEHRADUN,,248002,,,,,,TRUE,82
d0f006b05c0d404862e0d46ff20c9b75,UK/2025/0606295,3H WELFARE SOCIETY,Society,,DEHRADUN,Uttarakhand,Dehradun,,248001,,,,,,FALSE,83
20c60730920f405f3e41535d03c28907,UA/2025/0513190,5TH CENTENARY EDU AND CHARITABLE SOCIETY REGD,Trust,,UDAM SINGH NAGAR,Uttarakhand,Kichha,,263148,,,,,,TRUE,84
30d807d0a70d40a35ef9e604288624e4,UK/2025/0590824,7 C Trust,Trust,,TEHRI GARHWAL,Uttarakhand,Tehri,,249145,,,,,,FALSE,85
c04c05b0410040372d581a36e96d98e8,UA/2024/0457391,JAGADGURU HANSDEVACHARYA FOUNDATION,Section 8 Company,,HARIDWAR,Uttarakhand,HARIDWAR,,249407,,,,,,TRUE,86
40040c30570d409e2d08135f59cf3215,UA/2024/0471830,1SAAT CLUB FOUNDATION TRUST,Trust,,DEHRADUN,Uttarakhand,DEHRADUN,,248002,,,,,,TRUE,87
d0f006b05c0d404862e0d46ff20c9b75,UK/2025/0606295,3H WELFARE SOCIETY,Society,,DEHRADUN,Uttarakhand,Dehradun,,248001,,,,,,FALSE,88
20c60730920f405f3e41535d03c28907,UA/2025/0513190,5TH CENTENARY EDU AND CHARITABLE SOCIETY REGD,Trust,,UDAM SINGH NAGAR,Uttarakhand,Kichha,,263148,,,,,,TRUE,89
30d807d0a70d40a35ef9e604288624e4,UK/2025/0590824,7 C Trust,Trust,,TEHRI GARHWAL,Uttarakhand,Tehri,,249145,,,,,,FALSE,90
c04c05b0410040372d581a36e96d98e8,UA/2024/0457391,JAGADGURU HANSDEVACHARYA FOUNDATION,Section 8 Company,,HARIDWAR,Uttarakhand,HARIDWAR,,249407,,,,,,TRUE,91
40040c30570d409e2d08135f59cf3215,UA/2024/0471830,1SAAT CLUB FOUNDATION TRUST,Trust,,DEHRADUN,Uttarakhand,DEHRADUN,,248002,,,,,,TRUE,92
d0f006b05c0d404862e0d46ff20c9b75,UK/2025/0606295,3H WELFARE SOCIETY,Society,,DEHRADUN,Uttarakhand,Dehradun,,248001,,,,,,FALSE,93
20c60730920f405f3e41535d03c28907,UA/2025/0513190,5TH CENTENARY EDU AND CHARITABLE SOCIETY REGD,Trust,,UDAM SINGH NAGAR,Uttarakhand,Kichha,,263148,,,,,,TRUE,94
30d807d0a70d40a35ef9e604288624e4,UK/2025/0590824,7 C Trust,Trust,,TEHRI GARHWAL,Uttarakhand,Tehri,,249145,,,,,,FALSE,95
c04c05b0410040372d581a36e96d98e8,UA/2024/0457391,JAGADGURU HANSDEVACHARYA FOUNDATION,Section 8 Company,,HARIDWAR,Uttarakhand,HARIDWAR,,249407,,,,,,TRUE,96
40040c30570d409e2d08135f59cf3215,UA/2024/0471830,1SAAT CLUB FOUNDATION TRUST,Trust,,DEHRADUN,Uttarakhand,DEHRADUN,,248002,,,,,,TRUE,97
d0f006b05c0d404862e0d46ff20c9b75,UK/2025/0606295,3H WELFARE SOCIETY,Society,,DEHRADUN,Uttarakhand,Dehradun,,248001,,,,,,FALSE,98
20c60730920f405f3e41535d03c28907,UA/2025/0513190,5TH CENTENARY EDU AND CHARITABLE SOCIETY REGD,Trust,,UDAM SINGH NAGAR,Uttarakhand,Kichha,,263148,,,,,,TRUE,99
30d807d0a70d40a35ef9e604288624e4,UK/2025/0590824,7 C Trust,Trust,,TEHRI GARHWAL,Uttarakhand,Tehri,,249145,,,,,,FALSE,100
WB001,WB/2025/100001,14 MILE AMRA SEBAK SANGHA 1,Trust,S/17316,HOOGHLY,West Bengal,KOLKATA,"Sample Address 1, West Bengal",713675,Rural Development,,,,2025-11-13T12:00:00,FALSE,
WB002,WB/2025/100002,BARRACKPORE DIOCESAN BOARD OF SOCIAL SERVICES 2,Trust,S/86740,KOLKATA,West Bengal,MURSHIDABAD,"Sample Address 2, West Bengal",704140,Art & Culture,,,,2025-03-09T12:00:00,FALSE,
WB003,WB/2025/100003,365 Care Charitable Trust 3,Section 8 Company,S/23000,NADIA,West Bengal,PURBA BARDHAMAN,"Sample Address 3, West Bengal",708981,Children,,,,2025-02-06T12:00:00,FALSE,
WB004,WB/2025/100004,ZINIYA MICRO SERVICE FOUNDATION 4,Trust,S/28901,SOUTH 24 PARGANAS,West Bengal,SOUTH 24 PARGANAS,"Sample Address 4, West Bengal",742928,Skill Development,,,,2025-09-12T12:00:00,FALSE,
WB005,WB/2025/100005,KANDRATIKURI WOOD CRAFT WELFARE SOCIETY 5,Trust,S/33331,HOOGHLY,West Bengal,NORTH 24 PARGANAS,"Sample Address 5, West Bengal",724297,Nutrition,,,,2025-06-03T12:00:00,TRUE,
WB006,WB/2025/100006,BARRACKPORE DIOCESAN BOARD OF SOCIAL SERVICES 6,Society,S/69957,MALDA,West Bengal,MURSHIDABAD,"Sample Address 6, West Bengal",708291,Children,,,,2025-03-18T12:00:00,TRUE,
WB007,WB/2025/100007,2ND LIFE FOUNDATION 7,Trust,S/5921,PURBA BARDHAMAN,West Bengal,NORTH 24 PARGANAS,"Sample Address 7, West Bengal",700930,Art & Culture,,,,2025-05-11T12:00:00,FALSE,
WB008,WB/2025/100008,KANDRATIKURI WOOD CRAFT WELFARE SOCIETY 8,Society,S/18122,HOWRAH,West Bengal,KOLKATA,"Sample Address 8, West Bengal",743897,Skill Development,,,,2025-09-01T12:00:00,FALSE,
WB009,WB/2025/100009,16 MILE EDUCATIONAL WELFARE SOCIETY & LIBRARY 9,Trust,S/77950,KOLKATA,West Bengal,HOOGHLY,"Sample Address 9, West Bengal",705712,Sports,,,,2025-05-12T12:00:00,TRUE,
WB010,WB/2025/100010,KANDRATIKURI WOOD CRAFT WELFARE SOCIETY 10,Society,S/20032,NADIA,West Bengal,KOLKATA,"Sample Address 10, West Bengal",700193,Human Rights,,,,2025-11-26T12:00:00,TRUE,
WB011,WB/2025/100011,365 Care Charitable Trust 11,Society,S/86336,PURBA BARDHAMAN,West Bengal,NADIA,"Sample Address 11, West Bengal",734361,Health & Family Welfare,,,,2025-02-11T12:00:00,FALSE,
WB012,WB/2025/100012,16 MILE EDUCATIONAL WELFARE SOCIETY & LIBRARY 12,Section 8 Company,S/43595,NORTH 24 PARGANAS,West Bengal,KOLKATA,"Sample Address 12, West Bengal",708797,Children,,,,2025-06-11T12:00:00,FALSE,
WB013,WB/2025/100013,365 Care Charitable Trust 13,Trust,S/55389,NADIA,West Bengal,PURBA BARDHAMAN,"Sample Address 13, West Bengal",721494,Health & Family Welfare,,,,2025-03-18T12:00:00,TRUE,
WB014,WB/2025/100014,BARRACKPORE DIOCESAN BOARD OF SOCIAL SERVICES 14,Trust,S/18852,SOUTH 24 PARGANAS,West Bengal,NORTH 24 PARGANAS,"Sample Address 14, West Bengal",701261,Women Development,,,,2025-01-12T12:00:00,TRUE,
WB015,WB/2025/100015,365 Care Charitable Trust 15,Section 8 Company,S/8154,KOLKATA,West Bengal,HOOGHLY,"Sample Address 15, West Bengal",703958,Human Rights,,,,2025-06-01T12:00:00,FALSE,
WB016,WB/2025/100016,OLDCHILD FOUNDATION 16,Section 8 Company,S/74818,PURBA BARDHAMAN,West Bengal,KOLKATA,"Sample Address 16, West Bengal",711153,Education & Literacy,,,,2025-04-27T12:00:00,TRUE,
WB017,WB/2025/100017,ST PETERS VOCATIONAL TRAINING CENTRE 17,Trust,S/55946,KOLKATA,West Bengal,PURBA BARDHAMAN,"Sample Address 17, West Bengal",729700,Human Rights,,,,2025-10-14T12:00:00,TRUE,
WB018,WB/2025/100018,16 MILE EDUCATIONAL WELFARE SOCIETY & LIBRARY 18,Section 8 Company,S/61994,NADIA,West Bengal,HOWRAH,"Sample Address 18, West Bengal",702624,Human Rights,,,,2025-07-22T12:00:00,TRUE,
WB019,WB/2025/100019,16 MILE EDUCATIONAL WELFARE SOCIETY & LIBRARY 19,Society,S/72364,SOUTH 24 PARGANAS,West Bengal,SOUTH 24 PARGANAS,"Sample Address 19, West Bengal",726364,Health & Family Welfare,,,,2025-01-23T12:00:00,TRUE,
WB020,WB/2025/100020,BARRACKPORE DIOCESAN BOARD OF SOCIAL SERVICES 20,Section 8 Company,S/82329,MURSHIDABAD,West Bengal,SOUTH 24 PARGANAS,"Sample Address 20, West Bengal",730597,Women Development,,,,2025-08-16T12:00:00,TRUE,
WB021,WB/2025/100021,16 MILE EDUCATIONAL WELFARE SOCIETY & LIBRARY 21,Section 8 Company,S/35403,MALDA,West Bengal,NADIA,"Sample Address 21, West Bengal",718537,Women Development,,,,2025-05-21T12:00:00,FALSE,
WB022,WB/2025/100022,BARRACKPORE DIOCESAN BOARD OF SOCIAL SERVICES 22,Society,S/54183,PURBA BARDHAMAN,West Bengal,MURSHIDABAD,"Sample Address 22, West Bengal",710014,Health & Family Welfare,,,,2025-11-19T12:00:00,TRUE,
WB023,WB/2025/100023,OLDCHILD FOUNDATION 23,Society,S/13207,NADIA,West Bengal,NORTH 24 PARGANAS,"Sample Address 23, West Bengal",726920,Children,,,,2025-03-26T12:00:00,FALSE,
WB024,WB/2025/100024,Help Us Help Them 24,Trust,S/2689,NORTH 24 PARGANAS,West Bengal,HOOGHLY,"Sample Address 24, West Bengal",709432,Sports,,,,2025-09-08T12:00:00,FALSE,
WB025,WB/2025/100025,ST PETERS VOCATIONAL TRAINING CENTRE 25,Society,S/5186,NADIA,West Bengal,MURSHIDABAD,"Sample Address 25, West Bengal",735868,Education & Literacy,,,,2025-07-02T12:00:00,FALSE,
WB026,WB/2025/100026,16 MILE EDUCATIONAL WELFARE SOCIETY & LIBRARY 26,Society,S/1011,MURSHIDABAD,West Bengal,MALDA,"Sample Address 26, West Bengal",713297,Nutrition,,,,2025-04-06T12:00:00,TRUE,
WB027,WB/2025/100027,ZINIYA MICRO SERVICE FOUNDATION 27,Society,S/77500,MURSHIDABAD,West Bengal,MALDA,"Sample Address 27, West Bengal",720030,Human Rights,,,,2025-09-14T12:00:00,FALSE,
WB028,WB/2025/100028,365 Care Charitable Trust 28,Section 8 Company,S/88265,NORTH 24 PARGANAS,West Bengal,MALDA,"Sample Address 28, West Bengal",705543,Rural Development,,,,2025-08-28T12:00:00,TRUE,
WB029,WB/2025/100029,2ND LIFE FOUNDATION 29,Section 8 Company,S/96227,MALDA,West Bengal,MALDA,"Sample Address 29, West Bengal",720799,Health & Family Welfare,,,,2025-02-27T12:00:00,TRUE,
WB030,WB/2025/100030,ST PETERS VOCATIONAL TRAINING CENTRE 30,Society,S/65187,NADIA,West Bengal,MURSHIDABAD,"Sample Address 30, West Bengal",703545,Women Development,,,,2025-06-02T12:00:00,FALSE,
WB031,WB/2025/100031,BARRACKPORE DIOCESAN BOARD OF SOCIAL SERVICES 31,Society,S/26899,PURBA BARDHAMAN,West Bengal,MURSHIDABAD,"Sample Address 31, West Bengal",719622,Skill Development,,,,2025-12-27T12:00:00,TRUE,
WB032,WB/2025/100032,BARRACKPORE DIOCESAN BOARD OF SOCIAL SERVICES 32,Section 8 Company,S/46652,SOUTH 24 PARGANAS,West Bengal,SOUTH 24 PARGANAS,"Sample Address 32, West Bengal",729046,Health & Family Welfare,,,,2025-07-07T12:00:00,FALSE,
WB033,WB/2025/100033,ZINIYA MICRO SERVICE FOUNDATION 33,Section 8 Company,S/69201,PURBA BARDHAMAN,West Bengal,MALDA,"Sample Address 33, West Bengal",716007,Health & Family Welfare,,,,2025-05-27T12:00:00,FALSE,
WB034,WB/2025/100034,16 MILE EDUCATIONAL WELFARE SOCIETY & LIBRARY 34,Trust,S/95188,NADIA,West Bengal,MURSHIDABAD,"Sample Address 34, West Bengal",735121,Education & Literacy,,,,2025-03-28T12:00:00,FALSE,
WB035,WB/2025/100035,2ND LIFE FOUNDATION 35,Trust,S/9921,HOWRAH,West Bengal,NORTH 24 PARGANAS,"Sample Address 35, West Bengal",717327,Skill Development,,,,2025-10-20T12:00:00,TRUE,
WB036,WB/2025/100036,2ND LIFE FOUNDATION 36,Trust,S/21677,MURSHIDABAD,West Bengal,PURBA BARDHAMAN,"Sample Address 36, West Bengal",734085,Health & Family Welfare,,,,2025-03-07T12:00:00,FALSE,
WB037,WB/2025/100037,16 MILE EDUCATIONAL WELFARE SOCIETY & LIBRARY 37,Section 8 Company,S/81560,MALDA,West Bengal,MALDA,"Sample Address 37, West Bengal",743920,Women Development,,,,2025-08-18T12:00:00,FALSE,
WB038,WB/2025/100038,ZINIYA MICRO SERVICE FOUNDATION 38,Section 8 Company,S/91538,NADIA,West Bengal,SOUTH 24 PARGANAS,"Sample Address 38, West Bengal",742407,Human Rights,,,,2025-06-08T12:00:00,TRUE,
WB039,WB/2025/100039,ST PETERS VOCATIONAL TRAINING CENTRE 39,Society,S/27693,MALDA,West Bengal,HOWRAH,"Sample Address 39, West Bengal",725654,Sports,,,,2025-05-04T12:00:00,FALSE,
WB040,WB/2025/100040,2ND LIFE FOUNDATION 40,Trust,S/61541,MURSHIDABAD,West Bengal,HOWRAH,"Sample Address 40, West Bengal",715336,Art & Culture,,,,2025-06-27T12:00:00,TRUE,
WB041,WB/2025/100041,14 MILE AMRA SEBAK SANGHA 41,Section 8 Company,S/37652,NORTH 24 PARGANAS,West Bengal,MURSHIDABAD,"Sample Address 41, West Bengal",704275,Education & Literacy,,,,2025-07-18T12:00:00,FALSE,
WB042,WB/2025/100042,KANDRATIKURI WOOD CRAFT WELFARE SOCIETY 42,Trust,S/79557,HOWRAH,West Bengal,KOLKATA,"Sample Address 42, West Bengal",734636,Human Rights,,,,2025-01-15T12:00:00,TRUE,
WB043,WB/2025/100043,14 MILE AMRA SEBAK SANGHA 43,Society,S/29486,MALDA,West Bengal,MALDA,"Sample Address 43, West Bengal",738955,Sports,,,,2025-04-09T12:00:00,FALSE,
WB044,WB/2025/100044,2ND LIFE FOUNDATION 44,Section 8 Company,S/32372,MALDA,West Bengal,MALDA,"Sample Address 44, West Bengal",727428,Children,,,,2025-08-10T12:00:00,TRUE,
WB045,WB/2025/100045,ST PETERS VOCATIONAL TRAINING CENTRE 45,Section 8 Company,S/57495,NADIA,West Bengal,MURSHIDABAD,"Sample Address 45, West Bengal",724668,Art & Culture,,,,2025-09-13T12:00:00,FALSE,
WB046,WB/2025/100046,ZINIYA MICRO SERVICE FOUNDATION 46,Society,S/8677,MALDA,West Bengal,SOUTH 24 PARGANAS,"Sample Address 46, West Bengal",709106,Human Rights,,,,2025-11-11T12:00:00,TRUE,
WB047,WB/2025/100047,BARRACKPORE DIOCESAN BOARD OF SOCIAL SERVICES 47,Trust,S/65983,HOWRAH,West Bengal,NADIA,"Sample Address 47, West Bengal",742692,Rural Development,,,,2025-06-26T12:00:00,TRUE,
WB048,WB/2025/100048,OLDCHILD FOUNDATION 48,Trust,S/39265,NADIA,West Bengal,MURSHIDABAD,"Sample Address 48, West Bengal",733439,Education & Literacy,,,,2025-02-09T12:00:00,TRUE,
WB049,WB/2025/100049,16 MILE EDUCATIONAL WELFARE SOCIETY & LIBRARY 49,Trust,S/62631,SOUTH 24 PARGANAS,West Bengal,KOLKATA,"Sample Address 49, West Bengal",705096,Education & Literacy,,,,2025-02-11T12:00:00,FALSE,
WB050,WB/2025/100050,ST PETERS VOCATIONAL TRAINING CENTRE 50,Trust,S/9942,MALDA,West Bengal,NORTH 24 PARGANAS,"Sample Address 50, West Bengal",729512,Skill Development,,,,2025-06-16T12:00:00,TRUE,
WB051,WB/2025/100051,365 Care Charitable Trust 51,Society,S/23064,MURSHIDABAD,West Bengal,MURSHIDABAD,"Sample Address 51, West Bengal",742221,Health & Family Welfare,,,,2025-07-24T12:00:00,TRUE,
WB052,WB/2025/100052,KANDRATIKURI WOOD CRAFT WELFARE SOCIETY 52,Society,S/46709,NADIA,West Bengal,NORTH 24 PARGANAS,"Sample Address 52, West Bengal",741354,Art & Culture,,,,2025-07-06T12:00:00,FALSE,
WB053,WB/2025/100053,OLDCHILD FOUNDATION 53,Section 8 Company,S/76714,NADIA,West Bengal,MALDA,"Sample Address 53, West Bengal",723958,Rural Development,,,,2025-03-23T12:00:00,FALSE,
WB054,WB/2025/100054,OLDCHILD FOUNDATION 54,Trust,S/90041,HOOGHLY,West Bengal,HOWRAH,"Sample Address 54, West Bengal",726220,Women Development,,,,2025-04-17T12:00:00,FALSE,
WB055,WB/2025/100055,16 MILE EDUCATIONAL WELFARE SOCIETY & LIBRARY 55,Section 8 Company,S/61962,SOUTH 24 PARGANAS,West Bengal,SOUTH 24 PARGANAS,"Sample Address 55, West Bengal",739681,Women Development,,,,2025-08-13T12:00:00,TRUE,
WB056,WB/2025/100056,16 MILE EDUCATIONAL WELFARE SOCIETY & LIBRARY 56,Society,S/41004,PURBA BARDHAMAN,West Bengal,MALDA,"Sample Address 56, West Bengal",722014,Health & Family Welfare,,,,2025-01-25T12:00:00,FALSE,
WB057,WB/2025/100057,16 MILE EDUCATIONAL WELFARE SOCIETY & LIBRARY 57,Section 8 Company,S/91739,NADIA,West Bengal,MURSHIDABAD,"Sample Address 57, West Bengal",734739,Human Rights,,,,2025-06-27T12:00:00,TRUE,
WB058,WB/2025/100058,Help Us Help Them 58,Section 8 Company,S/42669,NORTH 24 PARGANAS,West Bengal,NORTH 24 PARGANAS,"Sample Address 58, West Bengal",719906,Sports,,,,2025-06-13T12:00:00,TRUE,
WB059,WB/2025/100059,365 Care Charitable Trust 59,Section 8 Company,S/58280,HOWRAH,West Bengal,SOUTH 24 PARGANAS,"Sample Address 59, West Bengal",724059,Women Development,,,,2025-04-02T12:00:00,TRUE,
WB060,WB/2025/100060,KANDRATIKURI WOOD CRAFT WELFARE SOCIETY 60,Trust,S/11179,HOOGHLY,West Bengal,MURSHIDABAD,"Sample Address 60, West Bengal",728753,Art & Culture,,,,2025-06-16T12:00:00,TRUE,
WB061,WB/2025/100061,2ND LIFE FOUNDATION 61,Society,S/33959,PURBA BARDHAMAN,West Bengal,HOWRAH,"Sample Address 61, West Bengal",737403,Rural Development,,,,2025-05-27T12:00:00,FALSE,
WB062,WB/2025/100062,14 MILE AMRA SEBAK SANGHA 62,Trust,S/5152,SOUTH 24 PARGANAS,West Bengal,MURSHIDABAD,"Sample Address 62, West Bengal",722566,Art & Culture,,,,2025-03-17T12:00:00,TRUE,
WB063,WB/2025/100063,2ND LIFE FOUNDATION 63,Section 8 Company,S/87236,MALDA,West Bengal,NADIA,"Sample Address 63, West Bengal",725141,Sports,,,,2025-02-08T12:00:00,FALSE,
WB064,WB/2025/100064,2ND LIFE FOUNDATION 64,Section 8 Company,S/72313,KOLKATA,West Bengal,HOWRAH,"Sample Address 64, West Bengal",708821,Skill Development,,,,2025-01-13T12:00:00,TRUE,
WB065,WB/2025/100065,ZINIYA MICRO SERVICE FOUNDATION 65,Society,S/49700,HOWRAH,West Bengal,MURSHIDABAD,"Sample Address 65, West Bengal",728521,Education & Literacy,,,,2025-04-21T12:00:00,TRUE,
WB066,WB/2025/100066,KANDRATIKURI WOOD CRAFT WELFARE SOCIETY 66,Section 8 Company,S/17864,PURBA BARDHAMAN,West Bengal,HOOGHLY,"Sample Address 66, West Bengal",733082,Education & Literacy,,,,2025-12-12T12:00:00,TRUE,
WB067,WB/2025/100067,BARRACKPORE DIOCESAN BOARD OF SOCIAL SERVICES 67,Society,S/98754,PURBA BARDHAMAN,West Bengal,KOLKATA,"Sample Address 67, West Bengal",741426,Women Development,,,,2025-07-07T12:00:00,TRUE,
WB068,WB/2025/100068,Help Us Help Them 68,Section 8 Company,S/71558,NORTH 24 PARGANAS,West Bengal,MURSHIDABAD,"Sample Address 68, West Bengal",714350,Women Development,,,,2025-05-15T12:00:00,FALSE,
WB069,WB/2025/100069,ZINIYA MICRO SERVICE FOUNDATION 69,Trust,S/52797,NORTH 24 PARGANAS,West Bengal,NADIA,"Sample Address 69, West Bengal",732602,Art & Culture,,,,2025-08-01T12:00:00,TRUE,
WB070,WB/2025/100070,ST PETERS VOCATIONAL TRAINING CENTRE 70,Section 8 Company,S/54812,HOOGHLY,West Bengal,KOLKATA,"Sample Address 70, West Bengal",733892,Education & Literacy,,,,2025-04-10T12:00:00,TRUE,
WB071,WB/2025/100071,ZINIYA MICRO SERVICE FOUNDATION 71,Trust,S/53597,NADIA,West Bengal,PURBA BARDHAMAN,"Sample Address 71, West Bengal",705307,Education & Literacy,,,,2025-04-04T12:00:00,TRUE,
WB072,WB/2025/100072,ZINIYA MICRO SERVICE FOUNDATION 72,Section 8 Company,S/60770,MURSHIDABAD,West Bengal,HOOGHLY,"Sample Address 72, West Bengal",732995,Art & Culture,,,,2025-10-20T12:00:00,FALSE,
WB073,WB/2025/100073,KANDRATIKURI WOOD CRAFT WELFARE SOCIETY 73,Trust,S/77990,PURBA BARDHAMAN,West Bengal,MURSHIDABAD,"Sample Address 73, West Bengal",704089,Education & Literacy,,,,2025-11-04T12:00:00,FALSE,
WB074,WB/2025/100074,BARRACKPORE DIOCESAN BOARD OF SOCIAL SERVICES 74,Section 8 Company,S/98069,NADIA,West Bengal,SOUTH 24 PARGANAS,"Sample Address 74, West Bengal",716662,Human Rights,,,,2025-06-19T12:00:00,FALSE,
WB075,WB/2025/100075,2ND LIFE FOUNDATION 75,Society,S/81451,KOLKATA,West Bengal,MALDA,"Sample Address 75, West Bengal",711155,Health & Family Welfare,,,,2025-07-03T12:00:00,FALSE,
WB076,WB/2025/100076,16 MILE EDUCATIONAL WELFARE SOCIETY & LIBRARY 76,Section 8 Company,S/3377,NORTH 24 PARGANAS,West Bengal,NADIA,"Sample Address 76, West Bengal",710356,Rural Development,,,,2025-12-19T12:00:00,FALSE,
WB077,WB/2025/100077,Help Us Help Them 77,Section 8 Company,S/97820,KOLKATA,West Bengal,HOOGHLY,"Sample Address 77, West Bengal",726489,Education & Literacy,,,,2025-04-02T12:00:00,TRUE,
WB078,WB/2025/100078,OLDCHILD FOUNDATION 78,Section 8 Company,S/88169,MALDA,West Bengal,HOWRAH,"Sample Address 78, West Bengal",705524,Art & Culture,,,,2025-03-26T12:00:00,FALSE,
WB079,WB/2025/100079,ST PETERS VOCATIONAL TRAINING CENTRE 79,Section 8 Company,S/96909,MURSHIDABAD,West Bengal,HOWRAH,"Sample Address 79, West Bengal",734003,Human Rights,,,,2025-11-21T12:00:00,FALSE,
WB080,WB/2025/100080,ZINIYA MICRO SERVICE FOUNDATION 80,Section 8 Company,S/3428,SOUTH 24 PARGANAS,West Bengal,NADIA,"Sample Address 80, West Bengal",717520,Nutrition,,,,2025-08-21T12:00:00,FALSE,
WB081,WB/2025/100081,14 MILE AMRA SEBAK SANGHA 81,Society,S/63833,PURBA BARDHAMAN,West Bengal,HOOGHLY,"Sample Address 81, West Bengal",721702,Education & Literacy,,,,2025-11-16T12:00:00,FALSE,
WB082,WB/2025/100082,2ND LIFE FOUNDATION 82,Trust,S/31325,NORTH 24 PARGANAS,West Bengal,MALDA,"Sample Address 82, West Bengal",708735,Health & Family Welfare,,,,2025-04-19T12:00:00,FALSE,
WB083,WB/2025/100083,OLDCHILD FOUNDATION 83,Society,S/63415,PURBA BARDHAMAN,West Bengal,MURSHIDABAD,"Sample Address 83, West Bengal",737968,Art & Culture,,,,2025-06-05T12:00:00,FALSE,
WB084,WB/2025/100084,16 MILE EDUCATIONAL WELFARE SOCIETY & LIBRARY 84,Section 8 Company,S/12450,HOOGHLY,West Bengal,SOUTH 24 PARGANAS,"Sample Address 84, West Bengal",732076,Health & Family Welfare,,,,2025-02-14T12:00:00,FALSE,
WB085,WB/2025/100085,Help Us Help Them 85,Trust,S/82373,PURBA BARDHAMAN,West Bengal,KOLKATA,"Sample Address 85, West Bengal",702371,Skill Development,,,,2025-04-16T12:00:00,TRUE,
WB086,WB/2025/100086,ZINIYA MICRO SERVICE FOUNDATION 86,Section 8 Company,S/76394,SOUTH 24 PARGANAS,West Bengal,SOUTH 24 PARGANAS,"Sample Address 86, West Bengal",720750,Human Rights,,,,2025-09-10T12:00:00,FALSE,
WB087,WB/2025/100087,Help Us Help Them 87,Trust,S/3801,SOUTH 24 PARGANAS,West Bengal,MALDA,"Sample Address 87, West Bengal",730116,Health & Family Welfare,,,,2025-01-21T12:00:00,TRUE,
WB088,WB/2025/100088,ST PETERS VOCATIONAL TRAINING CENTRE 88,Trust,S/59533,MURSHIDABAD,West Bengal,NADIA,"Sample Address 88, West Bengal",731186,Human Rights,,,,2025-07-14T12:00:00,TRUE,
WB089,WB/2025/100089,KANDRATIKURI WOOD CRAFT WELFARE SOCIETY 89,Society,S/26151,NADIA,West Bengal,HOWRAH,"Sample Address 89, West Bengal",725935,Nutrition,,,,2025-02-06T12:00:00,TRUE,
WB090,WB/2025/100090,14 MILE AMRA SEBAK SANGHA 90,Trust,S/96535,KOLKATA,West Bengal,PURBA BARDHAMAN,"Sample Address 90, West Bengal",720504,Education & Literacy,,,,2025-11-07T12:00:00,TRUE,
WB091,WB/2025/100091,Help Us Help Them 91,Section 8 Company,S/77155,HOWRAH,West Bengal,SOUTH 24 PARGANAS,"Sample Address 91, West Bengal",723136,Health & Family Welfare,,,,2025-07-09T12:00:00,FALSE,
WB092,WB/2025/100092,ZINIYA MICRO SERVICE FOUNDATION 92,Trust,S/44060,PURBA BARDHAMAN,West Bengal,MALDA,"Sample Address 92, West Bengal",739199,Skill Development,,,,2025-12-12T12:00:00,TRUE,
WB093,WB/2025/100093,365 Care Charitable Trust 93,Section 8 Company,S/12258,HOWRAH,West Bengal,HOWRAH,"Sample Address 93, West Bengal",718992,Skill Development,,,,2025-01-15T12:00:00,TRUE,
WB094,WB/2025/100094,365 Care Charitable Trust 94,Society,S/98826,PURBA BARDHAMAN,West Bengal,NORTH 24 PARGANAS,"Sample Address 94, West Bengal",732389,Education & Literacy,,,,2025-03-06T12:00:00,FALSE,
WB095,WB/2025/100095,BARRACKPORE DIOCESAN BOARD OF SOCIAL SERVICES 95,Society,S/57919,PURBA BARDHAMAN,West Bengal,MURSHIDABAD,"Sample Address 95, West Bengal",712841,Human Rights,,,,2025-04-21T12:00:00,FALSE,
WB096,WB/2025/100096,14 MILE AMRA SEBAK SANGHA 96,Trust,S/64398,NORTH 24 PARGANAS,West Bengal,NADIA,"Sample Address 96, West Bengal",718685,Health & Family Welfare,,,,2025-01-12T12:00:00,TRUE,
WB097,WB/2025/100097,Help Us Help Them 97,Trust,S/64632,NADIA,West Bengal,MALDA,"Sample Address 97, West Bengal",739705,Rural Development,,,,2025-04-13T12:00:00,FALSE,
WB098,WB/2025/100098,Help Us Help Them 98,Society,S/73027,PURBA BARDHAMAN,West Bengal,HOOGHLY,"Sample Address 98, West Bengal",704236,Rural Development,,,,2025-01-05T12:00:00,FALSE,
WB099,WB/2025/100099,BARRACKPORE DIOCESAN BOARD OF SOCIAL SERVICES 99,Section 8 Company,S/24973,PURBA BARDHAMAN,West Bengal,MURSHIDABAD,"Sample Address 99, West Bengal",707007,Education & Literacy,,,,2025-09-26T12:00:00,TRUE,
WB100,WB/2025/100100,BARRACKPORE DIOCESAN BOARD OF SOCIAL SERVICES 100,Society,S/19177,HOOGHLY,West Bengal,MURSHIDABAD,"Sample Address 100, West Bengal",736218,Sports,,,,2025-03-18T12:00:00,FALSE,
